N,P,X,Cmap,Parents,Children
1,0.0,1,1992,16,16
1,0.0,2,1992,16,16
1,0.0,3,1992,16,16
1,0.0,4,1992,16,16
1,0.0,5,1992,16,16
2,0.0,1,2080,496,520
2,0.0,2,2056,280,304
2,0.0,3,4416,5472,5496
2,0.0,4,2184,624,648
2,0.0,5,3976,2152,2176
3,0.0,1,2488,2072,2120
3,0.0,2,2624,1792,1840
3,0.0,3,2616,2912,2960
3,0.0,4,2144,856,904
3,0.0,5,2144,2520,2568
4,0.0,1,2624,3504,3576
4,0.0,2,2728,1832,1904
4,0.0,3,5416,4176,4264
4,0.0,4,2352,1440,1512
4,0.0,5,2728,2128,2200
5,0.0,1,2456,3216,3328
5,0.0,2,2248,3448,3544
5,0.0,3,2416,4464,4560
5,0.0,4,2480,2736,2832
5,0.0,5,4424,3512,3608
6,0.0,1,5128,5888,6024
6,0.0,2,3592,3080,3200
6,0.0,3,2312,1272,1392
6,0.0,4,3120,2544,2664
6,0.0,5,5200,5624,5744
7,0.0,1,3072,3976,4136
7,0.0,2,4400,5736,5880
7,0.0,3,4504,7248,7408
7,0.0,4,2640,4456,4600
7,0.0,5,4056,4976,5136
8,0.0,1,3040,4672,4856
8,0.0,2,2792,5616,5800
8,0.0,3,3904,6104,6288
8,0.0,4,3704,3368,3536
8,0.0,5,3912,6976,7160
9,0.0,1,4240,6184,6392
9,0.0,2,4632,6792,6984
9,0.0,3,5592,7136,7344
9,0.0,4,3840,6272,6464
9,0.0,5,4728,6320,6512
10,0.0,1,7320,8096,8328
10,0.0,2,4336,7880,8112
10,0.0,3,7968,9440,9656
10,0.0,4,2936,5280,5496
10,0.0,5,3288,4848,5064
11,0.0,1,5752,8152,8376
11,0.0,2,8056,10144,10400
11,0.0,3,5792,6656,6912
11,0.0,4,4880,7080,7336
11,0.0,5,4416,5648,5888
12,0.0,1,6344,8296,8576
12,0.0,2,4472,6096,6360
12,0.0,3,3824,8976,9240
12,0.0,4,4024,6808,7072
12,0.0,5,6736,14440,14720
13,0.0,1,5264,8496,8784
13,0.0,2,4600,11280,11584
13,0.0,3,4400,9808,10112
13,0.0,4,5784,8704,9008
13,0.0,5,4624,8104,8408
14,0.0,1,6936,11368,11680
14,0.0,2,5280,7080,7408
14,0.0,3,8360,11240,11568
14,0.0,4,7840,13160,13488
14,0.0,5,6000,7536,7864
15,0.0,1,6320,9152,9488
15,0.0,2,8488,10072,10424
15,0.0,3,6216,7384,7736
15,0.0,4,6872,9296,9616
15,0.0,5,4600,14360,14712
16,0.0,1,6000,8832,9208
16,0.0,2,8352,14632,15008
16,0.0,3,5744,9568,9944
16,0.0,4,9264,11464,11840
16,0.0,5,6312,10064,10440
17,0.0,1,9088,16664,17064
17,0.0,2,5808,12000,12400
17,0.0,3,7040,12336,12736
17,0.0,4,5424,8168,8552
17,0.0,5,6392,11008,11408
18,0.0,1,8296,13448,13872
18,0.0,2,7416,10520,10944
18,0.0,3,9984,13856,14280
18,0.0,4,6888,11184,11608
18,0.0,5,9536,12688,13112
19,0.0,1,8128,10248,10696
19,0.0,2,5464,11584,12032
19,0.0,3,10040,13224,13672
19,0.0,4,11424,15016,15464
19,0.0,5,3872,9552,10000
20,0.0,1,7904,14192,14664
20,0.0,2,5200,12384,12856
20,0.0,3,11624,15832,16304
20,0.0,4,8768,12936,13408
20,0.0,5,7800,16320,16792
21,0.0,1,8568,13040,13536
21,0.0,2,6584,16416,16912
21,0.0,3,9200,13744,14240
21,0.0,4,9400,13912,14408
21,0.0,5,8488,18624,19120
22,0.0,1,6328,18808,19328
22,0.0,2,9440,14824,15344
22,0.0,3,11696,17664,18184
22,0.0,4,11200,15376,15896
22,0.0,5,9048,17952,18472
23,0.0,1,9152,14416,14960
23,0.0,2,6408,13584,14128
23,0.0,3,9848,16080,16624
23,0.0,4,7496,15024,15568
23,0.0,5,7056,16472,17016
24,0.0,1,10104,15904,16472
24,0.0,2,9048,17712,18280
24,0.0,3,13224,21864,22432
24,0.0,4,11584,15256,15824
24,0.0,5,13456,18760,19328
25,0.0,1,9848,21072,21664
25,0.0,2,12712,21224,21816
25,0.0,3,15032,25592,26184
25,0.0,4,9768,18944,19536
25,0.0,5,12104,18264,18856
26,0.0,1,6696,14120,14720
26,0.0,2,8792,20424,21040
26,0.0,3,8368,16560,17176
26,0.0,4,8288,21744,22360
26,0.0,5,8536,13848,14448
27,0.0,1,12200,19184,19824
27,0.0,2,8296,16112,16752
27,0.0,3,11936,21400,22040
27,0.0,4,14168,21016,21656
27,0.0,5,9152,21056,21696
28,0.0,1,14400,22384,23048
28,0.0,2,12760,19896,20560
28,0.0,3,7896,16768,17432
28,0.0,4,9048,18128,18792
28,0.0,5,10936,17328,17976
29,0.0,1,9808,22336,23024
29,0.0,2,14352,19664,20352
29,0.0,3,10408,15416,16104
29,0.0,4,13176,24648,25336
29,0.0,5,13760,16736,17424
30,0.0,1,8552,16616,17328
30,0.0,2,14296,25736,26448
30,0.0,3,8928,19968,20680
30,0.0,4,14552,23152,23864
30,0.0,5,10792,18808,19520
31,0.0,1,11288,18480,19216
31,0.0,2,10256,20224,20960
31,0.0,3,20024,30448,31184
31,0.0,4,9016,17080,17816
31,0.0,5,10960,20872,21608
32,0.0,1,10024,24848,25608
32,0.0,2,11768,17016,17776
32,0.0,3,12360,25312,26072
32,0.0,4,14904,21480,22240
32,0.0,5,13160,17584,18344
33,0.0,1,14512,24904,25688
33,0.0,2,11488,26112,26896
33,0.0,3,18792,30264,31048
33,0.0,4,10432,20152,20936
33,0.0,5,22920,32248,33032
34,0.0,1,10200,20744,21552
34,0.0,2,15080,25296,26104
34,0.0,3,15344,24128,24936
34,0.0,4,12864,26832,27640
34,0.0,5,10968,22376,23184
35,0.0,1,20224,28600,29432
35,0.0,2,9608,26464,27296
35,0.0,3,14168,27280,28112
35,0.0,4,11936,21144,21976
35,0.0,5,8600,24784,25616
36,0.0,1,11920,25920,26776
36,0.0,2,14504,22680,23536
36,0.0,3,15200,30560,31416
36,0.0,4,12200,23856,24712
36,0.0,5,16680,26080,26936
37,0.0,1,16744,27680,28560
37,0.0,2,9112,27176,28056
37,0.0,3,6336,19232,20112
37,0.0,4,15112,22832,23712
37,0.0,5,13416,20152,21032
38,0.0,1,14088,30088,30992
38,0.0,2,17272,28392,29296
38,0.0,3,16120,26264,27168
38,0.0,4,16904,29072,29976
38,0.0,5,15032,23240,24144
39,0.0,1,18480,28848,29776
39,0.0,2,17848,29048,29976
39,0.0,3,14104,21400,22328
39,0.0,4,12896,26256,27184
39,0.0,5,16128,27296,28224
40,0.0,1,19216,32224,33176
40,0.0,2,12632,25568,26520
40,0.0,3,14168,28880,29832
40,0.0,4,17648,30336,31288
40,0.0,5,13328,25248,26200
41,0.0,1,17472,30072,31048
41,0.0,2,19376,29104,30080
41,0.0,3,19240,28680,29656
41,0.0,4,14624,26072,27048
41,0.0,5,15736,26488,27464
42,0.0,1,15704,28944,29944
42,0.0,2,16744,28616,29616
42,0.0,3,16072,24552,25552
42,0.0,4,13096,23312,24312
42,0.0,5,15864,30528,31528
43,0.0,1,16792,27160,28184
43,0.0,2,11008,25984,27008
43,0.0,3,16440,36000,37024
43,0.0,4,21648,35960,36984
43,0.0,5,13032,23320,24344
44,0.0,1,17944,32328,33376
44,0.0,2,20128,31136,32184
44,0.0,3,10872,25832,26880
44,0.0,4,15808,33360,34408
44,0.0,5,19008,33432,34480
45,0.0,1,22464,33072,34144
45,0.0,2,16112,29160,30232
45,0.0,3,16648,25480,26552
45,0.0,4,16576,35480,36552
45,0.0,5,18160,30224,31296
46,0.0,1,8720,28768,29864
46,0.0,2,22624,33248,34344
46,0.0,3,20376,35784,36880
46,0.0,4,15168,29632,30728
46,0.0,5,14816,27024,28120
47,0.0,1,14720,31984,33104
47,0.0,2,14072,32000,33120
47,0.0,3,24192,35616,36736
47,0.0,4,20576,36704,37824
47,0.0,5,19552,32560,33680
48,0.0,1,19360,34224,35368
48,0.0,2,20472,39528,40672
48,0.0,3,19176,37512,38656
48,0.0,4,19008,32552,33696
48,0.0,5,20160,32728,33872
49,0.0,1,16256,30592,31760
49,0.0,2,15736,29808,30976
49,0.0,3,14704,29240,30408
49,0.0,4,19880,37688,38856
49,0.0,5,14608,42192,43360
50,0.0,1,25336,43880,45072
50,0.0,2,23064,37352,38544
50,0.0,3,19208,35880,37072
50,0.0,4,13376,24856,26032
50,0.0,5,21240,30792,31984
51,0.0,1,27768,47712,48928
51,0.0,2,22512,36456,37672
51,0.0,3,13408,31848,33064
51,0.0,4,23160,34824,36040
51,0.0,5,19976,32768,33984
52,0.0,1,16848,35592,36832
52,0.0,2,20608,35832,37072
52,0.0,3,19344,36376,37616
52,0.0,4,26400,41216,42456
52,0.0,5,28352,40448,41688
53,0.0,1,23688,33944,35208
53,0.0,2,16176,36672,37936
53,0.0,3,12592,34064,35328
53,0.0,4,20648,35080,36344
53,0.0,5,19192,35000,36264
54,0.0,1,25832,38192,39480
54,0.0,2,18776,30008,31296
54,0.0,3,20104,39832,41120
54,0.0,4,20520,36192,37480
54,0.0,5,24048,40888,42176
55,0.0,1,19320,32592,33904
55,0.0,2,22040,39712,41024
55,0.0,3,22160,40288,41600
55,0.0,4,19808,45032,46344
55,0.0,5,22240,36160,37472
56,0.0,1,23600,44736,46072
56,0.0,2,23064,42512,43848
56,0.0,3,24344,39224,40560
56,0.0,4,19944,33216,34552
56,0.0,5,28192,40480,41816
57,0.0,1,22328,43032,44392
57,0.0,2,24688,43152,44512
57,0.0,3,24360,37864,39224
57,0.0,4,21360,35920,37280
57,0.0,5,23432,45344,46704
58,0.0,1,17880,34832,36216
58,0.0,2,25968,40416,41800
58,0.0,3,21920,38408,39792
58,0.0,4,23680,42728,44112
58,0.0,5,16960,34088,35472
59,0.0,1,20800,34768,36176
59,0.0,2,24568,41208,42616
59,0.0,3,22088,37536,38944
59,0.0,4,17160,37392,38800
59,0.0,5,17952,36960,38368
60,0.0,1,25296,40336,41768
60,0.0,2,23128,44592,46024
60,0.0,3,22048,35280,36712
60,0.0,4,26504,44488,45920
60,0.0,5,16040,41320,42752
61,0.0,1,24736,39232,40688
61,0.0,2,31032,46408,47864
61,0.0,3,24536,46008,47464
61,0.0,4,25456,46504,47960
61,0.0,5,19912,42064,43520
62,0.0,1,20840,44144,45624
62,0.0,2,19504,45912,47392
62,0.0,3,20344,39880,41360
62,0.0,4,23056,41944,43424
62,0.0,5,25152,47112,48592
63,0.0,1,31496,48432,49936
63,0.0,2,33208,54872,56376
63,0.0,3,31744,55176,56680
63,0.0,4,20784,40008,41512
63,0.0,5,25232,44888,46392
64,0.0,1,22216,42008,43536
64,0.0,2,18904,41024,42552
64,0.0,3,21280,46312,47840
64,0.0,4,25520,50072,51600
64,0.0,5,28592,46720,48248
65,0.0,1,34608,53808,55360
65,0.0,2,28072,50720,52272
65,0.0,3,18184,44880,46432
65,0.0,4,21600,41712,43264
65,0.0,5,25672,45232,46784
66,0.0,1,22464,43920,45496
66,0.0,2,26560,43136,44712
66,0.0,3,27824,44912,46488
66,0.0,4,28792,49824,51400
66,0.0,5,32288,56616,58192
67,0.0,1,26296,39984,41584
67,0.0,2,33352,53848,55448
67,0.0,3,29856,54296,55896
67,0.0,4,24784,39712,41312
67,0.0,5,32272,52232,53832
68,0.0,1,24376,43400,45024
68,0.0,2,28600,45304,46928
68,0.0,3,28096,48856,50480
68,0.0,4,28632,49656,51280
68,0.0,5,24176,50576,52200
69,0.0,1,26664,47496,49144
69,0.0,2,20288,44584,46232
69,0.0,3,33616,52480,54128
69,0.0,4,34464,50752,52400
69,0.0,5,23224,47848,49496
70,0.0,1,24264,49232,50904
70,0.0,2,23872,49072,50744
70,0.0,3,25192,52136,53808
70,0.0,4,30808,47352,49024
70,0.0,5,26832,48464,50136
71,0.0,1,33032,57832,59528
71,0.0,2,19120,44064,45760
71,0.0,3,31432,53312,55008
71,0.0,4,31032,49808,51504
71,0.0,5,28856,50968,52664
72,0.0,1,25128,46424,48144
72,0.0,2,27728,49568,51288
72,0.0,3,25832,45648,47368
72,0.0,4,30840,45032,46752
72,0.0,5,24096,45552,47272
73,0.0,1,26208,50016,51760
73,0.0,2,27608,57992,59736
73,0.0,3,24352,52048,53792
73,0.0,4,29568,47760,49504
73,0.0,5,35784,60760,62504
74,0.0,1,25072,56008,57776
74,0.0,2,25968,45488,47256
74,0.0,3,35064,47808,49576
74,0.0,4,39344,59032,60800
74,0.0,5,25608,51800,53568
75,0.0,1,32032,55600,57392
75,0.0,2,26912,55904,57696
75,0.0,3,25664,48344,50136
75,0.0,4,42000,63456,65248
75,0.0,5,32968,65120,66912
76,0.0,1,27072,42160,43976
76,0.0,2,23168,47264,49080
76,0.0,3,31864,53392,55208
76,0.0,4,31280,52576,54392
76,0.0,5,29408,47808,49624
77,0.0,1,24760,46584,48424
77,0.0,2,34368,53840,55680
77,0.0,3,30096,52600,54440
77,0.0,4,34824,64288,66128
77,0.0,5,27032,51216,53056
78,0.0,1,28840,53752,55616
78,0.0,2,39552,57848,59712
78,0.0,3,29928,55128,56992
78,0.0,4,28552,53704,55568
78,0.0,5,34544,59256,61120
79,0.0,1,32088,53776,55664
79,0.0,2,29568,55280,57168
79,0.0,3,30616,58616,60504
79,0.0,4,26488,44320,46208
79,0.0,5,33712,51848,53736
80,0.0,1,34576,57952,59864
80,0.0,2,32872,52752,54664
80,0.0,3,28256,51184,53096
80,0.0,4,41032,63456,65368
80,0.0,5,30728,51264,53176
81,0.0,1,35624,59488,61424
81,0.0,2,40408,58232,60168
81,0.0,3,33472,54224,56160
81,0.0,4,28824,59544,61480
81,0.0,5,29688,56000,57936
82,0.0,1,34568,59200,61160
82,0.0,2,34256,55176,57136
82,0.0,3,27472,54208,56168
82,0.0,4,29256,58520,60480
82,0.0,5,30512,54480,56440
83,0.0,1,28096,54592,56576
83,0.0,2,40816,59312,61296
83,0.0,3,38752,66120,68104
83,0.0,4,34256,58072,60056
83,0.0,5,27808,52512,54496
84,0.0,1,34232,55312,57320
84,0.0,2,33224,50480,52488
84,0.0,3,38720,61136,63144
84,0.0,4,28632,58232,60240
84,0.0,5,36744,60936,62944
85,0.0,1,41088,63080,65112
85,0.0,2,35856,55840,57872
85,0.0,3,39920,64968,67000
85,0.0,4,41840,62880,64912
85,0.0,5,27488,52112,54144
86,0.0,1,40592,61568,63624
86,0.0,2,35576,57224,59280
86,0.0,3,39432,51824,53880
86,0.0,4,40856,62680,64736
86,0.0,5,32936,62560,64616
87,0.0,1,32688,59560,61640
87,0.0,2,38360,59856,61936
87,0.0,3,30328,57608,59688
87,0.0,4,38448,71888,73968
87,0.0,5,32680,56472,58552
88,0.0,1,40296,67280,69384
88,0.0,2,29000,55488,57592
88,0.0,3,47392,72296,74400
88,0.0,4,31176,55504,57608
88,0.0,5,26488,56600,58704
89,0.0,1,32088,50552,52680
89,0.0,2,33096,61864,63992
89,0.0,3,39136,60368,62496
89,0.0,4,44424,64768,66896
89,0.0,5,33200,57696,59824
90,0.0,1,42672,65312,67464
90,0.0,2,36464,62464,64616
90,0.0,3,29616,62040,64192
90,0.0,4,34392,59344,61496
90,0.0,5,32368,59664,61816
91,0.0,1,43896,69328,71504
91,0.0,2,38432,66600,68776
91,0.0,3,35640,64576,66752
91,0.0,4,37912,60408,62584
91,0.0,5,43304,71776,73952
92,0.0,1,33288,57216,59416
92,0.0,2,35272,56168,58368
92,0.0,3,31944,63288,65488
92,0.0,4,39328,59016,61216
92,0.0,5,37576,62624,64824
93,0.0,1,37392,63328,65552
93,0.0,2,45208,68208,70432
93,0.0,3,36600,64336,66560
93,0.0,4,42304,60600,62824
93,0.0,5,34048,62968,65192
94,0.0,1,38360,64616,66864
94,0.0,2,35208,63640,65888
94,0.0,3,41696,70160,72408
94,0.0,4,46312,69368,71616
94,0.0,5,35984,59224,61472
95,0.0,1,34376,63440,65712
95,0.0,2,38136,58640,60912
95,0.0,3,36112,64232,66504
95,0.0,4,43968,74760,77032
95,0.0,5,35632,64768,67040
96,0.0,1,39696,73272,75568
96,0.0,2,40760,78992,81288
96,0.0,3,37384,65440,67736
96,0.0,4,40920,62088,64384
96,0.0,5,41224,62480,64776
97,0.0,1,37496,72560,74880
97,0.0,2,36808,60816,63136
97,0.0,3,41192,64168,66488
97,0.0,4,64480,80400,82720
97,0.0,5,37432,54848,57168
98,0.0,1,36872,64744,67088
98,0.0,2,39944,70400,72744
98,0.0,3,30472,63960,66304
98,0.0,4,42344,62928,65272
98,0.0,5,34888,63792,66136
99,0.0,1,43928,78496,80864
99,0.0,2,40848,61752,64120
99,0.0,3,28160,58304,60672
99,0.0,4,43136,78992,81360
99,0.0,5,45232,75208,77576
100,0.0,1,39360,63680,66072
100,0.0,2,29704,61552,63944
100,0.0,3,41224,71496,73888
100,0.0,4,42752,76512,78904
100,0.0,5,37376,70752,73144
1,0.1,1,1992,16,16
1,0.1,2,1992,16,16
1,0.1,3,1992,16,16
1,0.1,4,1992,16,16
1,0.1,5,1992,16,16
2,0.1,1,2224,664,688
2,0.1,2,2080,496,520
2,0.1,3,2056,280,304
2,0.1,4,2056,1952,1992
2,0.1,5,3672,2312,2320
3,0.1,1,2640,1360,1408
3,0.1,2,2120,568,616
3,0.1,3,2360,1960,1992
3,0.1,4,2488,1184,1232
3,0.1,5,2328,2392,2424
4,0.1,1,3400,4216,4304
4,0.1,2,2776,2968,3040
4,0.1,3,2184,4216,4288
4,0.1,4,2760,3824,3912
4,0.1,5,2648,2840,2912
5,0.1,1,2624,2448,2544
5,0.1,2,2456,3200,3312
5,0.1,3,4208,4304,4384
5,0.1,4,3360,4960,5072
5,0.1,5,2624,2344,2456
6,0.1,1,3256,5400,5520
6,0.1,2,3976,7920,8040
6,0.1,3,4184,4416,4536
6,0.1,4,2664,3256,3376
6,0.1,5,2552,4784,4888
7,0.1,1,3344,4208,4352
7,0.1,2,7896,7264,7392
7,0.1,3,3376,6176,6320
7,0.1,4,4384,5936,6080
7,0.1,5,4000,5448,5592
8,0.1,1,2488,4840,5008
8,0.1,2,2816,3888,4072
8,0.1,3,5008,5472,5624
8,0.1,4,5576,5984,6168
8,0.1,5,4920,7240,7408
9,0.1,1,6408,6128,6320
9,0.1,2,3768,3960,4152
9,0.1,3,6736,6992,7200
9,0.1,4,6072,6808,7016
9,0.1,5,6016,10648,10856
10,0.1,1,4688,5216,5448
10,0.1,2,5160,8776,9008
10,0.1,3,5952,6968,7200
10,0.1,4,5008,9592,9824
10,0.1,5,8840,9728,9960
11,0.1,1,5128,11048,11304
11,0.1,2,8168,10360,10600
11,0.1,3,5944,8672,8912
11,0.1,4,4688,7712,7952
11,0.1,5,2824,7192,7432
12,0.1,1,5400,6528,6808
12,0.1,2,9848,9280,9544
12,0.1,3,5248,7408,7656
12,0.1,4,7456,12256,12520
12,0.1,5,5648,8232,8512
13,0.1,1,4704,8976,9264
13,0.1,2,6040,8952,9240
13,0.1,3,6576,9976,10264
13,0.1,4,4192,5920,6192
13,0.1,5,7920,9496,9800
14,0.1,1,9160,12584,12912
14,0.1,2,4544,6792,7120
14,0.1,3,4392,8192,8504
14,0.1,4,4632,8360,8688
14,0.1,5,7672,9880,10192
15,0.1,1,5224,10328,10648
15,0.1,2,7416,8448,8784
15,0.1,3,5632,9032,9368
15,0.1,4,4504,7000,7336
15,0.1,5,6968,10424,10776
16,0.1,1,5888,8624,9000
16,0.1,2,5376,8112,8488
16,0.1,3,9520,12696,13072
16,0.1,4,4864,10632,11008
16,0.1,5,6152,10552,10928
17,0.1,1,3688,10128,10528
17,0.1,2,9088,12408,12808
17,0.1,3,8880,13928,14328
17,0.1,4,5680,10480,10880
17,0.1,5,8376,14032,14432
18,0.1,1,8080,14920,15344
18,0.1,2,9072,14168,14592
18,0.1,3,5632,11152,11560
18,0.1,4,5480,14168,14592
18,0.1,5,11296,16208,16632
19,0.1,1,9168,19296,19744
19,0.1,2,7184,17864,18312
19,0.1,3,12784,15880,16328
19,0.1,4,11272,15312,15760
19,0.1,5,7016,13328,13776
20,0.1,1,9184,13232,13704
20,0.1,2,8384,17168,17640
20,0.1,3,6328,13528,14000
20,0.1,4,9824,15640,16112
20,0.1,5,12384,15464,15936
21,0.1,1,8728,13592,14072
21,0.1,2,9520,12448,12944
21,0.1,3,7888,15000,15496
21,0.1,4,10856,16200,16696
21,0.1,5,8336,15096,15592
22,0.1,1,6664,11272,11792
22,0.1,2,12080,18432,18952
22,0.1,3,10920,15104,15624
22,0.1,4,9176,18352,18872
22,0.1,5,10192,15920,16440
23,0.1,1,6512,12024,12568
23,0.1,2,8208,14832,15376
23,0.1,3,11128,15512,16056
23,0.1,4,10208,12624,13168
23,0.1,5,10568,21248,21792
24,0.1,1,8464,18680,19248
24,0.1,2,7728,15368,15936
24,0.1,3,13360,19744,20312
24,0.1,4,7456,11736,12288
24,0.1,5,5896,14536,15104
25,0.1,1,7184,15960,16552
25,0.1,2,10824,19192,19784
25,0.1,3,12000,20408,21000
25,0.1,4,9496,17544,18136
25,0.1,5,9328,21152,21744
26,0.1,1,12200,21992,22608
26,0.1,2,9152,16232,16848
26,0.1,3,11744,15712,16328
26,0.1,4,7200,15952,16568
26,0.1,5,7120,16240,16856
27,0.1,1,10680,20120,20760
27,0.1,2,9512,15616,16256
27,0.1,3,12512,20096,20736
27,0.1,4,14840,22776,23416
27,0.1,5,13712,22888,23528
28,0.1,1,12008,17024,17688
28,0.1,2,8400,15648,16312
28,0.1,3,10512,18536,19200
28,0.1,4,10840,20752,21416
28,0.1,5,7616,16320,16984
29,0.1,1,11424,19240,19928
29,0.1,2,9408,17800,18488
29,0.1,3,14704,19432,20120
29,0.1,4,9744,17664,18352
29,0.1,5,9864,20376,21064
30,0.1,1,9248,18368,19080
30,0.1,2,10584,20296,21008
30,0.1,3,7792,15760,16472
30,0.1,4,12496,19504,20216
30,0.1,5,10248,21256,21968
31,0.1,1,11976,19376,20112
31,0.1,2,9352,17672,18408
31,0.1,3,12416,20000,20736
31,0.1,4,9376,19880,20616
31,0.1,5,8680,16552,17288
32,0.1,1,17192,27072,27832
32,0.1,2,12080,22944,23704
32,0.1,3,17856,25920,26680
32,0.1,4,12640,20984,21744
32,0.1,5,10784,24056,24816
33,0.1,1,12384,21528,22312
33,0.1,2,9528,17176,17960
33,0.1,3,15440,23176,23960
33,0.1,4,13016,22384,23168
33,0.1,5,11120,19040,19824
34,0.1,1,20728,27976,28784
34,0.1,2,17408,29712,30520
34,0.1,3,18392,26208,27016
34,0.1,4,10912,19416,20224
34,0.1,5,14984,23400,24208
35,0.1,1,20368,29776,30608
35,0.1,2,11152,20952,21784
35,0.1,3,18096,28728,29560
35,0.1,4,14424,29544,30376
35,0.1,5,12640,23008,23840
36,0.1,1,17448,29456,30312
36,0.1,2,16416,30808,31664
36,0.1,3,14824,23960,24816
36,0.1,4,18592,27960,28816
36,0.1,5,9608,23592,24448
37,0.1,1,16376,29320,30200
37,0.1,2,13712,22000,22880
37,0.1,3,12368,24296,25176
37,0.1,4,17664,31704,32584
37,0.1,5,12576,19296,20176
38,0.1,1,14296,23280,24184
38,0.1,2,12240,25616,26520
38,0.1,3,13840,28200,29104
38,0.1,4,19592,27696,28600
38,0.1,5,19840,30848,31752
39,0.1,1,9928,28120,29048
39,0.1,2,17800,28424,29352
39,0.1,3,16248,24392,25320
39,0.1,4,15680,25720,26648
39,0.1,5,10304,25744,26672
40,0.1,1,18920,29344,30296
40,0.1,2,18248,32144,33096
40,0.1,3,15816,29944,30896
40,0.1,4,14248,25832,26784
40,0.1,5,21968,34640,35592
41,0.1,1,17008,26608,27584
41,0.1,2,17984,27944,28920
41,0.1,3,11704,26096,27072
41,0.1,4,22040,38200,39176
41,0.1,5,15152,26824,27800
42,0.1,1,11592,21984,22984
42,0.1,2,15088,29872,30872
42,0.1,3,16584,30392,31392
42,0.1,4,20784,27272,28272
42,0.1,5,14712,26872,27872
43,0.1,1,17184,31760,32784
43,0.1,2,15504,28744,29768
43,0.1,3,11152,29000,30024
43,0.1,4,11560,24648,25672
43,0.1,5,14280,28416,29440
44,0.1,1,17312,30976,32024
44,0.1,2,19328,32232,33280
44,0.1,3,21800,37064,38112
44,0.1,4,14048,25952,27000
44,0.1,5,24504,36088,37136
45,0.1,1,15656,23800,24872
45,0.1,2,26424,37560,38632
45,0.1,3,15672,30720,31792
45,0.1,4,13656,31328,32400
45,0.1,5,15080,27232,28304
46,0.1,1,16960,30472,31568
46,0.1,2,16752,30776,31872
46,0.1,3,12896,27680,28776
46,0.1,4,21152,35368,36464
46,0.1,5,18744,34312,35408
47,0.1,1,23912,40544,41664
47,0.1,2,17808,39032,40152
47,0.1,3,19304,34144,35264
47,0.1,4,20768,35064,36184
47,0.1,5,20776,32040,33160
48,0.1,1,15784,31864,33008
48,0.1,2,16968,29992,31136
48,0.1,3,23016,35872,37016
48,0.1,4,12048,29464,30608
48,0.1,5,16760,30816,31960
49,0.1,1,13384,28840,30008
49,0.1,2,15384,34032,35200
49,0.1,3,15952,30648,31816
49,0.1,4,20080,32824,33992
49,0.1,5,24480,37680,38848
50,0.1,1,17248,34864,36056
50,0.1,2,18808,35104,36296
50,0.1,3,22296,42152,43344
50,0.1,4,16616,32744,33936
50,0.1,5,23768,34616,35808
51,0.1,1,25584,34752,35968
51,0.1,2,17760,30000,31216
51,0.1,3,23192,35104,36320
51,0.1,4,16064,35520,36736
51,0.1,5,17392,42000,43216
52,0.1,1,17112,29976,31216
52,0.1,2,19328,35624,36864
52,0.1,3,22072,38008,39248
52,0.1,4,20656,36312,37552
52,0.1,5,24384,39640,40880
53,0.1,1,25808,43464,44728
53,0.1,2,20008,36456,37720
53,0.1,3,15792,36464,37728
53,0.1,4,20752,36472,37736
53,0.1,5,17576,36800,38064
54,0.1,1,31048,46120,47408
54,0.1,2,20400,31776,33064
54,0.1,3,17464,38688,39976
54,0.1,4,22736,44864,46152
54,0.1,5,25456,41184,42472
55,0.1,1,16672,31952,33264
55,0.1,2,24392,46056,47368
55,0.1,3,31288,43896,45208
55,0.1,4,22008,36584,37896
55,0.1,5,21208,37240,38552
56,0.1,1,18600,33656,34992
56,0.1,2,25448,42216,43552
56,0.1,3,34392,45992,47328
56,0.1,4,17848,35464,36800
56,0.1,5,16872,36288,37624
57,0.1,1,16752,36224,37584
57,0.1,2,20200,40752,42112
57,0.1,3,20344,36760,38120
57,0.1,4,24848,43408,44768
57,0.1,5,18008,42296,43656
58,0.1,1,18728,35328,36712
58,0.1,2,16808,33080,34464
58,0.1,3,26256,47440,48824
58,0.1,4,26792,42608,43992
58,0.1,5,23120,34096,35480
59,0.1,1,23248,46040,47448
59,0.1,2,20544,36192,37600
59,0.1,3,23520,42496,43904
59,0.1,4,20568,37328,38736
59,0.1,5,19400,34232,35640
60,0.1,1,12472,35288,36720
60,0.1,2,21728,38960,40392
60,0.1,3,29104,47216,48648
60,0.1,4,18504,38600,40032
60,0.1,5,25008,47312,48744
61,0.1,1,24088,37984,39440
61,0.1,2,20480,38304,39760
61,0.1,3,22688,38008,39464
61,0.1,4,17592,37440,38896
61,0.1,5,20776,41408,42864
62,0.1,1,25824,46464,47944
62,0.1,2,26792,49048,50528
62,0.1,3,33224,47792,49272
62,0.1,4,29144,44720,46200
62,0.1,5,26536,43512,44992
63,0.1,1,24752,40400,41904
63,0.1,2,24080,41152,42656
63,0.1,3,21168,51048,52552
63,0.1,4,21680,46736,48240
63,0.1,5,23168,42816,44320
64,0.1,1,29496,50896,52424
64,0.1,2,24304,43608,45136
64,0.1,3,23352,39632,41160
64,0.1,4,25064,41960,43488
64,0.1,5,25904,42680,44208
65,0.1,1,30312,46496,48048
65,0.1,2,19640,40032,41584
65,0.1,3,28152,53080,54632
65,0.1,4,29952,42560,44112
65,0.1,5,25184,41976,43528
66,0.1,1,32104,47736,49312
66,0.1,2,26472,50080,51656
66,0.1,3,27160,45472,47048
66,0.1,4,19704,45904,47480
66,0.1,5,24608,44096,45672
67,0.1,1,28840,50816,52416
67,0.1,2,21256,47024,48624
67,0.1,3,27744,42552,44152
67,0.1,4,29024,48192,49792
67,0.1,5,21720,47104,48704
68,0.1,1,19800,44008,45632
68,0.1,2,33040,55664,57288
68,0.1,3,28464,53352,54976
68,0.1,4,22808,45136,46760
68,0.1,5,25080,48864,50488
69,0.1,1,25304,43872,45520
69,0.1,2,31856,52760,54408
69,0.1,3,31976,53336,54984
69,0.1,4,27336,47744,49392
69,0.1,5,24360,48448,50096
70,0.1,1,20456,43064,44736
70,0.1,2,23952,44864,46536
70,0.1,3,27496,44424,46096
70,0.1,4,26088,42480,44152
70,0.1,5,24584,47976,49648
71,0.1,1,28144,49408,51104
71,0.1,2,31720,46368,48064
71,0.1,3,29648,48952,50648
71,0.1,4,26616,46376,48072
71,0.1,5,28840,45824,47520
72,0.1,1,17784,48408,50128
72,0.1,2,23752,47664,49384
72,0.1,3,28376,45104,46824
72,0.1,4,24184,42424,44144
72,0.1,5,23096,44464,46184
73,0.1,1,22408,51056,52800
73,0.1,2,29032,45904,47648
73,0.1,3,30968,53896,55640
73,0.1,4,25360,50800,52544
73,0.1,5,24784,57040,58784
74,0.1,1,29968,57792,59560
74,0.1,2,31984,57824,59592
74,0.1,3,30064,54576,56344
74,0.1,4,33832,65264,67032
74,0.1,5,25768,51352,53120
75,0.1,1,28704,54584,56376
75,0.1,2,31800,53224,55016
75,0.1,3,34824,53528,55320
75,0.1,4,34696,54168,55960
75,0.1,5,40320,51280,53072
76,0.1,1,34672,51608,53424
76,0.1,2,34320,61720,63536
76,0.1,3,27384,53536,55352
76,0.1,4,23672,55144,56960
76,0.1,5,31864,55312,57128
77,0.1,1,42104,67048,68888
77,0.1,2,28072,54632,56472
77,0.1,3,43192,65672,67512
77,0.1,4,35272,57528,59368
77,0.1,5,41264,54424,56264
78,0.1,1,35816,65072,66936
78,0.1,2,27232,48328,50192
78,0.1,3,21272,38552,40416
78,0.1,4,23464,45472,47336
78,0.1,5,37096,48184,50048
79,0.1,1,34520,57712,59600
79,0.1,2,33832,55760,57648
79,0.1,3,31376,53376,55264
79,0.1,4,29760,52640,54528
79,0.1,5,28136,48216,50104
80,0.1,1,30872,58288,60200
80,0.1,2,35240,61024,62936
80,0.1,3,26328,52648,54560
80,0.1,4,21144,42552,44464
80,0.1,5,32464,51664,53576
81,0.1,1,32728,60096,62032
81,0.1,2,30168,54488,56424
81,0.1,3,30336,54280,56216
81,0.1,4,35784,60328,62264
81,0.1,5,26960,57248,59184
82,0.1,1,32264,58216,60176
82,0.1,2,28872,57376,59336
82,0.1,3,27368,51152,53112
82,0.1,4,31880,56336,58296
82,0.1,5,32328,52888,54848
83,0.1,1,32008,62312,64296
83,0.1,2,27680,51464,53448
83,0.1,3,33976,56592,58576
83,0.1,4,36488,65400,67384
83,0.1,5,26608,60856,62840
84,0.1,1,28424,57656,59664
84,0.1,2,30064,55392,57400
84,0.1,3,34432,56056,58064
84,0.1,4,32840,54600,56608
84,0.1,5,34128,53016,55024
85,0.1,1,26680,56384,58416
85,0.1,2,33880,56136,58168
85,0.1,3,29800,48176,50208
85,0.1,4,31832,63208,65240
85,0.1,5,31248,64200,66232
86,0.1,1,38960,71032,73088
86,0.1,2,43344,74064,76120
86,0.1,3,31400,55776,57832
86,0.1,4,37576,52120,54176
86,0.1,5,28664,62112,64168
87,0.1,1,34088,66392,68472
87,0.1,2,39304,61112,63192
87,0.1,3,36440,54176,56256
87,0.1,4,35112,63888,65968
87,0.1,5,31704,59360,61440
88,0.1,1,33448,55880,57984
88,0.1,2,28240,56560,58664
88,0.1,3,31888,59256,61360
88,0.1,4,44368,72176,74280
88,0.1,5,25600,50112,52216
89,0.1,1,35352,62880,65008
89,0.1,2,33800,57104,59232
89,0.1,3,33336,61000,63128
89,0.1,4,41304,65328,67456
89,0.1,5,37048,57144,59272
90,0.1,1,44080,65320,67472
90,0.1,2,39760,66576,68728
90,0.1,3,26504,59952,62104
90,0.1,4,37424,62704,64856
90,0.1,5,33800,54872,57024
91,0.1,1,33624,62968,65144
91,0.1,2,39320,67424,69600
91,0.1,3,37576,72888,75064
91,0.1,4,44272,69544,71720
91,0.1,5,31336,62168,64344
92,0.1,1,51864,79480,81680
92,0.1,2,28640,56632,58832
92,0.1,3,36800,56424,58624
92,0.1,4,37544,63368,65568
92,0.1,5,33216,56712,58912
93,0.1,1,43608,67176,69400
93,0.1,2,39056,64200,66424
93,0.1,3,51768,70744,72968
93,0.1,4,32856,66464,68688
93,0.1,5,33176,61944,64168
94,0.1,1,41112,59104,61352
94,0.1,2,36928,59616,61864
94,0.1,3,23832,48704,50952
94,0.1,4,40720,70856,73104
94,0.1,5,39848,70328,72576
95,0.1,1,42744,62328,64600
95,0.1,2,35880,60152,62424
95,0.1,3,41800,61680,63952
95,0.1,4,40384,62128,64400
95,0.1,5,34168,58688,60960
96,0.1,1,33200,64224,66520
96,0.1,2,29856,66768,69064
96,0.1,3,39336,59392,61688
96,0.1,4,35280,69784,72080
96,0.1,5,33064,58384,60680
97,0.1,1,43696,69400,71720
97,0.1,2,39608,66704,69024
97,0.1,3,43200,68632,70952
97,0.1,4,33208,62208,64528
97,0.1,5,41904,66856,69176
98,0.1,1,41064,65976,68320
98,0.1,2,38872,76880,79224
98,0.1,3,36056,59840,62184
98,0.1,4,39896,65352,67696
98,0.1,5,30720,60952,63296
99,0.1,1,43416,73432,75800
99,0.1,2,42008,73208,75576
99,0.1,3,33536,63888,66256
99,0.1,4,32056,62976,65344
99,0.1,5,44776,67200,69568
100,0.1,1,38464,78048,80440
100,0.1,2,47696,72952,75344
100,0.1,3,33832,61344,63736
100,0.1,4,44176,72192,74584
100,0.1,5,32048,60176,62568
1,0.2,1,1992,16,16
1,0.2,2,1992,16,16
1,0.2,3,1992,16,16
1,0.2,4,1992,16,16
1,0.2,5,1992,16,16
2,0.2,1,2056,280,304
2,0.2,2,2080,528,552
2,0.2,3,2424,1192,1216
2,0.2,4,2080,496,520
2,0.2,5,2056,1064,1104
3,0.2,1,2120,488,536
3,0.2,2,2800,1384,1432
3,0.2,3,2144,1256,1304
3,0.2,4,2488,1464,1512
3,0.2,5,2328,976,1024
4,0.2,1,2208,1112,1200
4,0.2,2,3368,2288,2376
4,0.2,3,2864,3168,3240
4,0.2,4,4040,4488,4576
4,0.2,5,2536,2000,2072
5,0.2,1,3392,4800,4896
5,0.2,2,7224,6136,6232
5,0.2,3,2416,3896,4008
5,0.2,4,3800,3264,3360
5,0.2,5,4040,3208,3304
6,0.2,1,2664,4480,4600
6,0.2,2,3144,4616,4752
6,0.2,3,4648,4936,5056
6,0.2,4,5672,6264,6384
6,0.2,5,3392,4960,5080
7,0.2,1,8584,8872,9032
7,0.2,2,2544,5888,6032
7,0.2,3,3064,5104,5248
7,0.2,4,4008,4120,4264
7,0.2,5,4312,5552,5712
8,0.2,1,6664,7440,7624
8,0.2,2,3120,4472,4640
8,0.2,3,2856,4640,4824
8,0.2,4,3280,3944,4112
8,0.2,5,5088,7632,7816
9,0.2,1,3712,6296,6488
9,0.2,2,5264,9376,9584
9,0.2,3,5864,8472,8680
9,0.2,4,3464,5600,5808
9,0.2,5,3728,6104,6312
10,0.2,1,5952,8816,9048
10,0.2,2,7064,9128,9360
10,0.2,3,3552,7096,7328
10,0.2,4,7272,8928,9144
10,0.2,5,3904,8000,8232
11,0.2,1,3560,4696,4920
11,0.2,2,4728,7120,7344
11,0.2,3,5000,5592,5848
11,0.2,4,6848,7200,7456
11,0.2,5,5160,6472,6696
12,0.2,1,6672,8560,8824
12,0.2,2,6888,9680,9960
12,0.2,3,4640,9304,9584
12,0.2,4,7664,9560,9840
12,0.2,5,3928,4720,4984
13,0.2,1,3784,5872,6176
13,0.2,2,9640,12856,13160
13,0.2,3,6736,7528,7832
13,0.2,4,4296,7080,7368
13,0.2,5,3480,6128,6416
14,0.2,1,5616,10992,11320
14,0.2,2,6704,8656,8968
14,0.2,3,10968,13904,14232
14,0.2,4,6744,8288,8600
14,0.2,5,5176,8296,8624
15,0.2,1,5864,9392,9744
15,0.2,2,8808,15856,16208
15,0.2,3,6688,11632,11968
15,0.2,4,6696,12600,12952
15,0.2,5,9464,15760,16112
16,0.2,1,7624,13136,13512
16,0.2,2,4128,11872,12248
16,0.2,3,11464,13752,14128
16,0.2,4,6456,11048,11424
16,0.2,5,6440,9832,10208
17,0.2,1,9928,15720,16120
17,0.2,2,7512,10144,10544
17,0.2,3,5792,10064,10464
17,0.2,4,5288,12352,12752
17,0.2,5,7240,9056,9456
18,0.2,1,9880,19376,19800
18,0.2,2,7320,10304,10728
18,0.2,3,13864,19576,20000
18,0.2,4,12176,17600,18024
18,0.2,5,6256,12456,12864
19,0.2,1,7392,14776,15224
19,0.2,2,8048,11216,11648
19,0.2,3,8992,18064,18512
19,0.2,4,5736,11176,11624
19,0.2,5,5768,10224,10656
20,0.2,1,7600,16920,17392
20,0.2,2,6544,9304,9760
20,0.2,3,4224,8800,9256
20,0.2,4,7640,16824,17296
20,0.2,5,6376,12816,13288
21,0.2,1,8256,15464,15960
21,0.2,2,6176,18368,18864
21,0.2,3,10200,14240,14736
21,0.2,4,7432,13264,13760
21,0.2,5,10936,16320,16816
22,0.2,1,5616,11920,12440
22,0.2,2,13768,22216,22736
22,0.2,3,6944,14080,14600
22,0.2,4,9592,16992,17512
22,0.2,5,7576,15272,15792
23,0.2,1,9032,15128,15672
23,0.2,2,11304,13432,13976
23,0.2,3,5816,10952,11480
23,0.2,4,9144,15744,16288
23,0.2,5,11864,17424,17968
24,0.2,1,14288,23176,23744
24,0.2,2,9664,15800,16368
24,0.2,3,9568,13864,14432
24,0.2,4,11992,19664,20232
24,0.2,5,7400,15712,16280
25,0.2,1,8168,16520,17112
25,0.2,2,6024,15608,16200
25,0.2,3,8568,19896,20488
25,0.2,4,7072,15624,16216
25,0.2,5,8384,18008,18600
26,0.2,1,12264,20704,21320
26,0.2,2,14600,20824,21440
26,0.2,3,6488,18984,19600
26,0.2,4,13912,18840,19456
26,0.2,5,13128,18904,19520
27,0.2,1,11320,19808,20448
27,0.2,2,10168,16048,16688
27,0.2,3,15880,23000,23640
27,0.2,4,8640,16752,17392
27,0.2,5,7824,13656,14280
28,0.2,1,13736,18552,19216
28,0.2,2,9240,16648,17312
28,0.2,3,14768,22968,23632
28,0.2,4,9808,18408,19072
28,0.2,5,14328,18608,19256
29,0.2,1,12368,24592,25280
29,0.2,2,9824,18856,19544
29,0.2,3,16944,25640,26328
29,0.2,4,14528,25400,26088
29,0.2,5,12616,18952,19640
30,0.2,1,11648,23144,23856
30,0.2,2,10560,23512,24224
30,0.2,3,8440,15640,16352
30,0.2,4,11720,26472,27184
30,0.2,5,13456,23808,24520
31,0.2,1,11104,25264,26000
31,0.2,2,9296,21448,22184
31,0.2,3,9184,15040,15776
31,0.2,4,15088,25648,26384
31,0.2,5,10608,20512,21248
32,0.2,1,18320,28776,29536
32,0.2,2,14080,20520,21280
32,0.2,3,13296,17168,17928
32,0.2,4,12792,20944,21704
32,0.2,5,9792,22896,23656
33,0.2,1,11048,22944,23728
33,0.2,2,15040,22224,23008
33,0.2,3,12528,25544,26328
33,0.2,4,9320,20128,20912
33,0.2,5,10888,23320,24104
34,0.2,1,15384,29504,30312
34,0.2,2,19128,30328,31136
34,0.2,3,14240,24792,25600
34,0.2,4,12232,23072,23880
34,0.2,5,13144,22280,23088
35,0.2,1,20384,32528,33360
35,0.2,2,17904,29304,30136
35,0.2,3,10864,26240,27072
35,0.2,4,12872,23136,23968
35,0.2,5,14456,23040,23872
36,0.2,1,16256,30288,31144
36,0.2,2,13384,20904,21760
36,0.2,3,13304,29440,30296
36,0.2,4,14824,25296,26152
36,0.2,5,15560,23840,24696
37,0.2,1,10296,19688,20568
37,0.2,2,12256,27152,28032
37,0.2,3,15472,26768,27648
37,0.2,4,14728,24432,25312
37,0.2,5,14992,21840,22720
38,0.2,1,8968,21880,22784
38,0.2,2,11072,25600,26504
38,0.2,3,15320,29640,30544
38,0.2,4,19024,29840,30744
38,0.2,5,16680,25512,26416
39,0.2,1,13880,24296,25224
39,0.2,2,15288,29848,30776
39,0.2,3,22488,31816,32744
39,0.2,4,12928,23576,24504
39,0.2,5,18392,37408,38336
40,0.2,1,10192,26848,27800
40,0.2,2,11568,27232,28184
40,0.2,3,17696,31216,32168
40,0.2,4,14928,26616,27568
40,0.2,5,13984,24720,25672
41,0.2,1,18416,31824,32800
41,0.2,2,15824,27792,28752
41,0.2,3,18136,31000,31976
41,0.2,4,16008,30424,31400
41,0.2,5,15848,27136,28112
42,0.2,1,16640,31256,32256
42,0.2,2,15072,27776,28776
42,0.2,3,18248,26448,27448
42,0.2,4,18128,34000,35000
42,0.2,5,19968,33400,34400
43,0.2,1,14152,24352,25376
43,0.2,2,16512,28488,29512
43,0.2,3,21312,33448,34472
43,0.2,4,20168,30800,31824
43,0.2,5,19360,33984,35008
44,0.2,1,18928,38224,39272
44,0.2,2,20024,31608,32656
44,0.2,3,14760,27520,28568
44,0.2,4,13128,21880,22928
44,0.2,5,14448,29776,30824
45,0.2,1,16480,29312,30384
45,0.2,2,13376,32960,34032
45,0.2,3,17440,31528,32600
45,0.2,4,18648,34304,35376
45,0.2,5,16496,30808,31880
46,0.2,1,20176,39760,40856
46,0.2,2,20992,37736,38832
46,0.2,3,16392,27936,29032
46,0.2,4,18744,36448,37544
46,0.2,5,15016,29048,30144
47,0.2,1,15744,32648,33768
47,0.2,2,22056,34816,35936
47,0.2,3,21232,36600,37720
47,0.2,4,21000,36304,37424
47,0.2,5,14360,31880,33000
48,0.2,1,17872,32680,33824
48,0.2,2,21832,35312,36456
48,0.2,3,13560,28968,30112
48,0.2,4,21168,36800,37944
48,0.2,5,18272,36296,37440
49,0.2,1,29328,40080,41248
49,0.2,2,20176,33976,35144
49,0.2,3,20840,34216,35384
49,0.2,4,14672,31272,32440
49,0.2,5,16392,29104,30272
50,0.2,1,15760,31352,32544
50,0.2,2,17624,34832,36024
50,0.2,3,16712,28568,29760
50,0.2,4,21512,35408,36600
50,0.2,5,21856,36912,38104
51,0.2,1,20104,35104,36320
51,0.2,2,23152,34168,35384
51,0.2,3,20936,30848,32064
51,0.2,4,20328,35024,36240
51,0.2,5,16672,31024,32240
52,0.2,1,26736,36712,37952
52,0.2,2,20840,32424,33664
52,0.2,3,26736,38416,39656
52,0.2,4,15568,36296,37536
52,0.2,5,23976,38160,39400
53,0.2,1,19464,39608,40872
53,0.2,2,17032,37224,38488
53,0.2,3,20768,36232,37496
53,0.2,4,21952,37624,38888
53,0.2,5,26984,42920,44184
54,0.2,1,19232,37432,38720
54,0.2,2,26208,46824,48112
54,0.2,3,20480,34664,35952
54,0.2,4,29104,48928,50216
54,0.2,5,16528,32952,34240
55,0.2,1,26504,37152,38464
55,0.2,2,20152,34488,35800
55,0.2,3,28360,44144,45456
55,0.2,4,24352,39864,41176
55,0.2,5,18552,38032,39344
56,0.2,1,20280,38392,39728
56,0.2,2,25792,40632,41968
56,0.2,3,26720,40056,41392
56,0.2,4,24176,45760,47096
56,0.2,5,20448,36512,37848
57,0.2,1,28840,44032,45392
57,0.2,2,17760,37960,39320
57,0.2,3,30128,49600,50960
57,0.2,4,26920,40680,42040
57,0.2,5,25064,41672,43032
58,0.2,1,16840,37072,38456
58,0.2,2,15832,31944,33328
58,0.2,3,27768,48784,50168
58,0.2,4,16776,35680,37064
58,0.2,5,32152,40632,42016
59,0.2,1,21976,40208,41616
59,0.2,2,25744,40112,41520
59,0.2,3,15664,39384,40792
59,0.2,4,24384,44752,46160
59,0.2,5,23176,42032,43440
60,0.2,1,26472,53224,54656
60,0.2,2,23280,34888,36320
60,0.2,3,28464,44328,45760
60,0.2,4,21936,46800,48232
60,0.2,5,20568,39088,40520
61,0.2,1,21000,42672,44128
61,0.2,2,20168,40816,42272
61,0.2,3,27912,46024,47480
61,0.2,4,17448,44088,45544
61,0.2,5,25728,40048,41504
62,0.2,1,32128,45608,47088
62,0.2,2,28040,45360,46840
62,0.2,3,34808,42688,44168
62,0.2,4,28704,40752,42232
62,0.2,5,22192,42456,43936
63,0.2,1,21744,38808,40312
63,0.2,2,13944,42304,43808
63,0.2,3,21424,38872,40376
63,0.2,4,24176,46776,48280
63,0.2,5,18512,38040,39544
64,0.2,1,29008,47976,49504
64,0.2,2,21584,43896,45424
64,0.2,3,23168,42408,43936
64,0.2,4,28224,50784,52312
64,0.2,5,23376,43200,44728
65,0.2,1,23248,44176,45728
65,0.2,2,20248,44816,46368
65,0.2,3,31040,46488,48040
65,0.2,4,34536,50024,51576
65,0.2,5,19792,39024,40576
66,0.2,1,22624,39352,40928
66,0.2,2,33312,49224,50800
66,0.2,3,24496,47888,49464
66,0.2,4,22776,46616,48192
66,0.2,5,22552,48320,49896
67,0.2,1,26848,47096,48696
67,0.2,2,26200,51752,53352
67,0.2,3,28832,53024,54624
67,0.2,4,23328,44384,45984
67,0.2,5,34928,47768,49368
68,0.2,1,28160,51776,53400
68,0.2,2,23144,48328,49952
68,0.2,3,25968,49584,51208
68,0.2,4,40360,58400,60024
68,0.2,5,18880,36496,38120
69,0.2,1,25728,44184,45832
69,0.2,2,28384,48200,49848
69,0.2,3,31976,48544,50192
69,0.2,4,31832,48216,49864
69,0.2,5,29440,46832,48480
70,0.2,1,20832,52032,53704
70,0.2,2,24088,53472,55144
70,0.2,3,20744,50088,51760
70,0.2,4,32496,49096,50768
70,0.2,5,32264,46512,48184
71,0.2,1,25176,45808,47504
71,0.2,2,25928,40944,42640
71,0.2,3,25568,44472,46168
71,0.2,4,35296,55208,56904
71,0.2,5,28296,44632,46328
72,0.2,1,31520,59136,60856
72,0.2,2,34464,57976,59696
72,0.2,3,30608,52560,54280
72,0.2,4,27336,44312,46032
72,0.2,5,26776,51336,53056
73,0.2,1,35536,60968,62712
73,0.2,2,20360,50680,52424
73,0.2,3,28488,53136,54880
73,0.2,4,28232,48240,49984
73,0.2,5,30040,55856,57600
74,0.2,1,26304,47120,48888
74,0.2,2,21768,47432,49200
74,0.2,3,33344,62528,64296
74,0.2,4,28176,59728,61496
74,0.2,5,24640,50088,51856
75,0.2,1,23824,44472,46264
75,0.2,2,27448,49960,51752
75,0.2,3,26056,48632,50424
75,0.2,4,24728,46176,47968
75,0.2,5,23096,43656,45448
76,0.2,1,38880,63432,65248
76,0.2,2,27632,47288,49104
76,0.2,3,28792,56064,57880
76,0.2,4,39024,53408,55224
76,0.2,5,34408,53904,55720
77,0.2,1,31632,63464,65304
77,0.2,2,27584,56840,58680
77,0.2,3,33632,57680,59520
77,0.2,4,32464,54496,56336
77,0.2,5,31640,59272,61112
78,0.2,1,34072,52840,54704
78,0.2,2,28544,52264,54128
78,0.2,3,28656,52672,54536
78,0.2,4,37208,58312,60176
78,0.2,5,26560,50720,52584
79,0.2,1,29672,50728,52616
79,0.2,2,29832,56472,58360
79,0.2,3,24016,45680,47568
79,0.2,4,28752,57536,59424
79,0.2,5,38144,56752,58640
80,0.2,1,28576,57744,59656
80,0.2,2,33296,47232,49144
80,0.2,3,32608,49296,51208
80,0.2,4,29976,52072,53984
80,0.2,5,23280,42856,44768
81,0.2,1,38592,69080,71016
81,0.2,2,38584,59176,61112
81,0.2,3,24296,48032,49968
81,0.2,4,21728,54096,56032
81,0.2,5,32480,52168,54104
82,0.2,1,36424,61344,63304
82,0.2,2,34088,56984,58944
82,0.2,3,38792,57864,59824
82,0.2,4,36896,60400,62360
82,0.2,5,36096,51248,53208
83,0.2,1,38616,62240,64224
83,0.2,2,39688,67784,69768
83,0.2,3,28360,55256,57240
83,0.2,4,32952,55184,57168
83,0.2,5,33136,59624,61608
84,0.2,1,27392,45400,47408
84,0.2,2,26600,54792,56800
84,0.2,3,38920,64800,66808
84,0.2,4,46320,61120,63128
84,0.2,5,34128,53400,55408
85,0.2,1,30544,48728,50760
85,0.2,2,29536,55336,57368
85,0.2,3,30448,55632,57664
85,0.2,4,32344,63640,65672
85,0.2,5,31872,54592,56624
86,0.2,1,39472,59144,61200
86,0.2,2,31520,56976,59032
86,0.2,3,31048,52552,54608
86,0.2,4,43720,67432,69488
86,0.2,5,32008,58320,60376
87,0.2,1,37632,62984,65064
87,0.2,2,32336,56584,58664
87,0.2,3,31824,59280,61360
87,0.2,4,30928,54296,56376
87,0.2,5,42096,63336,65416
88,0.2,1,35392,59888,61992
88,0.2,2,35928,54248,56352
88,0.2,3,36720,62944,65048
88,0.2,4,30656,59880,61984
88,0.2,5,31832,62592,64696
89,0.2,1,25328,57360,59488
89,0.2,2,35712,66280,68408
89,0.2,3,39992,64992,67120
89,0.2,4,35984,59288,61416
89,0.2,5,28000,59056,61184
90,0.2,1,38976,60624,62776
90,0.2,2,27320,52192,54344
90,0.2,3,32016,60480,62632
90,0.2,4,36952,64248,66400
90,0.2,5,35784,56384,58536
91,0.2,1,39032,67160,69336
91,0.2,2,38472,61280,63456
91,0.2,3,32088,56192,58368
91,0.2,4,41608,64320,66496
91,0.2,5,43904,63608,65784
92,0.2,1,36208,63960,66160
92,0.2,2,37376,61256,63456
92,0.2,3,35552,62992,65192
92,0.2,4,36736,65880,68080
92,0.2,5,27896,57440,59640
93,0.2,1,32592,65112,67336
93,0.2,2,48336,75792,78016
93,0.2,3,38208,65672,67896
93,0.2,4,33656,64224,66448
93,0.2,5,44944,72304,74528
94,0.2,1,50352,69648,71896
94,0.2,2,32912,59864,62112
94,0.2,3,43952,68504,70752
94,0.2,4,38368,65696,67944
94,0.2,5,37896,65800,68048
95,0.2,1,47824,67336,69608
95,0.2,2,34232,67160,69432
95,0.2,3,39408,68528,70800
95,0.2,4,48384,69904,72176
95,0.2,5,45536,73456,75728
96,0.2,1,44248,72904,75200
96,0.2,2,45928,72064,74360
96,0.2,3,43368,76040,78336
96,0.2,4,36360,79776,82072
96,0.2,5,35368,59256,61552
97,0.2,1,37320,68632,70952
97,0.2,2,32104,65488,67808
97,0.2,3,32928,65072,67392
97,0.2,4,43240,67616,69936
97,0.2,5,41952,60800,63120
98,0.2,1,41616,69840,72184
98,0.2,2,41344,71232,73576
98,0.2,3,31632,64216,66560
98,0.2,4,46648,75952,78296
98,0.2,5,39344,70544,72888
99,0.2,1,40296,62752,65120
99,0.2,2,37776,65544,67912
99,0.2,3,39112,70448,72816
99,0.2,4,40664,67056,69424
99,0.2,5,38872,63992,66360
100,0.2,1,42464,72744,75136
100,0.2,2,42520,62728,65120
100,0.2,3,36304,70280,72672
100,0.2,4,35856,78872,81264
100,0.2,5,32120,64872,67264
1,0.3,1,1992,16,16
1,0.3,2,1992,16,16
1,0.3,3,1992,16,16
1,0.3,4,1992,16,16
1,0.3,5,1992,16,16
2,0.3,1,2056,800,824
2,0.3,2,2056,280,304
2,0.3,3,4504,2632,2656
2,0.3,4,2080,456,480
2,0.3,5,3160,2128,2152
3,0.3,1,2288,2024,2072
3,0.3,2,2312,2928,2992
3,0.3,3,2688,1792,1840
3,0.3,4,2296,1520,1568
3,0.3,5,2624,1824,1872
4,0.3,1,5968,4712,4784
4,0.3,2,3832,2328,2400
4,0.3,3,2968,2384,2456
4,0.3,4,2880,2216,2288
4,0.3,5,2208,2424,2496
5,0.3,1,4920,4664,4760
5,0.3,2,3432,5320,5416
5,0.3,3,2904,3040,3120
5,0.3,4,2456,3608,3704
5,0.3,5,3416,2672,2768
6,0.3,1,3536,2688,2808
6,0.3,2,4160,5032,5152
6,0.3,3,3016,2912,3032
6,0.3,4,4408,3952,4088
6,0.3,5,3752,4696,4832
7,0.3,1,4832,4952,5096
7,0.3,2,4344,6072,6232
7,0.3,3,3960,4352,4480
7,0.3,4,3776,5136,5264
7,0.3,5,2448,2312,2456
8,0.3,1,6432,6720,6888
8,0.3,2,2856,6720,6904
8,0.3,3,5272,8608,8792
8,0.3,4,3056,4656,4840
8,0.3,5,4600,4264,4432
9,0.3,1,6256,9328,9536
9,0.3,2,5240,5808,6016
9,0.3,3,3752,7288,7496
9,0.3,4,3624,4376,4568
9,0.3,5,5288,8368,8576
10,0.3,1,3560,4824,5056
10,0.3,2,4144,6848,7080
10,0.3,3,4528,8264,8496
10,0.3,4,4056,7320,7536
10,0.3,5,4440,6184,6400
11,0.3,1,4688,7600,7840
11,0.3,2,5920,8040,8264
11,0.3,3,5768,10288,10544
11,0.3,4,8112,10496,10752
11,0.3,5,6240,6944,7200
12,0.3,1,4432,6584,6864
12,0.3,2,7304,13032,13296
12,0.3,3,4416,6040,6304
12,0.3,4,4848,6600,6864
12,0.3,5,3216,4408,4656
13,0.3,1,6920,9976,10280
13,0.3,2,5616,8616,8920
13,0.3,3,7040,10128,10432
13,0.3,4,7592,10232,10536
13,0.3,5,6888,12872,13176
14,0.3,1,5816,8416,8728
14,0.3,2,5232,6568,6864
14,0.3,3,7640,10496,10808
14,0.3,4,4520,9320,9648
14,0.3,5,4784,9440,9768
15,0.3,1,6920,9392,9744
15,0.3,2,6720,9840,10176
15,0.3,3,4280,8488,8808
15,0.3,4,6728,12160,12512
15,0.3,5,5248,11120,11472
16,0.3,1,5088,8440,8800
16,0.3,2,7176,9296,9672
16,0.3,3,8152,10544,10920
16,0.3,4,5272,9200,9576
16,0.3,5,5936,12696,13056
17,0.3,1,6680,16248,16648
17,0.3,2,5096,7584,7968
17,0.3,3,10328,13248,13648
17,0.3,4,4464,9176,9560
17,0.3,5,5976,8296,8680
18,0.3,1,8344,12256,12680
18,0.3,2,4408,9856,10280
18,0.3,3,3720,11728,12152
18,0.3,4,11864,18256,18680
18,0.3,5,7112,11408,11832
19,0.3,1,7784,12136,12584
19,0.3,2,10792,12512,12960
19,0.3,3,11448,12816,13264
19,0.3,4,9792,15016,15464
19,0.3,5,10280,11912,12344
20,0.3,1,6352,11000,11472
20,0.3,2,8000,13992,14464
20,0.3,3,12176,18432,18904
20,0.3,4,6928,11272,11744
20,0.3,5,7704,14136,14608
21,0.3,1,7544,19880,20376
21,0.3,2,6928,11784,12280
21,0.3,3,5736,10264,10760
21,0.3,4,10152,16792,17288
21,0.3,5,7776,14808,15304
22,0.3,1,11768,14912,15416
22,0.3,2,7800,15368,15888
22,0.3,3,7400,16472,16992
22,0.3,4,12584,14720,15240
22,0.3,5,9168,14904,15424
23,0.3,1,8504,15384,15928
23,0.3,2,12312,15816,16360
23,0.3,3,12264,18984,19528
23,0.3,4,12144,21032,21576
23,0.3,5,8816,15904,16448
24,0.3,1,8712,17968,18536
24,0.3,2,10744,15896,16464
24,0.3,3,7512,19856,20424
24,0.3,4,14232,18008,18576
24,0.3,5,7080,16000,16568
25,0.3,1,10008,16280,16872
25,0.3,2,13080,19208,19800
25,0.3,3,11744,17056,17648
25,0.3,4,8832,14912,15504
25,0.3,5,6616,14296,14888
26,0.3,1,9272,18992,19608
26,0.3,2,13808,24016,24632
26,0.3,3,9816,20064,20680
26,0.3,4,8000,17488,18104
26,0.3,5,9192,16656,17272
27,0.3,1,9456,22248,22888
27,0.3,2,8712,17624,18264
27,0.3,3,8808,15968,16608
27,0.3,4,7408,16024,16664
27,0.3,5,11168,18872,19512
28,0.3,1,11512,25616,26280
28,0.3,2,14792,21888,22552
28,0.3,3,10120,18248,18912
28,0.3,4,8768,19688,20352
28,0.3,5,8904,16376,17040
29,0.3,1,11824,20976,21664
29,0.3,2,11808,18960,19648
29,0.3,3,9304,18616,19304
29,0.3,4,11288,21176,21864
29,0.3,5,11696,22392,23080
30,0.3,1,13104,26488,27200
30,0.3,2,11712,21392,22104
30,0.3,3,15464,23912,24624
30,0.3,4,10984,21752,22464
30,0.3,5,7576,18784,19496
31,0.3,1,8768,17896,18632
31,0.3,2,10048,27432,28168
31,0.3,3,15896,26360,27096
31,0.3,4,13016,23048,23784
31,0.3,5,13200,21168,21904
32,0.3,1,14440,25328,26088
32,0.3,2,12480,20624,21384
32,0.3,3,11904,18200,18960
32,0.3,4,9312,20632,21392
32,0.3,5,8192,19672,20432
33,0.3,1,13536,21096,21880
33,0.3,2,9032,24432,25216
33,0.3,3,18176,28496,29280
33,0.3,4,13024,24352,25136
33,0.3,5,12912,21888,22672
34,0.3,1,12296,21648,22456
34,0.3,2,7584,19528,20336
34,0.3,3,14544,24264,25072
34,0.3,4,13608,25304,26112
34,0.3,5,10200,23712,24520
35,0.3,1,17800,23568,24400
35,0.3,2,16056,25256,26088
35,0.3,3,15264,27904,28736
35,0.3,4,12696,23368,24200
35,0.3,5,13760,22368,23200
36,0.3,1,16216,27072,27928
36,0.3,2,12864,29272,30128
36,0.3,3,14592,23040,23896
36,0.3,4,13080,25160,26016
36,0.3,5,12000,20736,21592
37,0.3,1,15008,28288,29168
37,0.3,2,10040,25336,26216
37,0.3,3,12216,26632,27512
37,0.3,4,11456,24584,25464
37,0.3,5,8520,18424,19304
38,0.3,1,16672,29216,30120
38,0.3,2,13800,25824,26728
38,0.3,3,13328,25920,26824
38,0.3,4,12240,24712,25616
38,0.3,5,14536,23000,23904
39,0.3,1,11640,27264,28192
39,0.3,2,18608,26232,27160
39,0.3,3,10824,20672,21600
39,0.3,4,12080,29328,30256
39,0.3,5,13152,20592,21520
40,0.3,1,15640,28568,29520
40,0.3,2,20496,32096,33048
40,0.3,3,18000,22416,23368
40,0.3,4,14000,24736,25688
40,0.3,5,18552,30296,31248
41,0.3,1,16440,28736,29712
41,0.3,2,11976,27672,28648
41,0.3,3,13512,29728,30704
41,0.3,4,19464,32432,33408
41,0.3,5,17984,29976,30952
42,0.3,1,17296,32792,33792
42,0.3,2,9792,20488,21488
42,0.3,3,14640,25120,26120
42,0.3,4,14264,33528,34528
42,0.3,5,13584,26264,27264
43,0.3,1,14648,26344,27368
43,0.3,2,19376,30632,31656
43,0.3,3,14704,27936,28960
43,0.3,4,11184,26384,27408
43,0.3,5,17056,27416,28440
44,0.3,1,16968,34120,35168
44,0.3,2,15264,24304,25352
44,0.3,3,11248,21696,22744
44,0.3,4,16232,28096,29144
44,0.3,5,14096,25912,26960
45,0.3,1,18720,34688,35760
45,0.3,2,12496,30584,31656
45,0.3,3,18656,32240,33312
45,0.3,4,19672,29112,30184
45,0.3,5,17264,33480,34552
46,0.3,1,10640,28600,29696
46,0.3,2,17536,31032,32128
46,0.3,3,19160,31504,32600
46,0.3,4,19928,37168,38264
46,0.3,5,17024,26984,28080
47,0.3,1,20552,38552,39672
47,0.3,2,19848,31592,32712
47,0.3,3,18120,40264,41384
47,0.3,4,21888,37808,38928
47,0.3,5,18408,30720,31840
48,0.3,1,28200,40832,41976
48,0.3,2,21224,39144,40288
48,0.3,3,22888,38976,40120
48,0.3,4,17424,27480,28624
48,0.3,5,10608,36560,37704
49,0.3,1,14176,29968,31136
49,0.3,2,19000,32400,33568
49,0.3,3,20120,31744,32912
49,0.3,4,17744,38448,39616
49,0.3,5,16328,32744,33912
50,0.3,1,16592,41368,42560
50,0.3,2,22584,43320,44512
50,0.3,3,19904,33808,35000
50,0.3,4,24224,39224,40416
50,0.3,5,21256,41576,42768
51,0.3,1,19608,36368,37584
51,0.3,2,18776,35016,36232
51,0.3,3,17344,34864,36080
51,0.3,4,19968,37648,38864
51,0.3,5,26888,41048,42264
52,0.3,1,19080,35896,37136
52,0.3,2,18424,33848,35088
52,0.3,3,19400,40968,42208
52,0.3,4,21728,38736,39976
52,0.3,5,15680,32392,33632
53,0.3,1,18928,31488,32752
53,0.3,2,25232,42456,43720
53,0.3,3,19496,39240,40504
53,0.3,4,17400,35408,36672
53,0.3,5,18024,31536,32800
54,0.3,1,20976,38464,39752
54,0.3,2,18312,34992,36280
54,0.3,3,19280,35984,37272
54,0.3,4,15696,36640,37928
54,0.3,5,17544,36408,37696
55,0.3,1,21832,42672,43984
55,0.3,2,19752,35008,36320
55,0.3,3,21448,43736,45048
55,0.3,4,27560,45296,46608
55,0.3,5,20136,33280,34592
56,0.3,1,24096,37400,38736
56,0.3,2,26472,41216,42552
56,0.3,3,17368,36056,37392
56,0.3,4,25152,43872,45208
56,0.3,5,17472,30616,31952
57,0.3,1,22104,44328,45688
57,0.3,2,27688,45168,46528
57,0.3,3,27960,47416,48776
57,0.3,4,20824,43608,44968
57,0.3,5,23648,42504,43864
58,0.3,1,25960,43664,45048
58,0.3,2,20416,44056,45440
58,0.3,3,20368,37840,39224
58,0.3,4,17848,31376,32760
58,0.3,5,23576,37976,39360
59,0.3,1,22416,38912,40320
59,0.3,2,23336,44000,45408
59,0.3,3,24536,39608,41016
59,0.3,4,17968,40840,42248
59,0.3,5,19592,36056,37464
60,0.3,1,20064,39704,41136
60,0.3,2,21688,43928,45360
60,0.3,3,19544,44080,45512
60,0.3,4,17792,36648,38080
60,0.3,5,18504,39912,41344
61,0.3,1,23376,37656,39112
61,0.3,2,20296,35160,36616
61,0.3,3,20848,35928,37384
61,0.3,4,29280,44816,46272
61,0.3,5,25344,48352,49808
62,0.3,1,21416,43088,44568
62,0.3,2,25256,41280,42760
62,0.3,3,25832,44304,45784
62,0.3,4,24608,45664,47144
62,0.3,5,30784,53752,55232
63,0.3,1,19632,42552,44056
63,0.3,2,23160,39208,40712
63,0.3,3,25152,44472,45976
63,0.3,4,24008,42728,44232
63,0.3,5,27008,42112,43616
64,0.3,1,29496,47208,48736
64,0.3,2,29560,44552,46080
64,0.3,3,35928,50592,52120
64,0.3,4,20024,46088,47616
64,0.3,5,25128,52000,53528
65,0.3,1,30928,50352,51904
65,0.3,2,31512,46400,47952
65,0.3,3,20320,41760,43312
65,0.3,4,28152,50592,52144
65,0.3,5,20584,39944,41496
66,0.3,1,22696,39584,41160
66,0.3,2,21528,48736,50312
66,0.3,3,23912,44576,46152
66,0.3,4,31864,44056,45632
66,0.3,5,27000,52032,53608
67,0.3,1,28552,52552,54152
67,0.3,2,22192,41176,42776
67,0.3,3,25312,41952,43552
67,0.3,4,33776,49256,50856
67,0.3,5,28328,46864,48464
68,0.3,1,28064,45464,47088
68,0.3,2,29080,43904,45528
68,0.3,3,22000,46072,47696
68,0.3,4,26512,52144,53768
68,0.3,5,28040,54472,56096
69,0.3,1,25080,45712,47360
69,0.3,2,29224,50976,52624
69,0.3,3,26064,44704,46352
69,0.3,4,21528,46880,48528
69,0.3,5,25664,46448,48096
70,0.3,1,25200,43400,45072
70,0.3,2,27104,48144,49816
70,0.3,3,25488,42696,44368
70,0.3,4,25008,48472,50144
70,0.3,5,23856,43248,44920
71,0.3,1,25112,44032,45728
71,0.3,2,25992,46264,47960
71,0.3,3,26216,42576,44272
71,0.3,4,30632,46088,47784
71,0.3,5,32736,52032,53728
72,0.3,1,28392,50408,52128
72,0.3,2,25624,46384,48104
72,0.3,3,32936,54824,56544
72,0.3,4,33456,48928,50648
72,0.3,5,31760,48288,50008
73,0.3,1,40768,61728,63472
73,0.3,2,22584,49104,50848
73,0.3,3,23504,43664,45408
73,0.3,4,22152,44184,45928
73,0.3,5,33608,50776,52520
74,0.3,1,25416,48560,50328
74,0.3,2,22128,43104,44872
74,0.3,3,26184,48528,50296
74,0.3,4,36312,54344,56112
74,0.3,5,24984,50896,52664
75,0.3,1,33752,56408,58200
75,0.3,2,23792,51072,52864
75,0.3,3,32288,56336,58128
75,0.3,4,32736,54752,56544
75,0.3,5,25552,45120,46912
76,0.3,1,25056,59128,60944
76,0.3,2,29792,55976,57792
76,0.3,3,28992,53880,55696
76,0.3,4,20608,43520,45336
76,0.3,5,30320,50816,52632
77,0.3,1,30496,55728,57568
77,0.3,2,24712,39016,40856
77,0.3,3,32296,56552,58392
77,0.3,4,31720,53064,54904
77,0.3,5,30528,61384,63224
78,0.3,1,36304,64944,66808
78,0.3,2,32976,54432,56296
78,0.3,3,31656,60200,62064
78,0.3,4,28760,56288,58152
78,0.3,5,29856,53008,54872
79,0.3,1,27568,45264,47152
79,0.3,2,28608,49920,51808
79,0.3,3,31480,54704,56592
79,0.3,4,31792,56176,58064
79,0.3,5,29936,56712,58600
80,0.3,1,28984,56800,58712
80,0.3,2,33904,51216,53128
80,0.3,3,30376,53944,55856
80,0.3,4,32112,48672,50584
80,0.3,5,29680,52784,54696
81,0.3,1,37024,68352,70288
81,0.3,2,28344,49432,51368
81,0.3,3,31928,57640,59576
81,0.3,4,30848,62760,64696
81,0.3,5,23160,45712,47648
82,0.3,1,29944,49216,51176
82,0.3,2,29512,50472,52432
82,0.3,3,37848,67016,68976
82,0.3,4,41200,58544,60504
82,0.3,5,38936,56648,58608
83,0.3,1,26264,50360,52344
83,0.3,2,37240,63240,65224
83,0.3,3,31880,56600,58584
83,0.3,4,29488,55640,57624
83,0.3,5,37128,63368,65352
84,0.3,1,32112,47776,49784
84,0.3,2,33656,62280,64288
84,0.3,3,36824,53856,55864
84,0.3,4,31088,57704,59712
84,0.3,5,27696,56360,58368
85,0.3,1,35896,65616,67648
85,0.3,2,30080,53336,55368
85,0.3,3,40472,63984,66016
85,0.3,4,40640,62752,64784
85,0.3,5,36680,55928,57960
86,0.3,1,42312,66040,68096
86,0.3,2,26912,49608,51664
86,0.3,3,32520,54920,56976
86,0.3,4,34072,56328,58384
86,0.3,5,45824,64968,67024
87,0.3,1,34592,60112,62192
87,0.3,2,37736,56312,58392
87,0.3,3,31296,64216,66296
87,0.3,4,33600,64112,66192
87,0.3,5,50480,68096,70176
88,0.3,1,36952,57392,59496
88,0.3,2,42200,65160,67264
88,0.3,3,33040,61200,63304
88,0.3,4,36000,58448,60552
88,0.3,5,32520,70992,73096
89,0.3,1,32880,56192,58320
89,0.3,2,42936,72552,74680
89,0.3,3,38104,59672,61800
89,0.3,4,39608,69024,71152
89,0.3,5,38040,59928,62056
90,0.3,1,34248,65760,67912
90,0.3,2,42456,64472,66624
90,0.3,3,37344,62952,65104
90,0.3,4,37888,67800,69952
90,0.3,5,36880,62912,65064
91,0.3,1,25928,60672,62848
91,0.3,2,33248,59192,61368
91,0.3,3,44080,70904,73080
91,0.3,4,22392,54560,56736
91,0.3,5,43856,68320,70496
92,0.3,1,27848,51376,53576
92,0.3,2,38448,63576,65776
92,0.3,3,36144,63112,65312
92,0.3,4,42960,56872,59072
92,0.3,5,40976,67608,69808
93,0.3,1,42168,57096,59320
93,0.3,2,40320,69880,72104
93,0.3,3,40936,74032,76256
93,0.3,4,37320,65184,67408
93,0.3,5,34744,58240,60464
94,0.3,1,35104,69344,71592
94,0.3,2,35592,59200,61448
94,0.3,3,38208,69928,72176
94,0.3,4,34632,54704,56952
94,0.3,5,40304,62768,65016
95,0.3,1,34616,64984,67256
95,0.3,2,36216,65368,67640
95,0.3,3,39416,70840,73112
95,0.3,4,40808,78576,80848
95,0.3,5,36136,67392,69664
96,0.3,1,34288,72200,74496
96,0.3,2,33608,66400,68696
96,0.3,3,37040,63544,65840
96,0.3,4,38072,72656,74952
96,0.3,5,43152,63496,65792
97,0.3,1,34864,61488,63808
97,0.3,2,46504,76216,78536
97,0.3,3,36456,70152,72472
97,0.3,4,38224,64064,66384
97,0.3,5,39056,62328,64648
98,0.3,1,39112,58736,61080
98,0.3,2,40112,66392,68736
98,0.3,3,34880,59888,62232
98,0.3,4,41368,68712,71056
98,0.3,5,44712,70664,73008
99,0.3,1,39456,63784,66152
99,0.3,2,35496,64280,66648
99,0.3,3,46080,64912,67280
99,0.3,4,40576,68232,70600
99,0.3,5,33128,63416,65784
100,0.3,1,43904,74176,76568
100,0.3,2,39432,71760,74152
100,0.3,3,36560,67616,70008
100,0.3,4,40696,71000,73392
100,0.3,5,37472,79040,81432
1,0.4,1,1992,16,16
1,0.4,2,1992,16,16
1,0.4,3,1992,16,16
1,0.4,4,1992,16,16
1,0.4,5,1992,16,16
2,0.4,1,2056,320,344
2,0.4,2,2848,1400,1424
2,0.4,3,2080,496,520
2,0.4,4,2056,240,264
2,0.4,5,2384,1592,1616
3,0.4,1,2640,1536,1584
3,0.4,2,2624,3792,3840
3,0.4,3,2120,544,592
3,0.4,4,2752,2520,2584
3,0.4,5,2144,952,984
4,0.4,1,2232,2864,2936
4,0.4,2,3408,3752,3840
4,0.4,3,3392,2456,2528
4,0.4,4,2536,3376,3464
4,0.4,5,2352,1200,1272
5,0.4,1,3512,5336,5416
5,0.4,2,3552,3088,3184
5,0.4,3,2640,4168,4280
5,0.4,4,2728,3216,3312
5,0.4,5,3296,3176,3272
6,0.4,1,2808,3352,3456
6,0.4,2,4128,4312,4432
6,0.4,3,2336,2480,2600
6,0.4,4,2848,2824,2944
6,0.4,5,3552,3392,3512
7,0.4,1,2680,3616,3760
7,0.4,2,4384,5864,6024
7,0.4,3,3976,4696,4856
7,0.4,4,3608,3464,3608
7,0.4,5,2424,3296,3440
8,0.4,1,5344,5408,5576
8,0.4,2,4920,5712,5880
8,0.4,3,3568,5376,5560
8,0.4,4,4104,6256,6440
8,0.4,5,3352,5304,5456
9,0.4,1,4224,5968,6160
9,0.4,2,2920,6176,6384
9,0.4,3,4928,7088,7296
9,0.4,4,4728,6376,6568
9,0.4,5,5760,7672,7880
10,0.4,1,3272,4248,4464
10,0.4,2,9952,12296,12512
10,0.4,3,5552,7872,8088
10,0.4,4,3896,9008,9240
10,0.4,5,4336,7384,7616
11,0.4,1,6336,8344,8584
11,0.4,2,5392,5640,5880
11,0.4,3,6824,8664,8920
11,0.4,4,3400,8552,8792
11,0.4,5,6000,7376,7632
12,0.4,1,6384,9000,9280
12,0.4,2,5264,9000,9280
12,0.4,3,7696,8792,9072
12,0.4,4,4032,9000,9280
12,0.4,5,6280,8072,8352
13,0.4,1,6960,12984,13288
13,0.4,2,5320,11752,12056
13,0.4,3,7176,14464,14768
13,0.4,4,7056,8576,8880
13,0.4,5,8824,13408,13712
14,0.4,1,8088,12544,12856
14,0.4,2,6112,10072,10400
14,0.4,3,6640,10880,11192
14,0.4,4,3928,8200,8512
14,0.4,5,6640,9152,9480
15,0.4,1,3800,8520,8856
15,0.4,2,5000,9944,10296
15,0.4,3,4856,7816,8168
15,0.4,4,4400,9464,9816
15,0.4,5,8976,10624,10976
16,0.4,1,6736,9920,10296
16,0.4,2,8216,13960,14336
16,0.4,3,7256,11336,11712
16,0.4,4,9960,14008,14384
16,0.4,5,6024,10432,10808
17,0.4,1,6096,10272,10672
17,0.4,2,6904,10408,10792
17,0.4,3,6656,9584,9984
17,0.4,4,7712,12776,13176
17,0.4,5,6848,13664,14064
18,0.4,1,8752,14752,15176
18,0.4,2,7352,10976,11400
18,0.4,3,8848,14264,14688
18,0.4,4,8808,14656,15080
18,0.4,5,8688,12152,12576
19,0.4,1,6944,13352,13800
19,0.4,2,8072,16312,16760
19,0.4,3,6352,9480,9912
19,0.4,4,7312,15136,15584
19,0.4,5,6944,12872,13304
20,0.4,1,6912,12160,12632
20,0.4,2,7792,17240,17712
20,0.4,3,8160,18296,18768
20,0.4,4,6968,15200,15672
20,0.4,5,5544,10808,11264
21,0.4,1,12976,20032,20528
21,0.4,2,9344,18328,18824
21,0.4,3,7960,11896,12392
21,0.4,4,9000,16800,17296
21,0.4,5,5000,11040,11536
22,0.4,1,6216,10376,10896
22,0.4,2,6136,17904,18424
22,0.4,3,11152,19032,19552
22,0.4,4,13560,19504,20024
22,0.4,5,8720,18696,19216
23,0.4,1,10360,20648,21192
23,0.4,2,10952,18104,18648
23,0.4,3,9776,15024,15568
23,0.4,4,11992,17408,17952
23,0.4,5,7216,17296,17840
24,0.4,1,13088,23992,24560
24,0.4,2,8816,21088,21656
24,0.4,3,11896,19560,20128
24,0.4,4,8744,17512,18080
24,0.4,5,8792,16928,17496
25,0.4,1,14600,24800,25392
25,0.4,2,10568,17304,17896
25,0.4,3,8616,17056,17648
25,0.4,4,9544,16912,17504
25,0.4,5,9504,22176,22768
26,0.4,1,11632,23024,23640
26,0.4,2,6664,18088,18704
26,0.4,3,7592,20528,21144
26,0.4,4,11896,23840,24456
26,0.4,5,10056,14328,14928
27,0.4,1,11536,22328,22968
27,0.4,2,10096,16960,17600
27,0.4,3,7736,21912,22552
27,0.4,4,11944,17744,18384
27,0.4,5,10472,19936,20576
28,0.4,1,13768,21040,21704
28,0.4,2,12520,25744,26408
28,0.4,3,9664,15496,16160
28,0.4,4,8344,20864,21528
28,0.4,5,8936,17672,18336
29,0.4,1,12864,21136,21824
29,0.4,2,11128,22656,23344
29,0.4,3,11776,15896,16584
29,0.4,4,15744,26872,27560
29,0.4,5,14592,25896,26584
30,0.4,1,14488,27048,27760
30,0.4,2,11600,22120,22832
30,0.4,3,13440,23552,24264
30,0.4,4,9616,19480,20192
30,0.4,5,13680,22224,22936
31,0.4,1,9984,22264,23000
31,0.4,2,14392,22224,22960
31,0.4,3,12104,23600,24336
31,0.4,4,14224,25952,26688
31,0.4,5,15352,21704,22440
32,0.4,1,9896,25064,25824
32,0.4,2,16360,24184,24944
32,0.4,3,14056,28624,29384
32,0.4,4,10920,23520,24280
32,0.4,5,13656,22552,23312
33,0.4,1,13032,25696,26480
33,0.4,2,15536,25232,26016
33,0.4,3,16424,27168,27952
33,0.4,4,14704,20984,21768
33,0.4,5,10008,23752,24536
34,0.4,1,13440,26072,26880
34,0.4,2,12864,25352,26160
34,0.4,3,16888,25408,26216
34,0.4,4,10080,19408,20216
34,0.4,5,12328,25800,26608
35,0.4,1,14720,32136,32968
35,0.4,2,8488,23440,24272
35,0.4,3,13416,25008,25840
35,0.4,4,11816,20904,21736
35,0.4,5,17952,28840,29672
36,0.4,1,11344,27384,28240
36,0.4,2,12928,27152,28008
36,0.4,3,15072,26184,27040
36,0.4,4,13856,27064,27920
36,0.4,5,11912,20392,21232
37,0.4,1,14224,30688,31568
37,0.4,2,15664,25472,26352
37,0.4,3,18536,26984,27864
37,0.4,4,11096,27152,28032
37,0.4,5,8920,19864,20744
38,0.4,1,18768,29016,29920
38,0.4,2,21416,29784,30688
38,0.4,3,14008,26616,27520
38,0.4,4,13976,23000,23904
38,0.4,5,11992,28200,29104
39,0.4,1,15864,25888,26816
39,0.4,2,11464,22840,23768
39,0.4,3,15472,22472,23400
39,0.4,4,12984,26048,26976
39,0.4,5,14792,27912,28840
40,0.4,1,13984,31280,32232
40,0.4,2,16848,26472,27424
40,0.4,3,14528,28800,29752
40,0.4,4,20624,30232,31184
40,0.4,5,23576,37176,38128
41,0.4,1,15632,25688,26664
41,0.4,2,25400,41200,42176
41,0.4,3,24360,34336,35312
41,0.4,4,13984,28936,29912
41,0.4,5,12800,27448,28424
42,0.4,1,13856,29088,30088
42,0.4,2,19056,25520,26520
42,0.4,3,14024,28992,29992
42,0.4,4,18392,29824,30824
42,0.4,5,17552,31520,32520
43,0.4,1,20048,27272,28296
43,0.4,2,17224,28024,29048
43,0.4,3,16304,27344,28368
43,0.4,4,17288,29112,30136
43,0.4,5,14752,29528,30552
44,0.4,1,15624,26280,27328
44,0.4,2,14304,32672,33720
44,0.4,3,13600,26304,27352
44,0.4,4,17568,34024,35072
44,0.4,5,14272,28912,29960
45,0.4,1,15968,28400,29472
45,0.4,2,12792,29984,31056
45,0.4,3,23104,33200,34272
45,0.4,4,14944,27784,28856
45,0.4,5,18664,33608,34680
46,0.4,1,16368,28256,29352
46,0.4,2,15816,32768,33864
46,0.4,3,20504,36912,38008
46,0.4,4,24632,36600,37696
46,0.4,5,19624,34144,35240
47,0.4,1,21472,33760,34880
47,0.4,2,20264,38600,39720
47,0.4,3,13288,27592,28712
47,0.4,4,13184,26456,27576
47,0.4,5,17968,33192,34312
48,0.4,1,16488,33232,34376
48,0.4,2,18240,35152,36296
48,0.4,3,17768,36592,37736
48,0.4,4,23304,36792,37936
48,0.4,5,17936,31968,33112
49,0.4,1,16584,32544,33712
49,0.4,2,26104,41360,42528
49,0.4,3,18160,34520,35688
49,0.4,4,22392,37416,38584
49,0.4,5,19720,30880,32048
50,0.4,1,16632,34448,35640
50,0.4,2,22368,37952,39144
50,0.4,3,17392,34376,35568
50,0.4,4,17528,35224,36416
50,0.4,5,12464,33272,34464
51,0.4,1,22272,33288,34504
51,0.4,2,16016,30304,31520
51,0.4,3,20080,38480,39696
51,0.4,4,16824,37424,38640
51,0.4,5,20120,34648,35864
52,0.4,1,21944,38848,40088
52,0.4,2,16456,28800,30040
52,0.4,3,13856,31832,33072
52,0.4,4,24160,42880,44120
52,0.4,5,14272,33488,34728
53,0.4,1,16152,29824,31088
53,0.4,2,16088,37112,38376
53,0.4,3,24776,39496,40760
53,0.4,4,24064,45040,46304
53,0.4,5,25424,41328,42592
54,0.4,1,19840,37224,38512
54,0.4,2,27480,39376,40664
54,0.4,3,17320,35400,36688
54,0.4,4,18944,34080,35368
54,0.4,5,18608,37200,38488
55,0.4,1,21920,41016,42328
55,0.4,2,21120,38696,40008
55,0.4,3,20784,38784,40096
55,0.4,4,22976,46488,47800
55,0.4,5,19728,35744,37056
56,0.4,1,22456,35288,36624
56,0.4,2,24248,40816,42152
56,0.4,3,15112,33976,35312
56,0.4,4,21000,36088,37424
56,0.4,5,20840,35408,36744
57,0.4,1,27128,47264,48624
57,0.4,2,23600,39120,40480
57,0.4,3,26248,42560,43920
57,0.4,4,19248,37344,38704
57,0.4,5,21576,36032,37392
58,0.4,1,24952,42104,43488
58,0.4,2,21280,42224,43608
58,0.4,3,31920,44024,45408
58,0.4,4,20816,38856,40240
58,0.4,5,28864,39264,40648
59,0.4,1,20328,38960,40368
59,0.4,2,26160,47536,48944
59,0.4,3,24536,38472,39880
59,0.4,4,27640,42592,44000
59,0.4,5,22448,39736,41144
60,0.4,1,31256,41848,43280
60,0.4,2,29200,45264,46696
60,0.4,3,24184,39856,41288
60,0.4,4,20776,39936,41368
60,0.4,5,30200,47304,48736
61,0.4,1,21288,43712,45168
61,0.4,2,31032,48584,50040
61,0.4,3,19256,34144,35600
61,0.4,4,22912,47248,48704
61,0.4,5,23776,42272,43728
62,0.4,1,18840,41080,42560
62,0.4,2,28960,51424,52904
62,0.4,3,14296,35704,37184
62,0.4,4,24088,42992,44472
62,0.4,5,23424,40088,41568
63,0.4,1,20208,37496,39000
63,0.4,2,20416,39776,41280
63,0.4,3,20432,38336,39840
63,0.4,4,25424,41512,43016
63,0.4,5,19032,38912,40416
64,0.4,1,25400,36928,38456
64,0.4,2,22224,43488,45016
64,0.4,3,27720,44992,46520
64,0.4,4,18768,50992,52520
64,0.4,5,25952,45616,47144
65,0.4,1,29720,52704,54256
65,0.4,2,24368,45920,47472
65,0.4,3,24952,43504,45056
65,0.4,4,21496,52440,53992
65,0.4,5,24024,42336,43888
66,0.4,1,26856,45368,46944
66,0.4,2,33032,60344,61920
66,0.4,3,25776,41784,43360
66,0.4,4,25528,44392,45968
66,0.4,5,26184,50752,52328
67,0.4,1,20040,40504,42104
67,0.4,2,24792,47576,49176
67,0.4,3,27872,46592,48192
67,0.4,4,30648,46480,48080
67,0.4,5,35992,53496,55096
68,0.4,1,24600,42840,44464
68,0.4,2,20168,47672,49296
68,0.4,3,23544,45808,47432
68,0.4,4,19792,41416,43040
68,0.4,5,23568,49176,50800
69,0.4,1,25864,47616,49264
69,0.4,2,27024,49432,51080
69,0.4,3,23416,42376,44024
69,0.4,4,25384,40544,42192
69,0.4,5,25096,40088,41736
70,0.4,1,27416,50624,52296
70,0.4,2,33056,50984,52656
70,0.4,3,26976,48824,50496
70,0.4,4,24136,49064,50736
70,0.4,5,31264,47160,48832
71,0.4,1,25072,43560,45256
71,0.4,2,28080,55744,57440
71,0.4,3,31248,56608,58304
71,0.4,4,30112,54192,55888
71,0.4,5,30280,45816,47512
72,0.4,1,21784,46064,47784
72,0.4,2,31368,52944,54664
72,0.4,3,31016,43200,44920
72,0.4,4,30784,51376,53096
72,0.4,5,17864,48664,50384
73,0.4,1,27360,52232,53976
73,0.4,2,26008,42952,44696
73,0.4,3,20552,51784,53528
73,0.4,4,25792,52080,53824
73,0.4,5,30888,57000,58744
74,0.4,1,30112,49824,51592
74,0.4,2,27128,54016,55784
74,0.4,3,27104,49288,51056
74,0.4,4,26336,54200,55968
74,0.4,5,28592,60232,62000
75,0.4,1,24576,50896,52688
75,0.4,2,33792,57552,59344
75,0.4,3,39448,53600,55392
75,0.4,4,26280,45296,47088
75,0.4,5,30536,47504,49296
76,0.4,1,26656,41168,42984
76,0.4,2,31672,54496,56312
76,0.4,3,28288,47672,49488
76,0.4,4,28776,49792,51608
76,0.4,5,29440,52968,54784
77,0.4,1,31904,48120,49960
77,0.4,2,26240,46016,47856
77,0.4,3,28808,53408,55248
77,0.4,4,27208,47424,49264
77,0.4,5,35408,53328,55168
78,0.4,1,26824,50328,52192
78,0.4,2,23760,53968,55832
78,0.4,3,27936,50720,52584
78,0.4,4,26664,46720,48584
78,0.4,5,26120,57136,59000
79,0.4,1,32024,56136,58024
79,0.4,2,30624,51448,53336
79,0.4,3,33184,63184,65072
79,0.4,4,22128,55352,57240
79,0.4,5,29104,52040,53928
80,0.4,1,38120,58400,60312
80,0.4,2,25144,50592,52504
80,0.4,3,32736,60440,62352
80,0.4,4,26216,48488,50400
80,0.4,5,38568,55144,57056
81,0.4,1,32424,46656,48592
81,0.4,2,42600,57656,59592
81,0.4,3,30632,52288,54224
81,0.4,4,37360,55968,57904
81,0.4,5,27584,57688,59624
82,0.4,1,35824,51880,53840
82,0.4,2,28496,48856,50816
82,0.4,3,33200,64432,66392
82,0.4,4,42184,63232,65192
82,0.4,5,26336,47344,49304
83,0.4,1,27304,53720,55704
83,0.4,2,37752,60136,62120
83,0.4,3,35496,65544,67528
83,0.4,4,27752,54352,56336
83,0.4,5,34392,56136,58120
84,0.4,1,34288,55480,57488
84,0.4,2,32344,62256,64264
84,0.4,3,24768,54968,56976
84,0.4,4,27904,50408,52416
84,0.4,5,35624,62432,64440
85,0.4,1,36688,59400,61432
85,0.4,2,36672,60112,62144
85,0.4,3,41752,60040,62072
85,0.4,4,29392,56320,58352
85,0.4,5,29896,52904,54936
86,0.4,1,41504,61048,63104
86,0.4,2,42488,66440,68496
86,0.4,3,45080,73640,75696
86,0.4,4,39344,60840,62896
86,0.4,5,32248,64416,66472
87,0.4,1,35944,58912,60992
87,0.4,2,30968,56504,58584
87,0.4,3,41032,65336,67416
87,0.4,4,37464,60104,62184
87,0.4,5,34176,57904,59984
88,0.4,1,33208,68928,71032
88,0.4,2,35664,64280,66384
88,0.4,3,40824,65472,67576
88,0.4,4,36520,58872,60976
88,0.4,5,45712,71320,73424
89,0.4,1,34624,59720,61848
89,0.4,2,41608,68224,70352
89,0.4,3,42984,70584,72712
89,0.4,4,33872,64496,66624
89,0.4,5,32784,59088,61216
90,0.4,1,42232,65688,67840
90,0.4,2,36480,59816,61968
90,0.4,3,38216,73848,76000
90,0.4,4,29064,57664,59816
90,0.4,5,38112,54832,56984
91,0.4,1,44088,68552,70728
91,0.4,2,30048,60736,62912
91,0.4,3,43736,62240,64416
91,0.4,4,40304,65768,67944
91,0.4,5,29136,59696,61872
92,0.4,1,45472,70312,72512
92,0.4,2,31704,60560,62760
92,0.4,3,43520,62216,64416
92,0.4,4,38944,69288,71488
92,0.4,5,36672,61040,63240
93,0.4,1,47024,74904,77128
93,0.4,2,39872,62456,64680
93,0.4,3,37528,70960,73184
93,0.4,4,44440,69384,71608
93,0.4,5,31832,63184,65408
94,0.4,1,43896,70160,72408
94,0.4,2,32504,59784,62032
94,0.4,3,33024,59976,62224
94,0.4,4,34968,65896,68144
94,0.4,5,31504,59976,62224
95,0.4,1,38560,63240,65512
95,0.4,2,47400,71608,73880
95,0.4,3,34720,57040,59312
95,0.4,4,36368,58440,60712
95,0.4,5,35496,62064,64336
96,0.4,1,31760,58200,60496
96,0.4,2,41576,62784,65080
96,0.4,3,35344,63640,65936
96,0.4,4,45912,67360,69656
96,0.4,5,40824,65256,67552
97,0.4,1,41392,68128,70448
97,0.4,2,44640,69552,71872
97,0.4,3,46168,68312,70632
97,0.4,4,36936,56424,58744
97,0.4,5,44408,82216,84536
98,0.4,1,38216,65256,67600
98,0.4,2,41048,68400,70744
98,0.4,3,38928,60832,63176
98,0.4,4,36616,70336,72680
98,0.4,5,40280,70016,72360
99,0.4,1,28600,66544,68912
99,0.4,2,36800,67880,70248
99,0.4,3,44232,77688,80056
99,0.4,4,43016,74208,76576
99,0.4,5,32120,63400,65768
100,0.4,1,41424,69736,72128
100,0.4,2,39136,74768,77160
100,0.4,3,39712,59448,61840
100,0.4,4,44872,74448,76840
100,0.4,5,45960,79872,82264
1,0.5,1,1992,16,16
1,0.5,2,1992,16,16
1,0.5,3,1992,16,16
1,0.5,4,1992,16,16
1,0.5,5,1992,16,16
2,0.5,1,2056,280,304
2,0.5,2,2408,784,808
2,0.5,3,2056,320,344
2,0.5,4,2056,304,328
2,0.5,5,2424,960,984
3,0.5,1,2896,3472,3504
3,0.5,2,3912,3608,3656
3,0.5,3,2856,2088,2152
3,0.5,4,3816,2040,2088
3,0.5,5,2488,2368,2416
4,0.5,1,2688,2744,2832
4,0.5,2,2848,3016,3104
4,0.5,3,3040,1760,1832
4,0.5,4,3680,3584,3656
4,0.5,5,2992,2632,2704
5,0.5,1,4680,3456,3568
5,0.5,2,2440,1824,1920
5,0.5,3,3640,4552,4664
5,0.5,4,3528,5200,5312
5,0.5,5,3480,3240,3336
6,0.5,1,2360,3224,3344
6,0.5,2,2896,3304,3440
6,0.5,3,4872,4464,4584
6,0.5,4,4272,3480,3600
6,0.5,5,4344,6008,6144
7,0.5,1,3264,5640,5800
7,0.5,2,5320,7280,7424
7,0.5,3,3504,4872,5032
7,0.5,4,3248,3864,3992
7,0.5,5,4272,5128,5288
8,0.5,1,3912,5456,5640
8,0.5,2,3528,4872,5056
8,0.5,3,3776,4656,4824
8,0.5,4,4480,7872,8056
8,0.5,5,6056,6168,6336
9,0.5,1,5840,8104,8312
9,0.5,2,4608,5416,5624
9,0.5,3,3536,6744,6952
9,0.5,4,5224,6648,6840
9,0.5,5,4336,7440,7648
10,0.5,1,3688,6448,6680
10,0.5,2,3240,6944,7160
10,0.5,3,6016,10648,10880
10,0.5,4,4320,6768,7000
10,0.5,5,5752,6072,6304
11,0.5,1,5160,8880,9136
11,0.5,2,6168,8544,8800
11,0.5,3,3984,6360,6600
11,0.5,4,8144,8480,8736
11,0.5,5,3944,6192,6432
12,0.5,1,4800,10344,10592
12,0.5,2,4672,6304,6584
12,0.5,3,4632,7400,7680
12,0.5,4,4280,6424,6688
12,0.5,5,6400,9520,9784
13,0.5,1,5720,11168,11472
13,0.5,2,6784,11064,11352
13,0.5,3,3728,6560,6864
13,0.5,4,9168,8632,8936
13,0.5,5,4896,12320,12624
14,0.5,1,7320,11984,12296
14,0.5,2,5576,11120,11448
14,0.5,3,4960,8008,8320
14,0.5,4,7616,10912,11240
14,0.5,5,6272,9232,9544
15,0.5,1,5592,9720,10056
15,0.5,2,5832,10544,10896
15,0.5,3,4384,8696,9048
15,0.5,4,8048,11240,11592
15,0.5,5,6832,9424,9776
16,0.5,1,4616,9472,9848
16,0.5,2,8264,10912,11272
16,0.5,3,7144,13920,14296
16,0.5,4,4936,10880,11256
16,0.5,5,6136,10304,10680
17,0.5,1,5560,12240,12640
17,0.5,2,9200,14192,14576
17,0.5,3,10432,13072,13472
17,0.5,4,5904,7504,7904
17,0.5,5,11784,15000,15400
18,0.5,1,8472,15096,15520
18,0.5,2,6088,12696,13104
18,0.5,3,13336,18360,18784
18,0.5,4,9264,11688,12096
18,0.5,5,7504,14224,14648
19,0.5,1,5568,13224,13672
19,0.5,2,10224,15880,16328
19,0.5,3,10440,19736,20184
19,0.5,4,7536,15408,15856
19,0.5,5,6416,14512,14960
20,0.5,1,7240,14352,14824
20,0.5,2,8632,14416,14888
20,0.5,3,5880,11208,11680
20,0.5,4,8440,11664,12136
20,0.5,5,6592,9728,10200
21,0.5,1,10288,16568,17064
21,0.5,2,8248,13264,13760
21,0.5,3,7240,13448,13944
21,0.5,4,8792,15336,15832
21,0.5,5,8224,12688,13184
22,0.5,1,8272,10192,10712
22,0.5,2,7288,15704,16224
22,0.5,3,8632,16624,17144
22,0.5,4,11728,15320,15840
22,0.5,5,7064,12896,13416
23,0.5,1,7840,21352,21896
23,0.5,2,9792,15264,15808
23,0.5,3,11176,20488,21032
23,0.5,4,6488,19832,20376
23,0.5,5,9528,13096,13640
24,0.5,1,12056,19584,20152
24,0.5,2,9704,17672,18240
24,0.5,3,7016,13936,14504
24,0.5,4,9672,15360,15928
24,0.5,5,9928,18704,19272
25,0.5,1,9184,14448,15040
25,0.5,2,7408,17112,17704
25,0.5,3,12744,21880,22472
25,0.5,4,12896,17088,17680
25,0.5,5,7568,15728,16320
26,0.5,1,9872,25960,26576
26,0.5,2,10384,14784,15400
26,0.5,3,14160,21760,22376
26,0.5,4,9776,18376,18992
26,0.5,5,10656,15592,16208
27,0.5,1,9296,19640,20280
27,0.5,2,9048,16736,17376
27,0.5,3,11288,17112,17736
27,0.5,4,11784,18832,19472
27,0.5,5,7136,16592,17232
28,0.5,1,8376,19216,19880
28,0.5,2,9896,14752,15416
28,0.5,3,16440,22744,23408
28,0.5,4,11064,17552,18216
28,0.5,5,15288,26016,26680
29,0.5,1,8784,17072,17760
29,0.5,2,14488,20192,20880
29,0.5,3,10584,21536,22224
29,0.5,4,11544,16720,17408
29,0.5,5,14728,17248,17920
30,0.5,1,18352,22024,22736
30,0.5,2,12264,20328,21040
30,0.5,3,7224,18320,19032
30,0.5,4,11384,20880,21592
30,0.5,5,11984,24472,25184
31,0.5,1,13904,21752,22488
31,0.5,2,10176,18888,19624
31,0.5,3,10840,18992,19728
31,0.5,4,8264,21936,22672
31,0.5,5,7816,17824,18560
32,0.5,1,10984,22504,23264
32,0.5,2,9960,20128,20888
32,0.5,3,11992,23408,24168
32,0.5,4,12128,22608,23368
32,0.5,5,11728,20648,21408
33,0.5,1,15672,25536,26320
33,0.5,2,16752,24072,24856
33,0.5,3,12984,21592,22376
33,0.5,4,10624,26208,26992
33,0.5,5,13296,24024,24808
34,0.5,1,16008,26184,26992
34,0.5,2,12640,18208,19016
34,0.5,3,12736,22800,23608
34,0.5,4,10464,21568,22376
34,0.5,5,13576,25504,26312
35,0.5,1,12832,22904,23736
35,0.5,2,18968,27048,27880
35,0.5,3,11936,22096,22928
35,0.5,4,11808,23920,24752
35,0.5,5,8768,16288,17104
36,0.5,1,12232,28272,29128
36,0.5,2,16120,22256,23112
36,0.5,3,9400,27168,28024
36,0.5,4,13512,27560,28416
36,0.5,5,14040,23632,24488
37,0.5,1,16016,28544,29424
37,0.5,2,14616,25664,26544
37,0.5,3,20648,36696,37576
37,0.5,4,20368,31976,32856
37,0.5,5,12840,25368,26248
38,0.5,1,12072,22672,23576
38,0.5,2,11152,20968,21872
38,0.5,3,10840,24832,25736
38,0.5,4,20072,28960,29864
38,0.5,5,14736,32320,33224
39,0.5,1,13920,26552,27480
39,0.5,2,15224,27328,28256
39,0.5,3,20376,35144,36072
39,0.5,4,18768,36992,37920
39,0.5,5,16648,24184,25112
40,0.5,1,15368,25912,26864
40,0.5,2,20432,31456,32408
40,0.5,3,11776,29976,30928
40,0.5,4,15024,27760,28712
40,0.5,5,18968,32200,33152
41,0.5,1,18664,29232,30208
41,0.5,2,13552,27328,28304
41,0.5,3,18824,26512,27488
41,0.5,4,18368,34016,34992
41,0.5,5,11480,23208,24184
42,0.5,1,15464,24040,25040
42,0.5,2,15696,29888,30888
42,0.5,3,14760,28728,29728
42,0.5,4,13392,28256,29256
42,0.5,5,18464,25432,26432
43,0.5,1,14600,31304,32328
43,0.5,2,19848,31832,32856
43,0.5,3,21040,32584,33608
43,0.5,4,16744,30936,31960
43,0.5,5,19224,24952,25976
44,0.5,1,21984,27672,28720
44,0.5,2,16984,31104,32152
44,0.5,3,15392,29888,30936
44,0.5,4,17920,34952,36000
44,0.5,5,14056,33216,34264
45,0.5,1,18824,33704,34776
45,0.5,2,17880,26720,27792
45,0.5,3,23272,34080,35152
45,0.5,4,18520,32544,33616
45,0.5,5,15336,26152,27224
46,0.5,1,17120,31008,32104
46,0.5,2,15064,29384,30480
46,0.5,3,21096,35128,36224
46,0.5,4,14288,30480,31576
46,0.5,5,23328,31424,32520
47,0.5,1,15200,33064,34184
47,0.5,2,20936,31848,32968
47,0.5,3,24984,36000,37120
47,0.5,4,22104,43616,44736
47,0.5,5,19136,28936,30056
48,0.5,1,19808,33968,35112
48,0.5,2,21016,36616,37760
48,0.5,3,17776,31152,32296
48,0.5,4,25768,37352,38496
48,0.5,5,22384,34936,36080
49,0.5,1,24888,40112,41280
49,0.5,2,18216,35520,36688
49,0.5,3,19480,32680,33848
49,0.5,4,17344,37848,39016
49,0.5,5,19016,37336,38504
50,0.5,1,23800,41424,42616
50,0.5,2,16128,32744,33936
50,0.5,3,16272,34208,35400
50,0.5,4,22040,35824,37016
50,0.5,5,21096,33776,34968
51,0.5,1,24760,42632,43848
51,0.5,2,15008,32544,33760
51,0.5,3,15896,35928,37144
51,0.5,4,22672,36040,37256
51,0.5,5,18912,35752,36968
52,0.5,1,19184,37696,38936
52,0.5,2,19696,31248,32488
52,0.5,3,13336,28752,29992
52,0.5,4,17376,35088,36328
52,0.5,5,18192,33624,34864
53,0.5,1,17176,43088,44352
53,0.5,2,16192,36112,37376
53,0.5,3,20224,34256,35520
53,0.5,4,19368,37248,38512
53,0.5,5,26128,41704,42968
54,0.5,1,19808,33680,34968
54,0.5,2,22944,39368,40656
54,0.5,3,17504,35976,37264
54,0.5,4,16864,33536,34824
54,0.5,5,15368,33920,35208
55,0.5,1,19216,36648,37960
55,0.5,2,17896,32320,33632
55,0.5,3,17264,32800,34112
55,0.5,4,28336,41312,42624
55,0.5,5,23136,40136,41448
56,0.5,1,27656,41920,43256
56,0.5,2,23488,40880,42216
56,0.5,3,19872,37248,38584
56,0.5,4,23672,42040,43376
56,0.5,5,16752,35968,37304
57,0.5,1,20616,40200,41560
57,0.5,2,29384,47496,48856
57,0.5,3,17968,38136,39496
57,0.5,4,25080,41968,43328
57,0.5,5,26464,44752,46112
58,0.5,1,19096,47680,49064
58,0.5,2,26984,41584,42968
58,0.5,3,18272,37528,38912
58,0.5,4,22568,34856,36240
58,0.5,5,26728,44768,46152
59,0.5,1,24680,43096,44504
59,0.5,2,22256,38624,40032
59,0.5,3,23280,39144,40552
59,0.5,4,21272,37272,38680
59,0.5,5,28648,45736,47144
60,0.5,1,24440,36744,38176
60,0.5,2,17544,36568,38000
60,0.5,3,22904,46688,48120
60,0.5,4,28328,42928,44360
60,0.5,5,20920,36048,37480
61,0.5,1,26960,49000,50456
61,0.5,2,32000,49568,51024
61,0.5,3,19608,36464,37920
61,0.5,4,23616,44632,46088
61,0.5,5,23168,47024,48480
62,0.5,1,22968,41528,43008
62,0.5,2,25432,42728,44208
62,0.5,3,20128,43320,44800
62,0.5,4,24920,41984,43464
62,0.5,5,26768,47048,48528
63,0.5,1,20344,37320,38824
63,0.5,2,21344,45144,46648
63,0.5,3,28624,47264,48768
63,0.5,4,24776,44432,45936
63,0.5,5,23448,42040,43544
64,0.5,1,28608,46800,48328
64,0.5,2,27208,52664,54192
64,0.5,3,30416,49272,50800
64,0.5,4,21424,42760,44288
64,0.5,5,22272,42672,44200
65,0.5,1,24160,38216,39768
65,0.5,2,23248,45280,46832
65,0.5,3,26208,46664,48216
65,0.5,4,20712,42816,44368
65,0.5,5,25032,50152,51704
66,0.5,1,20864,38376,39952
66,0.5,2,28208,47424,49000
66,0.5,3,20392,36176,37752
66,0.5,4,31440,43424,45000
66,0.5,5,30032,46256,47832
67,0.5,1,22776,45128,46728
67,0.5,2,22504,44320,45920
67,0.5,3,23752,38080,39680
67,0.5,4,22272,39000,40600
67,0.5,5,27824,48680,50280
68,0.5,1,30344,52512,54136
68,0.5,2,24464,49480,51104
68,0.5,3,30712,51136,52760
68,0.5,4,24872,45168,46792
68,0.5,5,25824,53608,55232
69,0.5,1,22424,49624,51272
69,0.5,2,28840,49072,50720
69,0.5,3,28624,49256,50904
69,0.5,4,24776,43440,45088
69,0.5,5,23616,48224,49872
70,0.5,1,26200,43016,44688
70,0.5,2,20240,43096,44768
70,0.5,3,27072,43080,44752
70,0.5,4,30768,47016,48688
70,0.5,5,25120,51312,52984
71,0.5,1,27592,46464,48160
71,0.5,2,26672,46144,47840
71,0.5,3,26808,50832,52528
71,0.5,4,33624,62352,64048
71,0.5,5,25928,43960,45656
72,0.5,1,22912,43800,45520
72,0.5,2,29592,52640,54360
72,0.5,3,31464,46360,48080
72,0.5,4,27296,47968,49688
72,0.5,5,27936,42296,44016
73,0.5,1,28576,51752,53496
73,0.5,2,26824,49192,50936
73,0.5,3,28088,45136,46880
73,0.5,4,21592,45400,47144
73,0.5,5,29736,51880,53624
74,0.5,1,31688,49144,50912
74,0.5,2,30792,64536,66304
74,0.5,3,26312,58512,60280
74,0.5,4,33400,56080,57848
74,0.5,5,29168,43664,45432
75,0.5,1,24320,45088,46880
75,0.5,2,21968,41224,43016
75,0.5,3,25816,49368,51160
75,0.5,4,31456,53584,55376
75,0.5,5,27048,46456,48248
76,0.5,1,32552,55016,56832
76,0.5,2,29040,52304,54120
76,0.5,3,27096,54680,56496
76,0.5,4,23856,49496,51312
76,0.5,5,27264,50000,51816
77,0.5,1,29944,48016,49856
77,0.5,2,32720,54120,55960
77,0.5,3,26096,49480,51320
77,0.5,4,24320,50688,52528
77,0.5,5,34800,57312,59152
78,0.5,1,28848,50832,52696
78,0.5,2,29640,49472,51336
78,0.5,3,25264,52872,54736
78,0.5,4,21872,50040,51904
78,0.5,5,42240,63952,65816
79,0.5,1,32480,57760,59648
79,0.5,2,37024,67680,69568
79,0.5,3,40096,58520,60408
79,0.5,4,32512,48320,50208
79,0.5,5,31600,52096,53984
80,0.5,1,36168,67216,69128
80,0.5,2,26280,52736,54648
80,0.5,3,30088,61160,63072
80,0.5,4,34840,53336,55248
80,0.5,5,32000,56264,58176
81,0.5,1,35408,61488,63424
81,0.5,2,31392,55448,57384
81,0.5,3,32664,62464,64400
81,0.5,4,29536,56384,58320
81,0.5,5,27760,51592,53528
82,0.5,1,31312,50448,52408
82,0.5,2,30504,56104,58064
82,0.5,3,40528,56120,58080
82,0.5,4,32672,54064,56024
82,0.5,5,27272,55696,57656
83,0.5,1,31608,62264,64248
83,0.5,2,28624,55200,57184
83,0.5,3,38192,60616,62600
83,0.5,4,35984,60056,62040
83,0.5,5,33096,55936,57920
84,0.5,1,40616,61112,63120
84,0.5,2,33984,58752,60760
84,0.5,3,30360,56592,58600
84,0.5,4,36088,67552,69560
84,0.5,5,30944,55712,57720
85,0.5,1,33000,62168,64200
85,0.5,2,25808,54064,56096
85,0.5,3,32960,65232,67264
85,0.5,4,37168,57184,59216
85,0.5,5,34216,61872,63904
86,0.5,1,30176,60016,62072
86,0.5,2,31416,60480,62536
86,0.5,3,29536,56376,58432
86,0.5,4,25944,51848,53904
86,0.5,5,33072,53424,55480
87,0.5,1,44000,59672,61752
87,0.5,2,44344,63024,65104
87,0.5,3,29280,58696,60776
87,0.5,4,41056,62616,64696
87,0.5,5,40072,65568,67648
88,0.5,1,34824,54472,56576
88,0.5,2,31952,66208,68312
88,0.5,3,34176,59192,61296
88,0.5,4,30816,55016,57120
88,0.5,5,33960,58720,60824
89,0.5,1,38736,60800,62928
89,0.5,2,39216,64360,66488
89,0.5,3,33176,57272,59400
89,0.5,4,30120,56776,58904
89,0.5,5,32592,62672,64800
90,0.5,1,30096,53720,55872
90,0.5,2,35296,63448,65600
90,0.5,3,44600,58392,60544
90,0.5,4,32792,62064,64216
90,0.5,5,38488,64568,66720
91,0.5,1,36520,68048,70224
91,0.5,2,39480,67832,70008
91,0.5,3,40464,68360,70536
91,0.5,4,36464,67760,69936
91,0.5,5,34472,63560,65736
92,0.5,1,40680,65552,67752
92,0.5,2,36872,69368,71568
92,0.5,3,32080,57032,59232
92,0.5,4,39768,61824,64024
92,0.5,5,32296,63920,66120
93,0.5,1,33312,52440,54664
93,0.5,2,38440,60528,62752
93,0.5,3,38656,52472,54696
93,0.5,4,40600,56144,58368
93,0.5,5,41640,67040,69264
94,0.5,1,35072,60120,62368
94,0.5,2,40944,67240,69488
94,0.5,3,31544,55912,58160
94,0.5,4,39408,69784,72032
94,0.5,5,31136,56584,58832
95,0.5,1,31632,62560,64832
95,0.5,2,30504,64928,67200
95,0.5,3,46560,69664,71936
95,0.5,4,33400,66768,69040
95,0.5,5,33360,68048,70320
96,0.5,1,38872,62472,64768
96,0.5,2,30440,53280,55576
96,0.5,3,40824,62960,65256
96,0.5,4,38424,69232,71528
96,0.5,5,40352,62184,64480
97,0.5,1,40312,67368,69688
97,0.5,2,43128,73000,75320
97,0.5,3,36008,58336,60656
97,0.5,4,37936,57000,59320
97,0.5,5,41944,62920,65240
98,0.5,1,34336,60608,62952
98,0.5,2,42416,67056,69400
98,0.5,3,31024,59888,62232
98,0.5,4,43408,68952,71296
98,0.5,5,28752,58704,61048
99,0.5,1,44216,69736,72104
99,0.5,2,43752,71064,73432
99,0.5,3,41040,79992,82360
99,0.5,4,39272,62224,64592
99,0.5,5,32632,62776,65144
100,0.5,1,40240,76584,78976
100,0.5,2,31552,64368,66760
100,0.5,3,41824,68600,70992
100,0.5,4,42800,68840,71232
100,0.5,5,34304,65096,67488
1,0.6,1,1992,16,16
1,0.6,2,1992,16,16
1,0.6,3,1992,16,16
1,0.6,4,1992,16,16
1,0.6,5,1992,16,16
2,0.6,1,2056,280,304
2,0.6,2,2056,1056,1080
2,0.6,3,2056,1088,1112
2,0.6,4,2224,664,688
2,0.6,5,2512,1376,1400
3,0.6,1,2680,1904,1952
3,0.6,2,2448,1048,1096
3,0.6,3,2120,960,1008
3,0.6,4,2328,1344,1392
3,0.6,5,3352,3464,3512
4,0.6,1,2208,1240,1312
4,0.6,2,3712,5872,5944
4,0.6,3,2208,1528,1600
4,0.6,4,3040,2240,2312
4,0.6,5,2336,1368,1440
5,0.6,1,2848,2512,2608
5,0.6,2,2624,4224,4336
5,0.6,3,4048,3400,3512
5,0.6,4,2504,2080,2176
5,0.6,5,2440,1712,1808
6,0.6,1,3552,6384,6520
6,0.6,2,3608,4224,4344
6,0.6,3,3344,5912,6048
6,0.6,4,2952,2744,2864
6,0.6,5,3144,5552,5672
7,0.6,1,6432,6992,7136
7,0.6,2,4320,4232,4376
7,0.6,3,2904,5224,5368
7,0.6,4,5992,8624,8784
7,0.6,5,4256,3368,3512
8,0.6,1,2832,5432,5600
8,0.6,2,3400,3752,3920
8,0.6,3,6736,8320,8504
8,0.6,4,3680,3824,3992
8,0.6,5,3760,4944,5128
9,0.6,1,4424,5528,5736
9,0.6,2,6552,9768,9976
9,0.6,3,4240,4032,4240
9,0.6,4,2920,4472,4664
9,0.6,5,4736,7472,7664
10,0.6,1,3176,3840,4072
10,0.6,2,6192,7840,8072
10,0.6,3,3600,6176,6408
10,0.6,4,3736,7256,7488
10,0.6,5,5816,8984,9216
11,0.6,1,6704,10592,10848
11,0.6,2,5168,8336,8576
11,0.6,3,6280,7192,7432
11,0.6,4,4696,8168,8408
11,0.6,5,4176,6152,6376
12,0.6,1,5336,9808,10088
12,0.6,2,8832,9888,10168
12,0.6,3,5032,8856,9136
12,0.6,4,4640,6968,7232
12,0.6,5,5664,6608,6872
13,0.6,1,5184,9120,9424
13,0.6,2,5824,9984,10288
13,0.6,3,5600,8096,8384
13,0.6,4,7080,11264,11552
13,0.6,5,6480,10936,11240
14,0.6,1,8264,13136,13464
14,0.6,2,6056,8936,9248
14,0.6,3,6440,9960,10272
14,0.6,4,8216,10408,10736
14,0.6,5,5192,7248,7560
15,0.6,1,7808,15976,16328
15,0.6,2,4704,7952,8288
15,0.6,3,5704,9192,9528
15,0.6,4,5768,13112,13464
15,0.6,5,7064,13288,13640
16,0.6,1,7816,13568,13944
16,0.6,2,7880,11856,12232
16,0.6,3,6416,10544,10920
16,0.6,4,6248,11480,11856
16,0.6,5,7160,12400,12760
17,0.6,1,6528,11696,12096
17,0.6,2,6296,10288,10688
17,0.6,3,7072,8856,9256
17,0.6,4,8432,16744,17144
17,0.6,5,8312,13832,14232
18,0.6,1,5080,9912,10336
18,0.6,2,11832,15136,15560
18,0.6,3,11168,14496,14920
18,0.6,4,6448,12768,13192
18,0.6,5,6048,10912,11336
19,0.6,1,6632,10152,10584
19,0.6,2,11096,15232,15680
19,0.6,3,8968,14432,14880
19,0.6,4,7352,11672,12120
19,0.6,5,6424,10448,10880
20,0.6,1,6928,9800,10256
20,0.6,2,4016,8912,9368
20,0.6,3,6760,15960,16432
20,0.6,4,6784,12704,13176
20,0.6,5,11296,20256,20728
21,0.6,1,12488,18520,19000
21,0.6,2,8224,14416,14912
21,0.6,3,8896,12712,13208
21,0.6,4,6872,10920,11416
21,0.6,5,9832,15184,15680
22,0.6,1,10680,16760,17280
22,0.6,2,11248,14184,14704
22,0.6,3,8312,18176,18696
22,0.6,4,9000,17088,17608
22,0.6,5,8720,12712,13232
23,0.6,1,7488,17488,18032
23,0.6,2,6832,13064,13608
23,0.6,3,10272,15288,15832
23,0.6,4,11416,18056,18600
23,0.6,5,9272,14808,15336
24,0.6,1,12864,20416,20984
24,0.6,2,8752,15360,15928
24,0.6,3,6992,16040,16608
24,0.6,4,10400,13936,14488
24,0.6,5,7656,15256,15824
25,0.6,1,7840,16224,16816
25,0.6,2,8184,15904,16496
25,0.6,3,10528,18496,19088
25,0.6,4,13256,22704,23296
25,0.6,5,9424,17688,18280
26,0.6,1,8504,20600,21216
26,0.6,2,13072,17608,18224
26,0.6,3,10376,21568,22184
26,0.6,4,14280,17792,18408
26,0.6,5,9216,16880,17496
27,0.6,1,7920,15936,16576
27,0.6,2,9328,17080,17720
27,0.6,3,10512,16728,17368
27,0.6,4,9048,19840,20480
27,0.6,5,8208,16008,16632
28,0.6,1,8544,18624,19288
28,0.6,2,11320,19736,20400
28,0.6,3,8040,20536,21200
28,0.6,4,11064,16096,16760
28,0.6,5,10456,17840,18504
29,0.6,1,13848,26952,27640
29,0.6,2,12416,20936,21624
29,0.6,3,12752,23688,24376
29,0.6,4,9280,21480,22168
29,0.6,5,14736,28904,29592
30,0.6,1,12624,21416,22128
30,0.6,2,7392,19136,19848
30,0.6,3,9392,19352,20048
30,0.6,4,11512,20696,21408
30,0.6,5,12144,23848,24560
31,0.6,1,16144,25480,26216
31,0.6,2,9672,20744,21480
31,0.6,3,7880,21008,21744
31,0.6,4,8600,20088,20824
31,0.6,5,15192,24328,25064
32,0.6,1,15152,21856,22616
32,0.6,2,13256,25776,26536
32,0.6,3,14440,23968,24728
32,0.6,4,14808,30400,31160
32,0.6,5,15712,23000,23760
33,0.6,1,9184,20632,21416
33,0.6,2,14456,19712,20496
33,0.6,3,14920,22312,23080
33,0.6,4,9632,18672,19456
33,0.6,5,12752,27432,28216
34,0.6,1,17288,27192,28000
34,0.6,2,12824,25848,26656
34,0.6,3,15728,24400,25208
34,0.6,4,10112,20416,21224
34,0.6,5,14656,24104,24912
35,0.6,1,13736,22368,23200
35,0.6,2,16808,27480,28312
35,0.6,3,14280,30064,30896
35,0.6,4,12760,17936,18752
35,0.6,5,13272,26728,27560
36,0.6,1,19824,27360,28216
36,0.6,2,15752,23864,24720
36,0.6,3,9264,15288,16144
36,0.6,4,11144,20824,21680
36,0.6,5,9856,19640,20496
37,0.6,1,17304,29232,30112
37,0.6,2,11184,24704,25584
37,0.6,3,15592,26600,27480
37,0.6,4,16264,32160,33040
37,0.6,5,17912,29040,29920
38,0.6,1,15960,28896,29800
38,0.6,2,14336,25368,26272
38,0.6,3,15624,30424,31328
38,0.6,4,14936,28968,29872
38,0.6,5,14304,24432,25336
39,0.6,1,10272,22120,23048
39,0.6,2,17624,32120,33048
39,0.6,3,12600,24480,25408
39,0.6,4,17384,29680,30608
39,0.6,5,13608,23632,24560
40,0.6,1,11504,22264,23216
40,0.6,2,15488,26120,27072
40,0.6,3,19192,30856,31808
40,0.6,4,16648,28528,29480
40,0.6,5,21688,33776,34728
41,0.6,1,12328,27472,28448
41,0.6,2,14512,29232,30208
41,0.6,3,19088,34904,35880
41,0.6,4,11680,27792,28768
41,0.6,5,20880,31624,32600
42,0.6,1,13888,25408,26408
42,0.6,2,23232,34592,35592
42,0.6,3,18784,29080,30080
42,0.6,4,21640,30248,31248
42,0.6,5,15336,29224,30224
43,0.6,1,17728,31576,32600
43,0.6,2,20216,28544,29568
43,0.6,3,19184,31552,32576
43,0.6,4,14232,25312,26336
43,0.6,5,17640,28008,29032
44,0.6,1,19512,31288,32336
44,0.6,2,18472,29208,30256
44,0.6,3,13784,32584,33632
44,0.6,4,16136,32696,33744
44,0.6,5,16272,34336,35384
45,0.6,1,16632,30944,32016
45,0.6,2,26224,35832,36904
45,0.6,3,11080,31072,32144
45,0.6,4,19384,34856,35928
45,0.6,5,18056,30400,31472
46,0.6,1,13824,32104,33200
46,0.6,2,17824,40120,41216
46,0.6,3,13128,25912,27008
46,0.6,4,13312,34696,35792
46,0.6,5,19032,31072,32168
47,0.6,1,23848,32304,33424
47,0.6,2,15864,28832,29952
47,0.6,3,16464,29600,30720
47,0.6,4,18176,38064,39184
47,0.6,5,22936,35176,36296
48,0.6,1,20496,37568,38712
48,0.6,2,21080,37312,38456
48,0.6,3,24776,35592,36736
48,0.6,4,19416,34360,35504
48,0.6,5,24960,38280,39424
49,0.6,1,18704,34192,35360
49,0.6,2,20864,31424,32592
49,0.6,3,13200,33944,35112
49,0.6,4,15232,32184,33352
49,0.6,5,23096,40888,42056
50,0.6,1,20376,33880,35072
50,0.6,2,19784,38368,39560
50,0.6,3,24032,43360,44552
50,0.6,4,17600,34760,35952
50,0.6,5,21416,38416,39608
51,0.6,1,16432,34456,35672
51,0.6,2,18936,36616,37832
51,0.6,3,20704,36424,37640
51,0.6,4,23056,40136,41352
51,0.6,5,18904,29528,30744
52,0.6,1,22600,39016,40256
52,0.6,2,21480,38152,39392
52,0.6,3,21264,30064,31304
52,0.6,4,19024,31216,32456
52,0.6,5,24112,34240,35480
53,0.6,1,20552,45848,47112
53,0.6,2,14048,33840,35104
53,0.6,3,23464,37016,38280
53,0.6,4,20472,41144,42408
53,0.6,5,21592,38136,39400
54,0.6,1,23680,42512,43800
54,0.6,2,22032,37968,39256
54,0.6,3,19656,41168,42456
54,0.6,4,20912,32728,34016
54,0.6,5,21776,39688,40976
55,0.6,1,19632,34672,35984
55,0.6,2,18720,37648,38960
55,0.6,3,17216,32984,34296
55,0.6,4,21904,33536,34848
55,0.6,5,16464,34416,35728
56,0.6,1,22512,39856,41192
56,0.6,2,21672,38272,39608
56,0.6,3,26552,40752,42088
56,0.6,4,29672,37984,39320
56,0.6,5,24000,45080,46416
57,0.6,1,25792,45400,46760
57,0.6,2,21400,34448,35808
57,0.6,3,24520,38368,39728
57,0.6,4,20528,36152,37512
57,0.6,5,24016,37664,39024
58,0.6,1,19784,39648,41032
58,0.6,2,27424,45344,46728
58,0.6,3,23712,36416,37800
58,0.6,4,18456,37224,38608
58,0.6,5,28928,43328,44712
59,0.6,1,22344,37160,38568
59,0.6,2,20808,35272,36680
59,0.6,3,21656,40376,41784
59,0.6,4,39736,50736,52144
59,0.6,5,24616,44560,45968
60,0.6,1,28888,48584,50016
60,0.6,2,26488,40576,42008
60,0.6,3,25544,40104,41536
60,0.6,4,22496,41536,42968
60,0.6,5,25720,36760,38192
61,0.6,1,24560,38256,39712
61,0.6,2,20200,38464,39920
61,0.6,3,16464,41144,42600
61,0.6,4,19856,39712,41168
61,0.6,5,19872,40640,42096
62,0.6,1,29248,41616,43096
62,0.6,2,20144,39160,40640
62,0.6,3,17152,31128,32608
62,0.6,4,27496,47552,49032
62,0.6,5,21496,47176,48656
63,0.6,1,16368,35488,36992
63,0.6,2,17872,38360,39864
63,0.6,3,23368,46112,47616
63,0.6,4,30856,53128,54632
63,0.6,5,28096,47792,49296
64,0.6,1,29856,51840,53368
64,0.6,2,21760,44960,46488
64,0.6,3,20696,37104,38632
64,0.6,4,22632,45248,46776
64,0.6,5,24040,38192,39720
65,0.6,1,25472,42296,43848
65,0.6,2,24488,42576,44128
65,0.6,3,20784,48592,50144
65,0.6,4,28504,46200,47752
65,0.6,5,22280,48952,50504
66,0.6,1,20408,36360,37936
66,0.6,2,27600,43792,45368
66,0.6,3,33416,53584,55160
66,0.6,4,23512,47752,49328
66,0.6,5,26288,47448,49024
67,0.6,1,26808,44144,45744
67,0.6,2,27832,46696,48296
67,0.6,3,32768,50024,51624
67,0.6,4,21024,45056,46656
67,0.6,5,22504,47472,49072
68,0.6,1,27128,54200,55824
68,0.6,2,22992,40144,41768
68,0.6,3,33000,50680,52304
68,0.6,4,25816,54136,55760
68,0.6,5,30072,48824,50448
69,0.6,1,25168,45432,47080
69,0.6,2,29824,54552,56200
69,0.6,3,33272,47944,49592
69,0.6,4,25296,44168,45816
69,0.6,5,27560,49976,51624
70,0.6,1,26944,42296,43968
70,0.6,2,25024,43520,45192
70,0.6,3,28912,58336,60008
70,0.6,4,21768,43920,45592
70,0.6,5,35832,50464,52136
71,0.6,1,28552,48472,50168
71,0.6,2,30264,54680,56376
71,0.6,3,25968,48136,49832
71,0.6,4,28096,51008,52704
71,0.6,5,26912,48592,50288
72,0.6,1,33024,52568,54288
72,0.6,2,23848,45456,47176
72,0.6,3,28328,46848,48568
72,0.6,4,31120,45288,47008
72,0.6,5,21904,46200,47920
73,0.6,1,29424,54384,56128
73,0.6,2,28912,56080,57824
73,0.6,3,19152,41920,43664
73,0.6,4,30584,53240,54984
73,0.6,5,26368,52104,53848
74,0.6,1,27040,46544,48312
74,0.6,2,28552,48040,49808
74,0.6,3,27040,48952,50720
74,0.6,4,30552,48552,50320
74,0.6,5,25824,45032,46800
75,0.6,1,28152,50048,51840
75,0.6,2,32048,56184,57976
75,0.6,3,31856,49624,51416
75,0.6,4,29056,46368,48160
75,0.6,5,24112,50960,52752
76,0.6,1,34544,55520,57336
76,0.6,2,27856,54336,56152
76,0.6,3,30168,51272,53088
76,0.6,4,32168,53952,55768
76,0.6,5,27776,47120,48936
77,0.6,1,32008,49744,51584
77,0.6,2,25568,54192,56032
77,0.6,3,40432,63976,65816
77,0.6,4,34192,58920,60760
77,0.6,5,29600,53384,55224
78,0.6,1,31640,56912,58776
78,0.6,2,25824,53136,55000
78,0.6,3,32136,60024,61888
78,0.6,4,23280,53136,55000
78,0.6,5,30968,51760,53624
79,0.6,1,29824,51048,52936
79,0.6,2,29240,54168,56056
79,0.6,3,29976,57904,59792
79,0.6,4,26032,50224,52112
79,0.6,5,22720,49184,51072
80,0.6,1,33720,50376,52288
80,0.6,2,38176,57744,59656
80,0.6,3,30792,57576,59488
80,0.6,4,40416,53712,55624
80,0.6,5,32344,54048,55960
81,0.6,1,30560,56688,58624
81,0.6,2,30384,49448,51384
81,0.6,3,31760,51800,53736
81,0.6,4,25936,55392,57328
81,0.6,5,29344,53480,55416
82,0.6,1,33672,58200,60160
82,0.6,2,29976,59080,61040
82,0.6,3,34048,60096,62056
82,0.6,4,39032,63656,65616
82,0.6,5,38304,61928,63888
83,0.6,1,27256,59000,60984
83,0.6,2,40208,64280,66264
83,0.6,3,28928,54048,56032
83,0.6,4,35544,64880,66864
83,0.6,5,41848,57936,59920
84,0.6,1,38592,58120,60128
84,0.6,2,27528,57664,59672
84,0.6,3,30144,55944,57952
84,0.6,4,29760,58232,60240
84,0.6,5,28600,56144,58152
85,0.6,1,32856,59064,61096
85,0.6,2,37984,64336,66368
85,0.6,3,31128,56848,58880
85,0.6,4,32008,50960,52992
85,0.6,5,29888,55280,57312
86,0.6,1,36984,61800,63856
86,0.6,2,31688,51216,53272
86,0.6,3,31736,54720,56776
86,0.6,4,34576,56000,58056
86,0.6,5,40616,56192,58248
87,0.6,1,34632,60648,62728
87,0.6,2,31008,58000,60080
87,0.6,3,37016,64520,66600
87,0.6,4,28744,56688,58768
87,0.6,5,43472,68920,71000
88,0.6,1,35728,68712,70816
88,0.6,2,36048,54936,57040
88,0.6,3,32984,63432,65536
88,0.6,4,44976,64192,66296
88,0.6,5,43896,57736,59840
89,0.6,1,42712,57112,59240
89,0.6,2,37792,62784,64912
89,0.6,3,31136,64232,66360
89,0.6,4,32528,59664,61792
89,0.6,5,34088,57448,59576
90,0.6,1,36424,55632,57784
90,0.6,2,29240,58008,60160
90,0.6,3,45624,72528,74680
90,0.6,4,29360,62392,64544
90,0.6,5,40936,59248,61400
91,0.6,1,30800,63472,65648
91,0.6,2,32808,59528,61704
91,0.6,3,30624,58704,60880
91,0.6,4,35184,61512,63688
91,0.6,5,28992,61720,63896
92,0.6,1,42136,63608,65808
92,0.6,2,40088,65968,68168
92,0.6,3,37984,62096,64296
92,0.6,4,35728,63736,65936
92,0.6,5,36680,56824,59024
93,0.6,1,34768,61464,63688
93,0.6,2,31256,60784,63008
93,0.6,3,31680,58160,60384
93,0.6,4,46784,68376,70600
93,0.6,5,32688,65592,67816
94,0.6,1,41368,71208,73456
94,0.6,2,36648,64008,66256
94,0.6,3,41848,71776,74024
94,0.6,4,27912,55816,58064
94,0.6,5,41456,66344,68592
95,0.6,1,40552,60992,63264
95,0.6,2,39680,65200,67472
95,0.6,3,45416,61928,64200
95,0.6,4,37272,66160,68432
95,0.6,5,46672,71592,73864
96,0.6,1,45832,64088,66384
96,0.6,2,34920,62240,64536
96,0.6,3,39336,63488,65784
96,0.6,4,47568,80056,82352
96,0.6,5,30088,60120,62416
97,0.6,1,37720,60752,63072
97,0.6,2,35824,69496,71816
97,0.6,3,34016,64056,66376
97,0.6,4,45744,75624,77944
97,0.6,5,32744,61208,63528
98,0.6,1,34336,63960,66304
98,0.6,2,45208,70672,73016
98,0.6,3,43648,74648,76992
98,0.6,4,34888,70504,72848
98,0.6,5,38752,59120,61464
99,0.6,1,39368,71648,74016
99,0.6,2,39456,58440,60808
99,0.6,3,40728,74256,76624
99,0.6,4,37520,57632,60000
99,0.6,5,46000,74536,76904
100,0.6,1,33904,59312,61704
100,0.6,2,32976,63144,65536
100,0.6,3,43216,70336,72728
100,0.6,4,36296,70848,73240
100,0.6,5,42320,62408,64800
1,0.7,1,1992,16,16
1,0.7,2,1992,16,16
1,0.7,3,1992,16,16
1,0.7,4,1992,16,16
1,0.7,5,1992,16,16
2,0.7,1,2080,952,976
2,0.7,2,3600,1992,2016
2,0.7,3,2056,1160,1184
2,0.7,4,2224,664,688
2,0.7,5,2056,2336,2360
3,0.7,1,2248,856,904
3,0.7,2,2120,1632,1680
3,0.7,3,2600,2200,2232
3,0.7,4,2792,1504,1552
3,0.7,5,2120,616,664
4,0.7,1,3816,2696,2768
4,0.7,2,3624,2848,2904
4,0.7,3,2560,1800,1872
4,0.7,4,3264,4016,4088
4,0.7,5,3064,2792,2864
5,0.7,1,2272,3904,4000
5,0.7,2,3904,3648,3728
5,0.7,3,3064,5312,5424
5,0.7,4,2720,3952,4048
5,0.7,5,2640,1704,1800
6,0.7,1,3488,5112,5232
6,0.7,2,3912,3344,3464
6,0.7,3,2384,3024,3160
6,0.7,4,2728,3056,3176
6,0.7,5,2664,2344,2464
7,0.7,1,3368,2944,3088
7,0.7,2,4728,6056,6200
7,0.7,3,3704,6320,6480
7,0.7,4,3160,4056,4216
7,0.7,5,3288,7864,8024
8,0.7,1,4504,4680,4864
8,0.7,2,3512,6952,7136
8,0.7,3,4760,6504,6688
8,0.7,4,4504,5408,5576
8,0.7,5,3696,4200,4368
9,0.7,1,7928,9392,9600
9,0.7,2,8992,9192,9400
9,0.7,3,5504,5392,5600
9,0.7,4,4952,6928,7120
9,0.7,5,2936,4976,5184
10,0.7,1,4808,8160,8392
10,0.7,2,4168,7008,7208
10,0.7,3,8240,9424,9656
10,0.7,4,5168,7480,7712
10,0.7,5,3544,4872,5104
11,0.7,1,2704,7904,8160
11,0.7,2,4344,7912,8168
11,0.7,3,7720,8360,8584
11,0.7,4,3800,8512,8768
11,0.7,5,6968,11744,12000
12,0.7,1,5200,6280,6560
12,0.7,2,6904,10992,11272
12,0.7,3,4480,5536,5816
12,0.7,4,6672,8696,8976
12,0.7,5,3520,5536,5784
13,0.7,1,7368,10480,10784
13,0.7,2,5472,12184,12472
13,0.7,3,6872,13928,14232
13,0.7,4,3824,5008,5296
13,0.7,5,5624,10024,10328
14,0.7,1,8496,8952,9280
14,0.7,2,5480,9112,9424
14,0.7,3,7376,9776,10088
14,0.7,4,5856,8504,8800
14,0.7,5,8360,9864,10192
15,0.7,1,7000,15264,15616
15,0.7,2,5888,9768,10120
15,0.7,3,5280,13784,14136
15,0.7,4,8632,16264,16616
15,0.7,5,6456,12648,13000
16,0.7,1,6312,11360,11736
16,0.7,2,7128,9824,10200
16,0.7,3,5736,8872,9248
16,0.7,4,8400,10968,11344
16,0.7,5,8280,10776,11152
17,0.7,1,7272,10944,11344
17,0.7,2,9472,11096,11480
17,0.7,3,5584,11576,11976
17,0.7,4,6976,13088,13488
17,0.7,5,8152,10976,11376
18,0.7,1,9312,13688,14112
18,0.7,2,6832,13144,13568
18,0.7,3,6376,10960,11384
18,0.7,4,10096,12272,12696
18,0.7,5,9552,19128,19552
19,0.7,1,7760,10408,10840
19,0.7,2,6192,10464,10912
19,0.7,3,8552,11880,12328
19,0.7,4,3384,11160,11608
19,0.7,5,9184,12760,13208
20,0.7,1,6608,11664,12120
20,0.7,2,10600,19920,20392
20,0.7,3,9216,14896,15368
20,0.7,4,11400,15264,15736
20,0.7,5,10512,13896,14368
21,0.7,1,9416,14136,14632
21,0.7,2,9680,16304,16800
21,0.7,3,9352,15800,16296
21,0.7,4,6688,11776,12256
21,0.7,5,5472,9664,10160
22,0.7,1,9896,16208,16728
22,0.7,2,10016,12368,12888
22,0.7,3,7096,13904,14424
22,0.7,4,7928,15312,15832
22,0.7,5,11704,18496,19016
23,0.7,1,8696,17704,18248
23,0.7,2,9608,15512,16040
23,0.7,3,8200,18792,19336
23,0.7,4,4680,14840,15384
23,0.7,5,7960,16968,17512
24,0.7,1,8168,19024,19592
24,0.7,2,11088,21088,21656
24,0.7,3,14160,23024,23592
24,0.7,4,8240,15704,16272
24,0.7,5,7480,17096,17664
25,0.7,1,10176,14712,15288
25,0.7,2,8848,16544,17136
25,0.7,3,12000,24232,24824
25,0.7,4,11472,17056,17648
25,0.7,5,10120,18744,19336
26,0.7,1,11704,17544,18160
26,0.7,2,10880,13760,14376
26,0.7,3,8080,13792,14408
26,0.7,4,10640,17384,18000
26,0.7,5,12912,19248,19864
27,0.7,1,8584,15992,16632
27,0.7,2,14400,20896,21536
27,0.7,3,16704,22408,23048
27,0.7,4,11976,22056,22696
27,0.7,5,10120,18512,19152
28,0.7,1,12168,20272,20936
28,0.7,2,9464,20112,20776
28,0.7,3,8064,19504,20168
28,0.7,4,6192,18608,19272
28,0.7,5,8920,14416,15080
29,0.7,1,12392,22776,23464
29,0.7,2,13072,23560,24248
29,0.7,3,15672,20704,21392
29,0.7,4,10344,22216,22904
29,0.7,5,8920,20344,21032
30,0.7,1,12792,22752,23464
30,0.7,2,10576,18896,19608
30,0.7,3,10576,19976,20688
30,0.7,4,9056,21400,22112
30,0.7,5,13816,21808,22520
31,0.7,1,15168,21944,22680
31,0.7,2,13320,23944,24680
31,0.7,3,12416,21040,21776
31,0.7,4,15288,24752,25488
31,0.7,5,12664,23712,24448
32,0.7,1,9424,18680,19440
32,0.7,2,11464,23208,23968
32,0.7,3,9968,20448,21208
32,0.7,4,11168,22736,23496
32,0.7,5,13200,23648,24408
33,0.7,1,14472,26416,27200
33,0.7,2,14520,25424,26208
33,0.7,3,12224,23560,24344
33,0.7,4,15120,23856,24640
33,0.7,5,12736,21000,21784
34,0.7,1,10720,22776,23584
34,0.7,2,12048,27488,28296
34,0.7,3,16272,25792,26600
34,0.7,4,14144,21616,22424
34,0.7,5,13648,26728,27536
35,0.7,1,17392,35880,36712
35,0.7,2,12672,23968,24800
35,0.7,3,9232,23480,24312
35,0.7,4,13336,28968,29800
35,0.7,5,14576,27384,28216
36,0.7,1,9416,26608,27464
36,0.7,2,14024,27280,28136
36,0.7,3,10536,22208,23064
36,0.7,4,13024,24832,25688
36,0.7,5,11336,25368,26224
37,0.7,1,10672,26720,27600
37,0.7,2,14544,23568,24448
37,0.7,3,15944,27872,28752
37,0.7,4,11200,25896,26776
37,0.7,5,17216,30208,31088
38,0.7,1,15016,25680,26584
38,0.7,2,14488,26120,27024
38,0.7,3,15936,27872,28776
38,0.7,4,22456,32408,33312
38,0.7,5,9784,19464,20368
39,0.7,1,17240,25944,26872
39,0.7,2,21064,31552,32480
39,0.7,3,12968,26928,27856
39,0.7,4,17280,29416,30344
39,0.7,5,14048,24984,25896
40,0.7,1,13416,32712,33664
40,0.7,2,11784,23760,24712
40,0.7,3,16816,33816,34768
40,0.7,4,12016,21448,22400
40,0.7,5,15768,24088,25040
41,0.7,1,15920,28800,29776
41,0.7,2,13656,26248,27224
41,0.7,3,16248,24056,25032
41,0.7,4,22648,32016,32992
41,0.7,5,12632,31264,32240
42,0.7,1,16712,28656,29656
42,0.7,2,10720,27368,28368
42,0.7,3,13448,28656,29656
42,0.7,4,14992,27832,28832
42,0.7,5,18472,33568,34568
43,0.7,1,17328,30304,31328
43,0.7,2,16024,23216,24240
43,0.7,3,15680,28792,29816
43,0.7,4,17712,31400,32424
43,0.7,5,17016,35056,36080
44,0.7,1,15856,29136,30184
44,0.7,2,11592,26736,27784
44,0.7,3,19240,32800,33848
44,0.7,4,16168,28120,29168
44,0.7,5,13904,29328,30376
45,0.7,1,14840,32944,34016
45,0.7,2,21352,32960,34032
45,0.7,3,14904,24280,25352
45,0.7,4,17288,33336,34408
45,0.7,5,15968,26496,27568
46,0.7,1,15192,26632,27728
46,0.7,2,21360,33920,35016
46,0.7,3,22600,30016,31112
46,0.7,4,14536,33280,34376
46,0.7,5,14792,29424,30520
47,0.7,1,17520,33688,34808
47,0.7,2,22048,32104,33224
47,0.7,3,16320,29072,30192
47,0.7,4,22776,35720,36840
47,0.7,5,14992,30280,31400
48,0.7,1,17512,32520,33664
48,0.7,2,15200,28288,29432
48,0.7,3,20264,34736,35880
48,0.7,4,15680,32376,33520
48,0.7,5,16400,30680,31824
49,0.7,1,19504,35216,36384
49,0.7,2,15360,32384,33552
49,0.7,3,17048,30496,31664
49,0.7,4,17320,32744,33912
49,0.7,5,18912,33160,34328
50,0.7,1,16960,33808,35000
50,0.7,2,22536,33272,34464
50,0.7,3,20096,42800,43992
50,0.7,4,21672,41096,42288
50,0.7,5,20488,42352,43544
51,0.7,1,22288,44464,45680
51,0.7,2,18056,34664,35880
51,0.7,3,22576,35768,36984
51,0.7,4,27928,45672,46888
51,0.7,5,19440,39280,40496
52,0.7,1,19608,30744,31984
52,0.7,2,20664,39600,40840
52,0.7,3,21816,32440,33680
52,0.7,4,20128,34248,35488
52,0.7,5,19056,28592,29832
53,0.7,1,21040,32168,33432
53,0.7,2,22592,37440,38704
53,0.7,3,17936,37000,38264
53,0.7,4,18976,38408,39672
53,0.7,5,16144,34320,35584
54,0.7,1,17104,35936,37224
54,0.7,2,22592,45200,46488
54,0.7,3,19512,44280,45568
54,0.7,4,17696,31304,32592
54,0.7,5,17920,35168,36456
55,0.7,1,17904,39760,41072
55,0.7,2,30272,48488,49800
55,0.7,3,34360,50232,51544
55,0.7,4,23920,37504,38816
55,0.7,5,19200,31696,33008
56,0.7,1,29200,41928,43264
56,0.7,2,20656,34888,36224
56,0.7,3,20336,38712,40048
56,0.7,4,15728,37048,38384
56,0.7,5,25624,37048,38384
57,0.7,1,23432,35848,37208
57,0.7,2,19392,40072,41432
57,0.7,3,31208,46152,47512
57,0.7,4,21320,37296,38656
57,0.7,5,26744,39056,40416
58,0.7,1,21360,39392,40776
58,0.7,2,36616,48432,49816
58,0.7,3,24480,40864,42248
58,0.7,4,23968,41576,42960
58,0.7,5,31728,43856,45240
59,0.7,1,26960,41536,42944
59,0.7,2,18680,42136,43544
59,0.7,3,18056,39824,41232
59,0.7,4,18528,40080,41488
59,0.7,5,27128,42496,43904
60,0.7,1,27632,38360,39792
60,0.7,2,32072,48168,49600
60,0.7,3,21608,39808,41240
60,0.7,4,20760,36904,38336
60,0.7,5,21264,37408,38840
61,0.7,1,21992,37904,39360
61,0.7,2,27480,40968,42424
61,0.7,3,32144,49680,51136
61,0.7,4,26488,42272,43728
61,0.7,5,22848,42128,43584
62,0.7,1,24520,42784,44264
62,0.7,2,23208,40336,41816
62,0.7,3,20552,42024,43504
62,0.7,4,22408,47064,48544
62,0.7,5,27832,42352,43832
63,0.7,1,28240,46368,47872
63,0.7,2,19592,36048,37552
63,0.7,3,26376,46240,47744
63,0.7,4,21232,37168,38672
63,0.7,5,23392,44264,45768
64,0.7,1,19616,39520,41048
64,0.7,2,24472,42232,43760
64,0.7,3,24048,41400,42928
64,0.7,4,26208,48000,49528
64,0.7,5,33176,50168,51696
65,0.7,1,34248,51256,52808
65,0.7,2,25952,38296,39848
65,0.7,3,19576,43920,45472
65,0.7,4,29328,48208,49760
65,0.7,5,23720,41640,43192
66,0.7,1,26168,48632,50208
66,0.7,2,26456,48104,49680
66,0.7,3,29768,51528,53104
66,0.7,4,28280,50456,52032
66,0.7,5,32880,52152,53728
67,0.7,1,31392,49120,50720
67,0.7,2,23472,45096,46696
67,0.7,3,29416,43880,45480
67,0.7,4,23360,47240,48840
67,0.7,5,32616,49344,50944
68,0.7,1,21768,45488,47112
68,0.7,2,38904,52848,54472
68,0.7,3,19424,45120,46744
68,0.7,4,24304,42992,44616
68,0.7,5,26720,41208,42832
69,0.7,1,27488,44408,46056
69,0.7,2,28712,46744,48392
69,0.7,3,27440,51984,53632
69,0.7,4,31896,51272,52920
69,0.7,5,27632,42456,44104
70,0.7,1,31408,52568,54240
70,0.7,2,32728,51304,52976
70,0.7,3,23904,43856,45528
70,0.7,4,27600,49320,50992
70,0.7,5,17088,47192,48864
71,0.7,1,28896,49608,51304
71,0.7,2,26808,47192,48888
71,0.7,3,30840,53512,55208
71,0.7,4,28896,61264,62960
71,0.7,5,24392,45896,47592
72,0.7,1,33144,52568,54288
72,0.7,2,33904,58296,60016
72,0.7,3,23744,52400,54120
72,0.7,4,33496,50200,51920
72,0.7,5,29208,47360,49080
73,0.7,1,27560,47448,49192
73,0.7,2,27608,43968,45712
73,0.7,3,25152,47032,48776
73,0.7,4,35944,54528,56272
73,0.7,5,31696,47464,49208
74,0.7,1,26032,46872,48640
74,0.7,2,29184,53336,55104
74,0.7,3,34808,56384,58152
74,0.7,4,32352,53448,55216
74,0.7,5,29000,54408,56176
75,0.7,1,23048,44552,46344
75,0.7,2,21600,49240,51032
75,0.7,3,25096,44560,46352
75,0.7,4,28968,48360,50152
75,0.7,5,28248,48896,50688
76,0.7,1,28672,50920,52736
76,0.7,2,30680,54704,56520
76,0.7,3,19960,50552,52368
76,0.7,4,25224,52048,53864
76,0.7,5,32696,56416,58232
77,0.7,1,27760,47368,49208
77,0.7,2,34088,59016,60856
77,0.7,3,21744,42256,44096
77,0.7,4,31160,54992,56832
77,0.7,5,27072,52128,53968
78,0.7,1,28512,56312,58176
78,0.7,2,29520,52784,54648
78,0.7,3,23160,44736,46600
78,0.7,4,30104,48440,50304
78,0.7,5,38752,60728,62592
79,0.7,1,27376,52592,54480
79,0.7,2,31264,60224,62112
79,0.7,3,34320,58920,60808
79,0.7,4,31424,56040,57928
79,0.7,5,27976,50040,51928
80,0.7,1,37464,59800,61712
80,0.7,2,34288,59224,61136
80,0.7,3,35200,63032,64944
80,0.7,4,35000,60616,62528
80,0.7,5,39744,66160,68072
81,0.7,1,40368,55192,57128
81,0.7,2,30360,55464,57400
81,0.7,3,32448,56512,58448
81,0.7,4,39760,59288,61224
81,0.7,5,27920,48544,50480
82,0.7,1,39008,56736,58696
82,0.7,2,35248,56480,58440
82,0.7,3,38696,59280,61240
82,0.7,4,30160,55784,57744
82,0.7,5,35120,53864,55824
83,0.7,1,35144,58464,60448
83,0.7,2,30560,52032,54016
83,0.7,3,35328,52528,54512
83,0.7,4,33792,54376,56360
83,0.7,5,36024,57080,59064
84,0.7,1,31968,54944,56952
84,0.7,2,37288,55496,57504
84,0.7,3,27672,58752,60760
84,0.7,4,29888,64496,66504
84,0.7,5,32712,54432,56440
85,0.7,1,35040,57904,59936
85,0.7,2,24720,50936,52968
85,0.7,3,38112,67192,69224
85,0.7,4,27104,52064,54096
85,0.7,5,31600,58248,60280
86,0.7,1,40816,59112,61168
86,0.7,2,25640,57144,59200
86,0.7,3,29088,52096,54152
86,0.7,4,29728,54448,56504
86,0.7,5,39592,62096,64152
87,0.7,1,34536,59968,62048
87,0.7,2,27744,59432,61512
87,0.7,3,31256,58232,60312
87,0.7,4,45224,71912,73992
87,0.7,5,29824,48024,50104
88,0.7,1,31480,59448,61552
88,0.7,2,39504,59664,61768
88,0.7,3,42952,63728,65832
88,0.7,4,34504,58584,60688
88,0.7,5,35224,61808,63912
89,0.7,1,35224,60464,62592
89,0.7,2,39712,63256,65384
89,0.7,3,28904,55560,57688
89,0.7,4,38888,68728,70856
89,0.7,5,35080,58632,60760
90,0.7,1,32608,58136,60288
90,0.7,2,46016,65704,67856
90,0.7,3,40144,64136,66288
90,0.7,4,39776,68176,70328
90,0.7,5,44168,61232,63384
91,0.7,1,36256,67184,69360
91,0.7,2,34528,65000,67176
91,0.7,3,37920,63144,65320
91,0.7,4,38472,55592,57768
91,0.7,5,34024,67384,69560
92,0.7,1,42104,61960,64160
92,0.7,2,26872,56088,58288
92,0.7,3,26952,60848,63048
92,0.7,4,38592,57384,59584
92,0.7,5,45872,76328,78528
93,0.7,1,35480,61120,63344
93,0.7,2,36784,67992,70216
93,0.7,3,42856,65304,67528
93,0.7,4,35664,59720,61944
93,0.7,5,38760,64904,67128
94,0.7,1,41632,64832,67080
94,0.7,2,41240,66096,68344
94,0.7,3,36608,60360,62608
94,0.7,4,38568,66720,68968
94,0.7,5,35928,63976,66224
95,0.7,1,38736,63136,65408
95,0.7,2,41616,69112,71384
95,0.7,3,37336,66088,68360
95,0.7,4,34432,63312,65584
95,0.7,5,30168,61168,63440
96,0.7,1,38712,65640,67936
96,0.7,2,34928,57176,59472
96,0.7,3,38688,62896,65192
96,0.7,4,42256,67648,69944
96,0.7,5,45520,75064,77360
97,0.7,1,40624,64064,66384
97,0.7,2,37880,67144,69464
97,0.7,3,42328,67312,69632
97,0.7,4,38344,61072,63392
97,0.7,5,48528,70384,72704
98,0.7,1,35600,67200,69544
98,0.7,2,41008,61664,64008
98,0.7,3,26584,62040,64384
98,0.7,4,37472,66032,68376
98,0.7,5,48880,68384,70728
99,0.7,1,38176,69112,71480
99,0.7,2,40592,69736,72104
99,0.7,3,37384,69688,72056
99,0.7,4,40296,69888,72256
99,0.7,5,37936,66104,68472
100,0.7,1,31784,63800,66192
100,0.7,2,39104,79992,82384
100,0.7,3,40656,71680,74072
100,0.7,4,28672,61976,64368
100,0.7,5,42856,66728,69120
1,0.8,1,1992,16,16
1,0.8,2,1992,16,16
1,0.8,3,1992,16,16
1,0.8,4,1992,16,16
1,0.8,5,1992,16,16
2,0.8,1,2408,2304,2344
2,0.8,2,3136,2224,2264
2,0.8,3,2408,704,712
2,0.8,4,2080,848,872
2,0.8,5,2056,264,288
3,0.8,1,2488,1680,1728
3,0.8,2,4192,5336,5400
3,0.8,3,2120,448,496
3,0.8,4,2840,2224,2288
3,0.8,5,2144,2400,2464
4,0.8,1,8200,6960,7048
4,0.8,2,2256,3632,3704
4,0.8,3,3656,4632,4720
4,0.8,4,2848,2576,2632
4,0.8,5,3560,3232,3304
5,0.8,1,3192,5384,5480
5,0.8,2,2648,3704,3800
5,0.8,3,3208,2352,2448
5,0.8,4,2272,2248,2344
5,0.8,5,2976,4512,4624
6,0.8,1,2336,2112,2232
6,0.8,2,6496,6680,6816
6,0.8,3,3976,4136,4240
6,0.8,4,3840,3840,3960
6,0.8,5,2992,4016,4120
7,0.8,1,3208,3712,3872
7,0.8,2,2424,4992,5136
7,0.8,3,2928,3888,4016
7,0.8,4,4104,4136,4280
7,0.8,5,3304,4304,4448
8,0.8,1,2792,5672,5840
8,0.8,2,2592,6128,6296
8,0.8,3,5312,8472,8656
8,0.8,4,5840,8160,8344
8,0.8,5,3496,4992,5160
9,0.8,1,4696,6624,6816
9,0.8,2,4752,6840,7048
9,0.8,3,4392,6160,6336
9,0.8,4,4568,8464,8672
9,0.8,5,3672,5792,6000
10,0.8,1,3344,6904,7136
10,0.8,2,3992,6368,6584
10,0.8,3,5456,8352,8584
10,0.8,4,5296,6240,6456
10,0.8,5,4408,5304,5536
11,0.8,1,8040,11016,11256
11,0.8,2,4344,5856,6112
11,0.8,3,5360,9016,9272
11,0.8,4,9336,11752,11992
11,0.8,5,7136,9296,9552
12,0.8,1,5808,7592,7856
12,0.8,2,7160,13528,13808
12,0.8,3,5944,6752,7016
12,0.8,4,5144,10904,11184
12,0.8,5,5656,8104,8384
13,0.8,1,5072,8168,8456
13,0.8,2,5816,8072,8376
13,0.8,3,7968,10616,10920
13,0.8,4,7616,9488,9776
13,0.8,5,4904,10472,10776
14,0.8,1,3832,5456,5752
14,0.8,2,8080,10928,11256
14,0.8,3,6072,10768,11096
14,0.8,4,7296,12848,13176
14,0.8,5,5584,11136,11464
15,0.8,1,6120,7744,8080
15,0.8,2,8936,12576,12928
15,0.8,3,5064,7264,7584
15,0.8,4,3744,9280,9600
15,0.8,5,6712,10992,11344
16,0.8,1,5056,10416,10776
16,0.8,2,7280,10912,11288
16,0.8,3,6560,10864,11240
16,0.8,4,6448,10048,10424
16,0.8,5,8688,10952,11312
17,0.8,1,5448,12592,12992
17,0.8,2,8264,13480,13880
17,0.8,3,6816,15136,15536
17,0.8,4,6072,11008,11408
17,0.8,5,7512,11072,11472
18,0.8,1,8128,13056,13480
18,0.8,2,8256,10840,11248
18,0.8,3,7640,16960,17384
18,0.8,4,7472,15272,15696
18,0.8,5,7736,13584,14008
19,0.8,1,7824,10176,10624
19,0.8,2,5480,12408,12856
19,0.8,3,5872,11976,12424
19,0.8,4,7336,15152,15600
19,0.8,5,8536,13224,13672
20,0.8,1,4936,14992,15464
20,0.8,2,7520,13968,14424
20,0.8,3,11752,15624,16096
20,0.8,4,7240,13104,13576
20,0.8,5,6792,13488,13960
21,0.8,1,10576,18696,19192
21,0.8,2,10176,18112,18608
21,0.8,3,11800,15240,15736
21,0.8,4,12360,14800,15296
21,0.8,5,11616,17480,17976
22,0.8,1,8872,13504,14024
22,0.8,2,7928,14144,14664
22,0.8,3,8760,12584,13104
22,0.8,4,6248,13144,13664
22,0.8,5,8808,11296,11816
23,0.8,1,7592,14384,14928
23,0.8,2,8568,14224,14768
23,0.8,3,10696,17984,18528
23,0.8,4,8888,14824,15368
23,0.8,5,6920,16488,17032
24,0.8,1,8776,19056,19624
24,0.8,2,6872,12336,12904
24,0.8,3,8216,16360,16928
24,0.8,4,21768,26496,27064
24,0.8,5,11760,20064,20632
25,0.8,1,6536,15088,15680
25,0.8,2,11792,17584,18176
25,0.8,3,8664,15856,16448
25,0.8,4,8384,15064,15656
25,0.8,5,9456,14800,15392
26,0.8,1,10200,15152,15768
26,0.8,2,5488,14872,15488
26,0.8,3,16024,20168,20784
26,0.8,4,12784,19440,20056
26,0.8,5,7336,13200,13816
27,0.8,1,13232,26936,27576
27,0.8,2,7952,14840,15480
27,0.8,3,15528,22824,23464
27,0.8,4,12424,18400,19040
27,0.8,5,9168,15528,16168
28,0.8,1,11792,19616,20280
28,0.8,2,10704,20488,21152
28,0.8,3,8336,18832,19496
28,0.8,4,10288,20000,20664
28,0.8,5,13336,19056,19720
29,0.8,1,14480,23632,24320
29,0.8,2,13216,21272,21960
29,0.8,3,10072,20560,21248
29,0.8,4,11304,15728,16416
29,0.8,5,8304,18280,18968
30,0.8,1,15736,27976,28688
30,0.8,2,12304,21368,22080
30,0.8,3,11744,16688,17400
30,0.8,4,8264,19208,19920
30,0.8,5,9320,18696,19408
31,0.8,1,10648,18776,19512
31,0.8,2,7528,15240,15976
31,0.8,3,14304,27384,28120
31,0.8,4,9504,19584,20320
31,0.8,5,10288,19816,20552
32,0.8,1,16624,21144,21904
32,0.8,2,18616,28216,28976
32,0.8,3,10512,23936,24696
32,0.8,4,12408,21576,22336
32,0.8,5,14608,22992,23752
33,0.8,1,7896,15184,15968
33,0.8,2,11688,27392,28176
33,0.8,3,14000,22520,23304
33,0.8,4,11672,25048,25832
33,0.8,5,11592,18320,19104
34,0.8,1,12752,24744,25552
34,0.8,2,13560,22712,23520
34,0.8,3,19024,21640,22448
34,0.8,4,12680,22936,23744
34,0.8,5,22376,27520,28328
35,0.8,1,10456,21584,22416
35,0.8,2,14344,27424,28256
35,0.8,3,16336,29568,30400
35,0.8,4,12848,21784,22616
35,0.8,5,10408,20432,21264
36,0.8,1,13848,22880,23736
36,0.8,2,11896,17264,18120
36,0.8,3,24304,31656,32512
36,0.8,4,13360,26936,27792
36,0.8,5,11472,21224,22080
37,0.8,1,17752,29864,30744
37,0.8,2,17008,29352,30232
37,0.8,3,17536,30752,31632
37,0.8,4,16912,28552,29432
37,0.8,5,18376,33664,34544
38,0.8,1,12240,25720,26624
38,0.8,2,14216,23400,24304
38,0.8,3,20776,28256,29160
38,0.8,4,14840,27936,28840
38,0.8,5,17336,23024,23928
39,0.8,1,11656,21224,22152
39,0.8,2,16216,36608,37536
39,0.8,3,13264,28840,29768
39,0.8,4,16176,23952,24880
39,0.8,5,16624,27000,27928
40,0.8,1,13240,25280,26232
40,0.8,2,14320,32088,33040
40,0.8,3,10088,22592,23544
40,0.8,4,15128,29624,30576
40,0.8,5,13864,27208,28160
41,0.8,1,13728,35496,36472
41,0.8,2,13856,26200,27176
41,0.8,3,15016,25608,26584
41,0.8,4,12064,27456,28432
41,0.8,5,14632,29800,30776
42,0.8,1,14824,30520,31520
42,0.8,2,17672,32576,33576
42,0.8,3,10768,26600,27600
42,0.8,4,13568,23984,24984
42,0.8,5,14440,30880,31880
43,0.8,1,14200,24312,25336
43,0.8,2,14696,24440,25464
43,0.8,3,18664,32928,33952
43,0.8,4,18632,32536,33560
43,0.8,5,12320,27504,28528
44,0.8,1,14672,30304,31352
44,0.8,2,18512,31616,32664
44,0.8,3,15728,32424,33472
44,0.8,4,17736,31624,32672
44,0.8,5,18368,31896,32944
45,0.8,1,13632,26048,27120
45,0.8,2,14008,32544,33616
45,0.8,3,17928,32952,34024
45,0.8,4,14064,27272,28344
45,0.8,5,11784,22888,23960
46,0.8,1,13736,28160,29256
46,0.8,2,11640,30432,31528
46,0.8,3,12552,26936,28032
46,0.8,4,18200,31880,32976
46,0.8,5,19136,38728,39824
47,0.8,1,18888,37952,39072
47,0.8,2,15776,39032,40152
47,0.8,3,15256,35256,36376
47,0.8,4,14360,33336,34456
47,0.8,5,18456,34728,35848
48,0.8,1,20224,30304,31448
48,0.8,2,20600,32440,33584
48,0.8,3,21880,35656,36800
48,0.8,4,18440,35512,36656
48,0.8,5,18912,37240,38384
49,0.8,1,22944,31440,32608
49,0.8,2,19344,29648,30816
49,0.8,3,23720,35184,36352
49,0.8,4,24016,41472,42640
49,0.8,5,17432,33320,34488
50,0.8,1,20216,35352,36544
50,0.8,2,16960,31128,32320
50,0.8,3,17048,37800,38992
50,0.8,4,24064,45744,46936
50,0.8,5,21616,45000,46192
51,0.8,1,18544,35544,36760
51,0.8,2,15320,28768,29984
51,0.8,3,25888,47952,49168
51,0.8,4,20184,45528,46744
51,0.8,5,19888,32416,33632
52,0.8,1,14824,27528,28768
52,0.8,2,19472,37344,38584
52,0.8,3,16664,27072,28312
52,0.8,4,22416,42336,43576
52,0.8,5,21128,33992,35232
53,0.8,1,18848,35264,36528
53,0.8,2,25176,43352,44616
53,0.8,3,15448,34288,35552
53,0.8,4,16120,36408,37672
53,0.8,5,24880,39984,41248
54,0.8,1,19120,40576,41864
54,0.8,2,21352,39440,40728
54,0.8,3,24040,36360,37648
54,0.8,4,16456,35128,36416
54,0.8,5,13816,31448,32736
55,0.8,1,22672,35736,37048
55,0.8,2,21512,40440,41752
55,0.8,3,19608,44608,45920
55,0.8,4,21456,32896,34208
55,0.8,5,26416,41592,42904
56,0.8,1,18880,35792,37128
56,0.8,2,19256,33568,34904
56,0.8,3,20928,38528,39864
56,0.8,4,23664,42760,44096
56,0.8,5,27128,39904,41240
57,0.8,1,29896,37392,38752
57,0.8,2,24344,41816,43176
57,0.8,3,20640,44928,46288
57,0.8,4,24248,42896,44256
57,0.8,5,25528,43608,44968
58,0.8,1,22912,43368,44752
58,0.8,2,22824,40232,41616
58,0.8,3,22568,39928,41312
58,0.8,4,24048,37648,39032
58,0.8,5,15520,38784,40168
59,0.8,1,22616,42696,44104
59,0.8,2,30760,43328,44736
59,0.8,3,21424,40432,41840
59,0.8,4,23656,40000,41408
59,0.8,5,27640,46312,47720
60,0.8,1,21624,42464,43896
60,0.8,2,26488,41880,43312
60,0.8,3,23000,43336,44768
60,0.8,4,27536,41936,43368
60,0.8,5,27840,47840,49272
61,0.8,1,18520,33040,34496
61,0.8,2,20384,36960,38416
61,0.8,3,24792,47736,49192
61,0.8,4,23536,44248,45704
61,0.8,5,18984,34368,35824
62,0.8,1,25640,50776,52256
62,0.8,2,22544,37808,39288
62,0.8,3,24584,42800,44280
62,0.8,4,27208,43368,44848
62,0.8,5,25568,42752,44232
63,0.8,1,27184,47152,48656
63,0.8,2,21984,37160,38664
63,0.8,3,27064,41664,43168
63,0.8,4,19504,47448,48952
63,0.8,5,21632,42512,44016
64,0.8,1,18376,40176,41704
64,0.8,2,24672,44248,45776
64,0.8,3,33400,51696,53224
64,0.8,4,18184,42568,44096
64,0.8,5,31568,53888,55416
65,0.8,1,33216,47312,48864
65,0.8,2,25184,40344,41896
65,0.8,3,19064,44584,46136
65,0.8,4,27680,45896,47448
65,0.8,5,23664,44192,45744
66,0.8,1,18800,39424,41000
66,0.8,2,34872,53416,54992
66,0.8,3,24000,46008,47584
66,0.8,4,21128,45424,47000
66,0.8,5,20608,39392,40968
67,0.8,1,24992,50840,52440
67,0.8,2,30088,53112,54712
67,0.8,3,26584,48536,50136
67,0.8,4,24648,40216,41816
67,0.8,5,28832,41064,42664
68,0.8,1,25624,40912,42536
68,0.8,2,29736,44584,46208
68,0.8,3,26928,45264,46888
68,0.8,4,19664,45152,46776
68,0.8,5,23440,53696,55320
69,0.8,1,30256,45424,47072
69,0.8,2,25784,51176,52824
69,0.8,3,31528,47576,49224
69,0.8,4,26928,48160,49808
69,0.8,5,25344,55176,56824
70,0.8,1,34168,64016,65688
70,0.8,2,31912,44968,46640
70,0.8,3,25312,50264,51936
70,0.8,4,24896,46848,48520
70,0.8,5,35648,56208,57880
71,0.8,1,30648,42288,43984
71,0.8,2,24232,46200,47896
71,0.8,3,33048,46584,48280
71,0.8,4,26680,51488,53184
71,0.8,5,21200,43792,45488
72,0.8,1,30560,48368,50088
72,0.8,2,44752,62576,64296
72,0.8,3,29392,51192,52912
72,0.8,4,29288,56992,58712
72,0.8,5,29624,51056,52776
73,0.8,1,30432,53216,54960
73,0.8,2,21664,44752,46496
73,0.8,3,29256,44848,46592
73,0.8,4,32816,59696,61440
73,0.8,5,18280,51704,53448
74,0.8,1,26128,45176,46944
74,0.8,2,27912,47856,49624
74,0.8,3,32888,59440,61208
74,0.8,4,32944,63528,65296
74,0.8,5,35848,52872,54640
75,0.8,1,22136,42592,44384
75,0.8,2,23696,46376,48168
75,0.8,3,18952,44344,46136
75,0.8,4,33896,65448,67240
75,0.8,5,37760,56216,58008
76,0.8,1,33328,53824,55640
76,0.8,2,32800,49160,50976
76,0.8,3,41528,61192,63008
76,0.8,4,30376,55656,57472
76,0.8,5,33872,53944,55760
77,0.8,1,32440,62224,64064
77,0.8,2,27920,62928,64768
77,0.8,3,28048,50440,52280
77,0.8,4,32312,58800,60640
77,0.8,5,24048,52760,54600
78,0.8,1,38064,66216,68080
78,0.8,2,32880,48520,50384
78,0.8,3,32256,52408,54272
78,0.8,4,29512,53208,55072
78,0.8,5,32664,63552,65416
79,0.8,1,36480,52640,54528
79,0.8,2,28264,52480,54368
79,0.8,3,25568,53024,54912
79,0.8,4,26776,49592,51480
79,0.8,5,33056,51544,53432
80,0.8,1,26448,51128,53040
80,0.8,2,26744,52304,54216
80,0.8,3,33720,54152,56064
80,0.8,4,32760,58712,60624
80,0.8,5,43392,63488,65400
81,0.8,1,36160,52832,54768
81,0.8,2,34800,58920,60856
81,0.8,3,30744,50480,52416
81,0.8,4,25712,49296,51232
81,0.8,5,32704,57032,58968
82,0.8,1,35760,53568,55528
82,0.8,2,40872,65640,67600
82,0.8,3,28840,54648,56608
82,0.8,4,27624,56784,58744
82,0.8,5,29528,55144,57104
83,0.8,1,32088,55992,57976
83,0.8,2,36672,55904,57888
83,0.8,3,28424,46216,48200
83,0.8,4,29880,58904,60888
83,0.8,5,31208,51448,53432
84,0.8,1,32456,58568,60576
84,0.8,2,29800,51000,53008
84,0.8,3,26816,52040,54048
84,0.8,4,34216,60768,62776
84,0.8,5,41224,64368,66376
85,0.8,1,26128,49208,51240
85,0.8,2,30288,51968,54000
85,0.8,3,30960,53952,55984
85,0.8,4,41032,71800,73832
85,0.8,5,26352,57584,59616
86,0.8,1,33544,59456,61512
86,0.8,2,34224,60536,62592
86,0.8,3,33672,58360,60416
86,0.8,4,36864,64200,66256
86,0.8,5,32448,63104,65160
87,0.8,1,32656,57176,59256
87,0.8,2,35360,60336,62416
87,0.8,3,42120,59296,61376
87,0.8,4,39392,57064,59144
87,0.8,5,37664,61680,63760
88,0.8,1,34472,61608,63712
88,0.8,2,32320,62344,64448
88,0.8,3,39208,65872,67976
88,0.8,4,32512,57592,59696
88,0.8,5,40424,69496,71600
89,0.8,1,38816,72896,75024
89,0.8,2,36568,59000,61128
89,0.8,3,39032,62432,64560
89,0.8,4,32368,61152,63280
89,0.8,5,27784,54768,56896
90,0.8,1,41552,64624,66776
90,0.8,2,34600,56792,58944
90,0.8,3,34088,56808,58960
90,0.8,4,34856,55976,58128
90,0.8,5,40560,68424,70576
91,0.8,1,41944,65376,67552
91,0.8,2,34480,55224,57400
91,0.8,3,30248,56760,58936
91,0.8,4,33088,64304,66480
91,0.8,5,35336,69568,71744
92,0.8,1,40456,63344,65544
92,0.8,2,30280,63848,66048
92,0.8,3,42480,67400,69600
92,0.8,4,40568,65640,67840
92,0.8,5,46224,67064,69264
93,0.8,1,38560,70552,72776
93,0.8,2,32376,55992,58216
93,0.8,3,41088,65448,67672
93,0.8,4,48216,67608,69832
93,0.8,5,44760,66464,68688
94,0.8,1,37296,56808,59056
94,0.8,2,38960,70288,72536
94,0.8,3,27560,51848,54096
94,0.8,4,39816,67216,69464
94,0.8,5,37688,68944,71192
95,0.8,1,31232,64624,66896
95,0.8,2,35264,68344,70616
95,0.8,3,39448,67352,69624
95,0.8,4,35968,59928,62200
95,0.8,5,47704,73664,75936
96,0.8,1,46816,73784,76080
96,0.8,2,38920,65464,67760
96,0.8,3,35728,66904,69200
96,0.8,4,34928,64224,66520
96,0.8,5,35008,68624,70920
97,0.8,1,42408,61736,64056
97,0.8,2,41760,78368,80688
97,0.8,3,36472,62296,64616
97,0.8,4,38632,68664,70984
97,0.8,5,58056,78512,80832
98,0.8,1,39208,69584,71928
98,0.8,2,45240,74488,76832
98,0.8,3,40856,61176,63520
98,0.8,4,46576,65536,67880
98,0.8,5,42056,68824,71168
99,0.8,1,46120,68968,71336
99,0.8,2,40232,64320,66688
99,0.8,3,37104,70432,72800
99,0.8,4,41144,62952,65320
99,0.8,5,42280,67264,69632
100,0.8,1,44656,67960,70352
100,0.8,2,31032,69192,71584
100,0.8,3,38288,71648,74040
100,0.8,4,41960,64592,66984
100,0.8,5,36296,71472,73864
1,0.9,1,1992,16,16
1,0.9,2,1992,16,16
1,0.9,3,1992,16,16
1,0.9,4,1992,16,16
1,0.9,5,1992,16,16
2,0.9,1,2080,416,440
2,0.9,2,2536,1752,1776
2,0.9,3,2056,1128,1152
2,0.9,4,2080,400,440
2,0.9,5,2184,624,632
3,0.9,1,3096,2736,2784
3,0.9,2,2144,1008,1056
3,0.9,3,2488,984,1032
3,0.9,4,2488,2152,2200
3,0.9,5,3160,2168,2216
4,0.9,1,3336,2600,2672
4,0.9,2,3224,2512,2584
4,0.9,3,2656,2824,2912
4,0.9,4,3296,3448,3536
4,0.9,5,2576,2112,2168
5,0.9,1,3088,2656,2752
5,0.9,2,3792,4392,4504
5,0.9,3,3448,3224,3320
5,0.9,4,4280,4672,4784
5,0.9,5,2896,3808,3920
6,0.9,1,2776,5368,5504
6,0.9,2,3152,3928,4048
6,0.9,3,3376,5160,5296
6,0.9,4,5576,7008,7144
6,0.9,5,3040,4624,4744
7,0.9,1,4272,6608,6768
7,0.9,2,3656,3504,3664
7,0.9,3,2792,3328,3472
7,0.9,4,7032,9832,9976
7,0.9,5,4872,4288,4432
8,0.9,1,4952,6568,6752
8,0.9,2,5520,7744,7928
8,0.9,3,4216,6096,6264
8,0.9,4,3512,4560,4744
8,0.9,5,5616,4560,4728
9,0.9,1,2600,2608,2784
9,0.9,2,3888,4048,4240
9,0.9,3,5344,7184,7376
9,0.9,4,4936,7496,7704
9,0.9,5,3656,5672,5848
10,0.9,1,5656,6656,6888
10,0.9,2,4768,5424,5656
10,0.9,3,5848,7432,7648
10,0.9,4,3272,6008,6240
10,0.9,5,7368,7424,7656
11,0.9,1,4040,7584,7840
11,0.9,2,5296,5344,5584
11,0.9,3,3712,6184,6440
11,0.9,4,5712,8696,8936
11,0.9,5,6688,8776,9032
12,0.9,1,5520,7904,8152
12,0.9,2,3936,12104,12368
12,0.9,3,5400,9896,10176
12,0.9,4,3544,5272,5536
12,0.9,5,5824,6872,7152
13,0.9,1,6920,9984,10288
13,0.9,2,4800,9888,10192
13,0.9,3,5296,9552,9856
13,0.9,4,6776,9768,10072
13,0.9,5,5400,6960,7248
14,0.9,1,5376,10024,10352
14,0.9,2,3392,6376,6688
14,0.9,3,6008,12280,12608
14,0.9,4,5560,9960,10288
14,0.9,5,6768,12704,13000
15,0.9,1,6040,11184,11536
15,0.9,2,5592,7488,7840
15,0.9,3,4928,9760,10080
15,0.9,4,4768,7040,7392
15,0.9,5,6920,11384,11736
16,0.9,1,5504,9288,9664
16,0.9,2,5560,11512,11888
16,0.9,3,6496,12184,12560
16,0.9,4,8832,11608,11984
16,0.9,5,8384,14264,14640
17,0.9,1,7504,14808,15208
17,0.9,2,6824,14912,15312
17,0.9,3,6848,10320,10720
17,0.9,4,4896,9968,10368
17,0.9,5,6712,11808,12208
18,0.9,1,6176,13160,13584
18,0.9,2,7792,11832,12256
18,0.9,3,8504,13288,13712
18,0.9,4,6176,11080,11504
18,0.9,5,5376,12224,12648
19,0.9,1,6712,14848,15296
19,0.9,2,5688,11952,12400
19,0.9,3,6720,11368,11800
19,0.9,4,5904,12888,13336
19,0.9,5,7560,14376,14824
20,0.9,1,9688,19640,20112
20,0.9,2,9720,12376,12832
20,0.9,3,6384,11080,11552
20,0.9,4,6872,16496,16968
20,0.9,5,9432,14904,15376
21,0.9,1,8824,12736,13232
21,0.9,2,10504,18904,19400
21,0.9,3,6832,12448,12944
21,0.9,4,13016,17704,18200
21,0.9,5,11736,16184,16680
22,0.9,1,8496,16008,16528
22,0.9,2,6520,12664,13184
22,0.9,3,10272,19528,20048
22,0.9,4,9472,16440,16960
22,0.9,5,7672,14384,14904
23,0.9,1,7480,15560,16104
23,0.9,2,9936,19424,19968
23,0.9,3,7600,10560,11104
23,0.9,4,6024,11040,11568
23,0.9,5,8240,11656,12184
24,0.9,1,11912,19088,19656
24,0.9,2,8304,15520,16088
24,0.9,3,12760,23688,24256
24,0.9,4,11048,16088,16656
24,0.9,5,10184,18512,19080
25,0.9,1,7728,17728,18320
25,0.9,2,9656,16992,17584
25,0.9,3,10336,18536,19128
25,0.9,4,10888,20488,21080
25,0.9,5,12680,16864,17440
26,0.9,1,6440,15088,15688
26,0.9,2,11400,14960,15576
26,0.9,3,11560,21280,21896
26,0.9,4,9616,17056,17672
26,0.9,5,14304,20952,21568
27,0.9,1,12408,21320,21960
27,0.9,2,13048,19640,20280
27,0.9,3,12064,19328,19968
27,0.9,4,10104,17432,18072
27,0.9,5,12672,20576,21216
28,0.9,1,8736,16696,17360
28,0.9,2,13208,24744,25408
28,0.9,3,10288,16424,17088
28,0.9,4,8656,17664,18328
28,0.9,5,8568,18168,18832
29,0.9,1,12192,24072,24760
29,0.9,2,10200,16872,17560
29,0.9,3,12976,21736,22424
29,0.9,4,11120,23536,24224
29,0.9,5,12552,20096,20784
30,0.9,1,12144,19872,20584
30,0.9,2,10384,21768,22480
30,0.9,3,18992,25344,26056
30,0.9,4,13592,22096,22808
30,0.9,5,6208,18768,19480
31,0.9,1,22800,32816,33552
31,0.9,2,16208,30504,31240
31,0.9,3,10336,20864,21600
31,0.9,4,8024,20472,21208
31,0.9,5,9168,18256,18992
32,0.9,1,13248,27192,27952
32,0.9,2,13336,19784,20544
32,0.9,3,11000,18752,19512
32,0.9,4,12312,18576,19336
32,0.9,5,13328,20272,21032
33,0.9,1,9344,24168,24952
33,0.9,2,15808,21608,22392
33,0.9,3,15040,27896,28680
33,0.9,4,13640,21392,22176
33,0.9,5,16856,30056,30840
34,0.9,1,13112,20520,21328
34,0.9,2,10368,19792,20600
34,0.9,3,12440,20368,21176
34,0.9,4,16712,25616,26424
34,0.9,5,14960,27384,28192
35,0.9,1,11072,22440,23272
35,0.9,2,13960,26416,27248
35,0.9,3,15272,30208,31040
35,0.9,4,13648,22528,23360
35,0.9,5,15352,25928,26760
36,0.9,1,14376,25240,26096
36,0.9,2,17568,33648,34504
36,0.9,3,10992,21304,22160
36,0.9,4,19248,26192,27048
36,0.9,5,16216,28288,29144
37,0.9,1,20888,30904,31784
37,0.9,2,19272,26632,27512
37,0.9,3,13424,23168,24048
37,0.9,4,13016,22584,23464
37,0.9,5,11968,26488,27368
38,0.9,1,16504,28232,29136
38,0.9,2,16656,25984,26888
38,0.9,3,16800,29968,30872
38,0.9,4,13960,27520,28424
38,0.9,5,16944,29176,30080
39,0.9,1,18112,28280,29208
39,0.9,2,14088,27408,28336
39,0.9,3,19728,30136,31064
39,0.9,4,12168,26840,27768
39,0.9,5,19120,30296,31224
40,0.9,1,13248,28048,29000
40,0.9,2,9088,17784,18736
40,0.9,3,13120,26912,27864
40,0.9,4,16528,35016,35968
40,0.9,5,13288,27312,28264
41,0.9,1,15608,25056,26032
41,0.9,2,17256,28904,29880
41,0.9,3,12760,28912,29888
41,0.9,4,12384,23584,24560
41,0.9,5,20856,30952,31928
42,0.9,1,13536,27616,28616
42,0.9,2,16472,26480,27480
42,0.9,3,19272,31640,32640
42,0.9,4,15440,31752,32752
42,0.9,5,12192,27272,28272
43,0.9,1,16696,27712,28736
43,0.9,2,16736,34304,35328
43,0.9,3,19880,35760,36784
43,0.9,4,23936,37008,38032
43,0.9,5,14128,26704,27728
44,0.9,1,15584,30296,31344
44,0.9,2,15736,29392,30440
44,0.9,3,27712,42056,43104
44,0.9,4,14680,35576,36624
44,0.9,5,17576,32536,33584
45,0.9,1,22728,36032,37104
45,0.9,2,14520,25232,26304
45,0.9,3,16160,29392,30464
45,0.9,4,17296,30120,31192
45,0.9,5,18504,30808,31880
46,0.9,1,19344,35352,36448
46,0.9,2,15288,32384,33480
46,0.9,3,16736,29272,30368
46,0.9,4,17160,30048,31144
46,0.9,5,16472,29208,30304
47,0.9,1,19536,35608,36728
47,0.9,2,15432,32224,33344
47,0.9,3,18544,30800,31920
47,0.9,4,20576,34088,35208
47,0.9,5,19720,29608,30728
48,0.9,1,10488,27448,28592
48,0.9,2,24112,37632,38776
48,0.9,3,15648,29592,30736
48,0.9,4,16912,38320,39464
48,0.9,5,16760,30312,31456
49,0.9,1,19384,36888,38056
49,0.9,2,20816,37256,38424
49,0.9,3,24032,42776,43944
49,0.9,4,17432,27552,28720
49,0.9,5,14912,30160,31328
50,0.9,1,20528,36848,38040
50,0.9,2,21272,34240,35432
50,0.9,3,17920,33088,34280
50,0.9,4,16496,31752,32944
50,0.9,5,20904,38768,39960
51,0.9,1,24280,38824,40040
51,0.9,2,22400,39424,40640
51,0.9,3,21376,35128,36344
51,0.9,4,21448,34176,35392
51,0.9,5,16472,36904,38120
52,0.9,1,19184,34016,35256
52,0.9,2,20992,36736,37976
52,0.9,3,21792,38584,39824
52,0.9,4,16944,41824,43064
52,0.9,5,21728,43664,44904
53,0.9,1,19624,34928,36192
53,0.9,2,17696,36936,38200
53,0.9,3,13584,34976,36240
53,0.9,4,20800,36608,37872
53,0.9,5,19616,34584,35848
54,0.9,1,20704,38240,39528
54,0.9,2,18200,30296,31584
54,0.9,3,19936,35592,36880
54,0.9,4,13304,30208,31496
54,0.9,5,24328,41296,42584
55,0.9,1,18424,36096,37408
55,0.9,2,22304,38344,39656
55,0.9,3,24312,40000,41312
55,0.9,4,20920,40216,41528
55,0.9,5,21992,45912,47224
56,0.9,1,27216,42712,44048
56,0.9,2,26432,41744,43080
56,0.9,3,20592,36240,37576
56,0.9,4,26736,46352,47688
56,0.9,5,24480,42776,44112
57,0.9,1,22784,42848,44208
57,0.9,2,21320,40000,41360
57,0.9,3,28112,37352,38712
57,0.9,4,20160,36904,38264
57,0.9,5,17344,38520,39880
58,0.9,1,23224,41296,42680
58,0.9,2,23760,45928,47312
58,0.9,3,29768,39592,40976
58,0.9,4,23648,41056,42440
58,0.9,5,24592,42856,44240
59,0.9,1,16184,34792,36200
59,0.9,2,25800,41376,42784
59,0.9,3,26528,50000,51408
59,0.9,4,15320,35816,37224
59,0.9,5,23040,45792,47200
60,0.9,1,20784,38448,39880
60,0.9,2,23792,34536,35968
60,0.9,3,25904,46384,47816
60,0.9,4,22152,39488,40920
60,0.9,5,24280,39832,41264
61,0.9,1,28664,47688,49144
61,0.9,2,24328,38000,39456
61,0.9,3,22520,36672,38128
61,0.9,4,28056,47600,49056
61,0.9,5,25216,41320,42776
62,0.9,1,19224,37320,38800
62,0.9,2,19912,40944,42424
62,0.9,3,20888,38016,39496
62,0.9,4,24384,39392,40872
62,0.9,5,24416,49296,50776
63,0.9,1,30584,44800,46304
63,0.9,2,28944,45928,47432
63,0.9,3,27616,45560,47064
63,0.9,4,19352,35520,37024
63,0.9,5,24568,39768,41272
64,0.9,1,29400,42944,44472
64,0.9,2,25384,41000,42528
64,0.9,3,21048,37896,39424
64,0.9,4,36984,46736,48264
64,0.9,5,25024,43728,45256
65,0.9,1,31832,43176,44728
65,0.9,2,20672,42280,43832
65,0.9,3,30712,48264,49816
65,0.9,4,22072,44136,45688
65,0.9,5,28136,44288,45840
66,0.9,1,31688,46360,47936
66,0.9,2,22552,44656,46232
66,0.9,3,25432,49488,51064
66,0.9,4,23008,50624,52200
66,0.9,5,23464,49120,50696
67,0.9,1,32632,50328,51928
67,0.9,2,28712,57320,58920
67,0.9,3,30024,54064,55664
67,0.9,4,21256,35272,36872
67,0.9,5,19560,37656,39256
68,0.9,1,25960,43664,45288
68,0.9,2,19376,37984,39608
68,0.9,3,20088,43368,44992
68,0.9,4,34592,57256,58880
68,0.9,5,33240,50304,51928
69,0.9,1,26144,49488,51136
69,0.9,2,32832,59960,61608
69,0.9,3,26352,43224,44872
69,0.9,4,18808,35256,36904
69,0.9,5,19496,42088,43736
70,0.9,1,25784,48824,50496
70,0.9,2,28168,49304,50976
70,0.9,3,24584,51800,53472
70,0.9,4,28256,46800,48472
70,0.9,5,28840,52680,54352
71,0.9,1,25520,54120,55816
71,0.9,2,25032,52528,54224
71,0.9,3,31408,49816,51512
71,0.9,4,27680,42120,43816
71,0.9,5,31280,51368,53064
72,0.9,1,35632,56224,57944
72,0.9,2,29104,54888,56608
72,0.9,3,33552,57744,59464
72,0.9,4,27264,54000,55720
72,0.9,5,23000,47760,49480
73,0.9,1,29784,50904,52648
73,0.9,2,31000,51560,53304
73,0.9,3,30504,50664,52408
73,0.9,4,26784,51104,52848
73,0.9,5,25488,52264,54008
74,0.9,1,30656,57688,59456
74,0.9,2,25264,44000,45768
74,0.9,3,24656,48616,50384
74,0.9,4,26096,49864,51632
74,0.9,5,26472,44320,46088
75,0.9,1,28040,52272,54064
75,0.9,2,32200,57672,59464
75,0.9,3,36728,60112,61904
75,0.9,4,27792,46880,48672
75,0.9,5,28864,49800,51592
76,0.9,1,22992,43984,45800
76,0.9,2,22760,51608,53424
76,0.9,3,28672,49312,51128
76,0.9,4,22896,46152,47968
76,0.9,5,36328,52592,54408
77,0.9,1,31840,53296,55136
77,0.9,2,28784,47600,49440
77,0.9,3,39592,60568,62408
77,0.9,4,26496,48928,50768
77,0.9,5,30392,49480,51320
78,0.9,1,35480,54568,56432
78,0.9,2,29200,54552,56416
78,0.9,3,33920,52584,54448
78,0.9,4,24832,46432,48296
78,0.9,5,30496,56840,58704
79,0.9,1,25424,57264,59152
79,0.9,2,27920,55800,57688
79,0.9,3,24968,53432,55320
79,0.9,4,31728,54544,56432
79,0.9,5,36888,55256,57144
80,0.9,1,37832,63768,65680
80,0.9,2,32088,56352,58264
80,0.9,3,32544,52344,54256
80,0.9,4,31328,56312,58224
80,0.9,5,30752,50848,52760
81,0.9,1,24016,49864,51800
81,0.9,2,33024,50216,52152
81,0.9,3,32296,54048,55984
81,0.9,4,28640,47168,49104
81,0.9,5,35304,56552,58488
82,0.9,1,28480,63160,65120
82,0.9,2,27928,62040,64000
82,0.9,3,37560,52152,54112
82,0.9,4,35576,57520,59480
82,0.9,5,33152,60688,62648
83,0.9,1,39512,67760,69744
83,0.9,2,33448,59688,61672
83,0.9,3,33016,55544,57528
83,0.9,4,27992,54480,56464
83,0.9,5,33008,52768,54752
84,0.9,1,37488,63336,65344
84,0.9,2,37376,59000,61008
84,0.9,3,35064,65680,67688
84,0.9,4,30088,57728,59736
84,0.9,5,39984,69744,71752
85,0.9,1,27664,52832,54864
85,0.9,2,29008,55672,57704
85,0.9,3,36856,57864,59896
85,0.9,4,40728,54200,56232
85,0.9,5,23776,54816,56848
86,0.9,1,46984,62872,64928
86,0.9,2,38280,59248,61304
86,0.9,3,34904,61264,63320
86,0.9,4,33640,56040,58096
86,0.9,5,34384,51736,53792
87,0.9,1,30496,57920,60000
87,0.9,2,22496,48592,50672
87,0.9,3,34136,60880,62960
87,0.9,4,40576,57320,59400
87,0.9,5,34272,54192,56272
88,0.9,1,37264,66040,68144
88,0.9,2,36576,55512,57616
88,0.9,3,35912,59112,61216
88,0.9,4,35600,60440,62544
88,0.9,5,36632,63152,65256
89,0.9,1,29432,54608,56736
89,0.9,2,40968,64240,66368
89,0.9,3,42608,75280,77408
89,0.9,4,30504,59008,61136
89,0.9,5,37392,59376,61504
90,0.9,1,35856,61744,63896
90,0.9,2,38080,57872,60024
90,0.9,3,42104,66192,68344
90,0.9,4,34400,59768,61920
90,0.9,5,45960,75248,77400
91,0.9,1,33720,64352,66528
91,0.9,2,34384,57136,59312
91,0.9,3,36504,59776,61952
91,0.9,4,41384,62872,65048
91,0.9,5,37488,61496,63672
92,0.9,1,47824,74864,77064
92,0.9,2,37408,72104,74304
92,0.9,3,38240,57144,59344
92,0.9,4,47064,75968,78168
92,0.9,5,31632,58616,60816
93,0.9,1,35848,62704,64928
93,0.9,2,38352,64320,66544
93,0.9,3,36352,70344,72568
93,0.9,4,45800,68496,70720
93,0.9,5,54440,78224,80448
94,0.9,1,33696,66808,69056
94,0.9,2,31776,61464,63712
94,0.9,3,41760,65304,67552
94,0.9,4,45688,69624,71872
94,0.9,5,43744,64848,67096
95,0.9,1,38160,58576,60848
95,0.9,2,49464,65008,67280
95,0.9,3,45464,70840,73112
95,0.9,4,40568,71448,73720
95,0.9,5,49280,73552,75824
96,0.9,1,36800,67216,69512
96,0.9,2,39976,66320,68616
96,0.9,3,41896,65056,67352
96,0.9,4,45008,74248,76544
96,0.9,5,37240,62040,64336
97,0.9,1,43936,77560,79880
97,0.9,2,43264,75176,77496
97,0.9,3,49712,67288,69608
97,0.9,4,35840,63056,65376
97,0.9,5,39832,61064,63384
98,0.9,1,42872,72856,75200
98,0.9,2,41216,65576,67920
98,0.9,3,38016,61912,64256
98,0.9,4,41888,75920,78264
98,0.9,5,37544,69608,71952
99,0.9,1,45944,77072,79440
99,0.9,2,37920,63696,66064
99,0.9,3,51520,75464,77832
99,0.9,4,45112,66848,69216
99,0.9,5,43688,66448,68816
100,0.9,1,32320,60856,63248
100,0.9,2,41760,64064,66456
100,0.9,3,35448,73032,75424
100,0.9,4,36320,63120,65512
100,0.9,5,37584,64864,67256
1,1.0,1,1992,16,16
1,1.0,2,1992,16,16
1,1.0,3,1992,16,16
1,1.0,4,1992,16,16
1,1.0,5,1992,16,16
2,1.0,1,2080,784,808
2,1.0,2,2080,400,440
2,1.0,3,2208,648,672
2,1.0,4,2184,624,648
2,1.0,5,2080,2240,2264
3,1.0,1,2120,896,944
3,1.0,2,2488,1624,1672
3,1.0,3,2352,2136,2200
3,1.0,4,2120,2248,2296
3,1.0,5,2544,1736,1784
4,1.0,1,2528,1784,1856
4,1.0,2,2184,3384,3472
4,1.0,3,2208,1384,1456
4,1.0,4,4160,3168,3240
4,1.0,5,3920,3520,3592
5,1.0,1,2832,2264,2344
5,1.0,2,2416,1552,1648
5,1.0,3,2960,2328,2424
5,1.0,4,4832,3552,3648
5,1.0,5,2648,3568,3664
6,1.0,1,2504,4176,4312
6,1.0,2,4880,6328,6464
6,1.0,3,4848,6216,6320
6,1.0,4,4064,7312,7448
6,1.0,5,2704,4712,4832
7,1.0,1,4792,6944,7088
7,1.0,2,2656,3664,3792
7,1.0,3,3344,6040,6184
7,1.0,4,4048,6432,6576
7,1.0,5,2744,5976,6136
8,1.0,1,3152,5432,5616
8,1.0,2,3728,5784,5952
8,1.0,3,2832,7744,7912
8,1.0,4,6744,8408,8592
8,1.0,5,2880,6472,6656
9,1.0,1,7032,9032,9224
9,1.0,2,6528,8344,8552
9,1.0,3,5896,8784,8992
9,1.0,4,3656,6328,6520
9,1.0,5,3880,5504,5712
10,1.0,1,5232,9464,9696
10,1.0,2,4168,5712,5928
10,1.0,3,7752,8040,8272
10,1.0,4,3528,5528,5744
10,1.0,5,6208,7240,7472
11,1.0,1,6464,8776,9016
11,1.0,2,5376,8648,8904
11,1.0,3,3960,10952,11192
11,1.0,4,4320,9680,9936
11,1.0,5,4040,8392,8616
12,1.0,1,7488,10648,10912
12,1.0,2,8888,9840,10104
12,1.0,3,3576,5760,6040
12,1.0,4,5696,8872,9136
12,1.0,5,10696,12104,12384
13,1.0,1,3440,5488,5776
13,1.0,2,5336,9672,9976
13,1.0,3,5368,12568,12872
13,1.0,4,5632,7424,7728
13,1.0,5,4672,10944,11248
14,1.0,1,3840,6360,6656
14,1.0,2,8920,11176,11488
14,1.0,3,3432,7224,7536
14,1.0,4,4136,8304,8632
14,1.0,5,5576,8568,8864
15,1.0,1,11152,11952,12288
15,1.0,2,6328,12488,12824
15,1.0,3,9080,12832,13168
15,1.0,4,6408,10672,11024
15,1.0,5,4312,8424,8776
16,1.0,1,5904,8840,9200
16,1.0,2,9888,14208,14584
16,1.0,3,4976,14320,14696
16,1.0,4,6456,11224,11600
16,1.0,5,8704,11168,11544
17,1.0,1,8032,12200,12600
17,1.0,2,6536,11184,11568
17,1.0,3,6800,9608,9992
17,1.0,4,9800,13568,13968
17,1.0,5,7424,13456,13856
18,1.0,1,6704,12104,12528
18,1.0,2,8048,12856,13280
18,1.0,3,6056,10208,10616
18,1.0,4,6600,11072,11496
18,1.0,5,6744,11760,12184
19,1.0,1,7392,12832,13280
19,1.0,2,5952,15728,16176
19,1.0,3,6880,11464,11912
19,1.0,4,8776,12592,13040
19,1.0,5,12136,21216,21664
20,1.0,1,9832,15152,15624
20,1.0,2,4816,12704,13176
20,1.0,3,8968,14120,14592
20,1.0,4,9304,13752,14224
20,1.0,5,7200,11816,12288
21,1.0,1,7104,13376,13872
21,1.0,2,6656,12904,13400
21,1.0,3,6720,13360,13856
21,1.0,4,6752,16640,17136
21,1.0,5,11368,18160,18656
22,1.0,1,9920,18248,18768
22,1.0,2,10488,22384,22904
22,1.0,3,11184,16592,17112
22,1.0,4,10352,16392,16912
22,1.0,5,10872,22464,22984
23,1.0,1,8968,16120,16664
23,1.0,2,16224,22984,23528
23,1.0,3,7960,14272,14816
23,1.0,4,8224,14600,15144
23,1.0,5,9472,17328,17872
24,1.0,1,10368,16752,17320
24,1.0,2,9224,16296,16864
24,1.0,3,10352,16504,17072
24,1.0,4,10776,21088,21656
24,1.0,5,9424,13880,14448
25,1.0,1,11072,17600,18192
25,1.0,2,8976,18312,18904
25,1.0,3,10720,16016,16608
25,1.0,4,8296,16232,16824
25,1.0,5,14632,20984,21576
26,1.0,1,9016,17600,18216
26,1.0,2,12392,20752,21368
26,1.0,3,6832,15384,16000
26,1.0,4,8488,18312,18928
26,1.0,5,10696,19136,19752
27,1.0,1,9408,18040,18680
27,1.0,2,14216,21560,22200
27,1.0,3,11296,22080,22704
27,1.0,4,8872,19456,20096
27,1.0,5,10968,20368,21008
28,1.0,1,8968,15424,16088
28,1.0,2,13992,19536,20200
28,1.0,3,7368,15472,16136
28,1.0,4,11496,20856,21520
28,1.0,5,6656,15816,16480
29,1.0,1,11568,17400,18088
29,1.0,2,11768,22024,22712
29,1.0,3,13664,26208,26896
29,1.0,4,14624,22808,23496
29,1.0,5,11808,20352,21040
30,1.0,1,15032,24864,25576
30,1.0,2,9840,17192,17904
30,1.0,3,11424,18880,19592
30,1.0,4,11448,16728,17440
30,1.0,5,12248,18776,19488
31,1.0,1,6760,16704,17440
31,1.0,2,15376,24560,25296
31,1.0,3,11776,20512,21248
31,1.0,4,13936,25960,26696
31,1.0,5,15888,22168,22904
32,1.0,1,12976,21960,22720
32,1.0,2,13704,24040,24800
32,1.0,3,11008,18576,19336
32,1.0,4,13112,22768,23528
32,1.0,5,13568,21992,22752
33,1.0,1,10568,17000,17784
33,1.0,2,9488,22848,23632
33,1.0,3,18016,25168,25952
33,1.0,4,13240,22320,23104
33,1.0,5,10112,22912,23696
34,1.0,1,16464,25472,26280
34,1.0,2,12824,23048,23856
34,1.0,3,14000,22680,23488
34,1.0,4,13648,25664,26472
34,1.0,5,9176,24256,25064
35,1.0,1,13424,26256,27088
35,1.0,2,12632,26632,27464
35,1.0,3,12632,23088,23920
35,1.0,4,17032,32464,33296
35,1.0,5,13016,24160,24992
36,1.0,1,10880,23920,24776
36,1.0,2,12152,17552,18408
36,1.0,3,10320,24128,24984
36,1.0,4,17744,26520,27376
36,1.0,5,19016,27800,28656
37,1.0,1,11208,23536,24416
37,1.0,2,19960,33784,34664
37,1.0,3,10288,20552,21432
37,1.0,4,9248,23008,23888
37,1.0,5,11544,21536,22416
38,1.0,1,11528,25712,26616
38,1.0,2,16816,27776,28680
38,1.0,3,16296,25400,26304
38,1.0,4,13968,24160,25064
38,1.0,5,8992,21992,22896
39,1.0,1,15200,27088,28016
39,1.0,2,16224,26720,27648
39,1.0,3,20568,34768,35696
39,1.0,4,13576,28600,29528
39,1.0,5,8112,24040,24968
40,1.0,1,15360,36336,37288
40,1.0,2,11552,29544,30496
40,1.0,3,14080,28568,29520
40,1.0,4,14200,26120,27072
40,1.0,5,13024,24176,25128
41,1.0,1,15080,24472,25448
41,1.0,2,12568,28264,29240
41,1.0,3,19104,34208,35184
41,1.0,4,12344,25888,26864
41,1.0,5,17832,33816,34792
42,1.0,1,21192,33744,34744
42,1.0,2,16752,29888,30888
42,1.0,3,14552,25624,26624
42,1.0,4,15664,30648,31648
42,1.0,5,15544,27728,28728
43,1.0,1,15320,28080,29104
43,1.0,2,17336,33872,34896
43,1.0,3,23344,31800,32824
43,1.0,4,14056,29680,30704
43,1.0,5,17616,36008,37032
44,1.0,1,14160,27072,28120
44,1.0,2,15088,27416,28464
44,1.0,3,16408,32984,34032
44,1.0,4,22680,35648,36696
44,1.0,5,23008,34504,35552
45,1.0,1,14792,32656,33728
45,1.0,2,17528,25800,26872
45,1.0,3,20312,34288,35360
45,1.0,4,24296,34600,35672
45,1.0,5,17976,28504,29576
46,1.0,1,14792,37448,38544
46,1.0,2,16072,27216,28312
46,1.0,3,16096,32192,33288
46,1.0,4,23384,38768,39864
46,1.0,5,16272,34536,35632
47,1.0,1,12920,27184,28304
47,1.0,2,19160,30368,31488
47,1.0,3,20480,42192,43312
47,1.0,4,18240,32160,33280
47,1.0,5,19032,30552,31672
48,1.0,1,14616,33496,34640
48,1.0,2,15928,31280,32424
48,1.0,3,19096,27112,28256
48,1.0,4,17040,28096,29240
48,1.0,5,19480,31480,32624
49,1.0,1,24912,37144,38312
49,1.0,2,16552,28920,30088
49,1.0,3,19944,37136,38304
49,1.0,4,21584,37856,39024
49,1.0,5,17800,30096,31264
50,1.0,1,25728,37016,38208
50,1.0,2,17936,32096,33288
50,1.0,3,22472,33616,34808
50,1.0,4,17832,43088,44280
50,1.0,5,20584,28864,30056
51,1.0,1,15968,32336,33552
51,1.0,2,17064,31696,32912
51,1.0,3,25760,45208,46424
51,1.0,4,17896,35496,36712
51,1.0,5,15384,29440,30656
52,1.0,1,17384,36880,38120
52,1.0,2,18832,36776,38016
52,1.0,3,16216,33696,34936
52,1.0,4,24080,32496,33736
52,1.0,5,20024,31336,32576
53,1.0,1,20008,33528,34792
53,1.0,2,21384,41800,43064
53,1.0,3,23696,44232,45496
53,1.0,4,22152,34360,35624
53,1.0,5,26848,42624,43888
54,1.0,1,21024,33208,34496
54,1.0,2,20128,33232,34520
54,1.0,3,20584,39472,40760
54,1.0,4,17304,38544,39832
54,1.0,5,22936,38384,39672
55,1.0,1,18592,34664,35976
55,1.0,2,24848,46472,47784
55,1.0,3,29168,42944,44256
55,1.0,4,21952,42000,43312
55,1.0,5,18120,35824,37136
56,1.0,1,18096,33800,35136
56,1.0,2,22704,36760,38096
56,1.0,3,22760,37320,38656
56,1.0,4,21888,34592,35928
56,1.0,5,18656,37848,39184
57,1.0,1,19440,30856,32216
57,1.0,2,24192,44360,45720
57,1.0,3,17808,36304,37664
57,1.0,4,25600,44176,45536
57,1.0,5,19952,32688,34048
58,1.0,1,28488,45256,46640
58,1.0,2,26304,39920,41304
58,1.0,3,32296,43088,44472
58,1.0,4,26928,40392,41776
58,1.0,5,26240,45600,46984
59,1.0,1,18632,44008,45416
59,1.0,2,19456,40256,41664
59,1.0,3,23160,39352,40760
59,1.0,4,24808,39080,40488
59,1.0,5,25088,38656,40064
60,1.0,1,27112,44672,46104
60,1.0,2,22640,38752,40184
60,1.0,3,22424,45168,46600
60,1.0,4,22632,43520,44952
60,1.0,5,31280,46192,47624
61,1.0,1,20104,45336,46792
61,1.0,2,27336,50200,51656
61,1.0,3,22728,44240,45696
61,1.0,4,20088,37680,39136
61,1.0,5,15656,43040,44496
62,1.0,1,26680,41840,43320
62,1.0,2,26336,45192,46672
62,1.0,3,21696,42344,43824
62,1.0,4,19880,38952,40432
62,1.0,5,24120,45440,46920
63,1.0,1,26880,48288,49792
63,1.0,2,30048,47016,48520
63,1.0,3,27928,38752,40256
63,1.0,4,26712,47288,48792
63,1.0,5,19024,38056,39560
64,1.0,1,25880,39896,41424
64,1.0,2,20200,41096,42624
64,1.0,3,20392,38016,39544
64,1.0,4,27936,51104,52632
64,1.0,5,27080,52672,54200
65,1.0,1,28872,46552,48104
65,1.0,2,31472,45944,47496
65,1.0,3,22672,40880,42432
65,1.0,4,25784,49112,50664
65,1.0,5,20704,38280,39832
66,1.0,1,22944,40968,42544
66,1.0,2,23888,46528,48104
66,1.0,3,23352,42792,44368
66,1.0,4,23928,52432,54008
66,1.0,5,24416,46296,47872
67,1.0,1,34328,52592,54192
67,1.0,2,24464,48312,49912
67,1.0,3,24184,43968,45568
67,1.0,4,25056,43472,45072
67,1.0,5,28864,45848,47448
68,1.0,1,26848,41960,43584
68,1.0,2,23984,44192,45816
68,1.0,3,25448,46600,48224
68,1.0,4,29504,43616,45240
68,1.0,5,22528,40288,41912
69,1.0,1,24352,44064,45712
69,1.0,2,32632,52880,54528
69,1.0,3,24392,46680,48328
69,1.0,4,17920,37016,38664
69,1.0,5,20008,38336,39984
70,1.0,1,27856,50640,52312
70,1.0,2,32304,50480,52152
70,1.0,3,26584,41312,42984
70,1.0,4,26544,49104,50776
70,1.0,5,27400,48360,50032
71,1.0,1,27640,56280,57976
71,1.0,2,30024,52856,54552
71,1.0,3,29168,48704,50400
71,1.0,4,30192,57520,59216
71,1.0,5,22752,40504,42200
72,1.0,1,23904,40384,42104
72,1.0,2,29384,49352,51072
72,1.0,3,28536,49416,51136
72,1.0,4,19200,38984,40704
72,1.0,5,22600,52960,54680
73,1.0,1,35720,58048,59792
73,1.0,2,19032,43672,45416
73,1.0,3,32696,51224,52968
73,1.0,4,32096,55824,57568
73,1.0,5,28536,48272,50016
74,1.0,1,31520,49448,51216
74,1.0,2,23384,45584,47352
74,1.0,3,27504,53664,55432
74,1.0,4,30312,52416,54184
74,1.0,5,26184,52448,54216
75,1.0,1,37112,58144,59936
75,1.0,2,27896,47984,49776
75,1.0,3,37144,62160,63952
75,1.0,4,25096,49408,51200
75,1.0,5,20552,47632,49424
76,1.0,1,29352,55728,57544
76,1.0,2,24952,43392,45208
76,1.0,3,37240,51272,53088
76,1.0,4,32192,54784,56600
76,1.0,5,36848,56568,58384
77,1.0,1,33128,62424,64264
77,1.0,2,25536,51936,53776
77,1.0,3,26544,50232,52072
77,1.0,4,34144,50760,52600
77,1.0,5,29080,57032,58872
78,1.0,1,32688,50656,52520
78,1.0,2,31440,67184,69048
78,1.0,3,35184,51992,53856
78,1.0,4,28536,55856,57720
78,1.0,5,27632,44832,46696
79,1.0,1,39648,60296,62184
79,1.0,2,32440,51448,53336
79,1.0,3,26376,47688,49576
79,1.0,4,23208,45128,47016
79,1.0,5,31016,52792,54680
80,1.0,1,33112,55000,56912
80,1.0,2,33536,53576,55488
80,1.0,3,32392,63768,65680
80,1.0,4,39096,60576,62488
80,1.0,5,44600,64576,66488
81,1.0,1,24360,51160,53096
81,1.0,2,30344,52176,54112
81,1.0,3,32944,59288,61224
81,1.0,4,34184,57480,59416
81,1.0,5,23400,49392,51328
82,1.0,1,35408,52384,54344
82,1.0,2,27576,49840,51800
82,1.0,3,29336,60120,62080
82,1.0,4,33176,57680,59640
82,1.0,5,32456,55904,57864
83,1.0,1,40376,62984,64968
83,1.0,2,30624,52296,54280
83,1.0,3,43776,59096,61080
83,1.0,4,37416,61704,63688
83,1.0,5,26024,60872,62856
84,1.0,1,34600,59824,61832
84,1.0,2,33592,55984,57992
84,1.0,3,41544,64928,66936
84,1.0,4,34328,63408,65416
84,1.0,5,33048,59760,61768
85,1.0,1,35472,56216,58248
85,1.0,2,35672,62008,64040
85,1.0,3,35152,64024,66056
85,1.0,4,33408,67040,69072
85,1.0,5,37568,54224,56256
86,1.0,1,36256,60784,62840
86,1.0,2,34784,57312,59368
86,1.0,3,27336,52112,54168
86,1.0,4,36056,61032,63088
86,1.0,5,34960,61880,63936
87,1.0,1,34296,61680,63760
87,1.0,2,25088,54952,57032
87,1.0,3,28448,61712,63792
87,1.0,4,43824,65448,67528
87,1.0,5,27592,61544,63624
88,1.0,1,30848,55008,57112
88,1.0,2,32896,61320,63424
88,1.0,3,35216,65296,67400
88,1.0,4,41424,64664,66768
88,1.0,5,39312,51448,53552
89,1.0,1,36976,71712,73840
89,1.0,2,34696,58200,60328
89,1.0,3,33088,62800,64928
89,1.0,4,48720,66488,68616
89,1.0,5,41696,67232,69360
90,1.0,1,36240,57944,60096
90,1.0,2,29816,61000,63152
90,1.0,3,26328,55168,57320
90,1.0,4,39408,74672,76824
90,1.0,5,29296,59624,61776
91,1.0,1,31920,56704,58880
91,1.0,2,33416,64208,66384
91,1.0,3,35320,61472,63648
91,1.0,4,43816,71072,73248
91,1.0,5,49552,68544,70720
92,1.0,1,36288,58064,60264
92,1.0,2,35584,68104,70304
92,1.0,3,29896,55328,57528
92,1.0,4,33000,65000,67200
92,1.0,5,37616,59592,61792
93,1.0,1,28512,56520,58744
93,1.0,2,40448,68040,70264
93,1.0,3,36680,54840,57064
93,1.0,4,34464,65624,67848
93,1.0,5,32320,59376,61600
94,1.0,1,36544,61104,63352
94,1.0,2,45136,73144,75392
94,1.0,3,34120,64472,66720
94,1.0,4,35824,59880,62128
94,1.0,5,39912,74008,76256
95,1.0,1,42088,68736,71008
95,1.0,2,38496,66072,68344
95,1.0,3,27816,53672,55944
95,1.0,4,39352,61384,63656
95,1.0,5,40952,72336,74608
96,1.0,1,43008,63512,65808
96,1.0,2,49000,59792,62088
96,1.0,3,50336,65528,67824
96,1.0,4,34632,64536,66832
96,1.0,5,39152,64632,66928
97,1.0,1,44264,68680,71000
97,1.0,2,31944,64608,66928
97,1.0,3,44352,75536,77856
97,1.0,4,44456,75088,77408
97,1.0,5,37352,62208,64528
98,1.0,1,39968,64648,66992
98,1.0,2,38768,65512,67856
98,1.0,3,40944,67224,69568
98,1.0,4,41096,67328,69672
98,1.0,5,48584,68568,70912
99,1.0,1,40968,61320,63688
99,1.0,2,42712,76176,78544
99,1.0,3,40960,67304,69672
99,1.0,4,41584,72136,74504
99,1.0,5,38096,60392,62760
100,1.0,1,28600,64560,66952
100,1.0,2,44792,69224,71616
100,1.0,3,30520,64288,66680
100,1.0,4,49752,78000,80392
100,1.0,5,46832,67472,69864
