N,P,X,Cmap,ExecEnv
1,0.0,1,2008,88
1,0.0,2,2008,88
1,0.0,3,2008,88
1,0.0,4,2008,88
1,0.0,5,2008,88
2,0.0,1,2104,680
2,0.0,2,2104,464
2,0.0,3,13168,5656
2,0.0,4,2392,808
2,0.0,5,10120,2336
3,0.0,1,2848,2312
3,0.0,2,3224,2032
3,0.0,3,2952,3152
3,0.0,4,2200,1096
3,0.0,5,2200,2760
4,0.0,1,3048,3800
4,0.0,2,3048,2128
4,0.0,3,12208,4488
4,0.0,4,2584,1736
4,0.0,5,3048,2424
5,0.0,1,2680,3584
5,0.0,2,2392,3800
5,0.0,3,2680,4816
5,0.0,4,2680,3088
5,0.0,5,12104,3864
6,0.0,1,21192,6312
6,0.0,2,5640,3488
6,0.0,3,2488,1680
6,0.0,4,3760,2952
6,0.0,5,8648,6032
7,0.0,1,4560,4456
7,0.0,2,6592,6200
7,0.0,3,8072,7728
7,0.0,4,3272,4920
7,0.0,5,7728,5456
8,0.0,1,4672,5208
8,0.0,2,3664,6152
8,0.0,3,5856,6640
8,0.0,4,4384,3888
8,0.0,5,5944,7512
9,0.0,1,9376,6776
9,0.0,2,6592,7368
9,0.0,3,13208,7728
9,0.0,4,5616,6848
9,0.0,5,6408,6896
10,0.0,1,27176,8744
10,0.0,2,7352,8528
10,0.0,3,16112,10072
10,0.0,4,3576,5912
10,0.0,5,4184,5480
11,0.0,1,9328,8824
11,0.0,2,20432,10848
11,0.0,3,11536,7360
11,0.0,4,9304,7784
11,0.0,5,5120,6336
12,0.0,1,10800,9056
12,0.0,2,6488,6840
12,0.0,3,7048,9720
12,0.0,4,6528,7552
12,0.0,5,14104,15200
13,0.0,1,7288,9296
13,0.0,2,10040,12096
13,0.0,3,6016,10624
13,0.0,4,9792,9520
13,0.0,5,7112,8920
14,0.0,1,21912,12224
14,0.0,2,7744,7952
14,0.0,3,21400,12112
14,0.0,4,19384,14032
14,0.0,5,12144,8408
15,0.0,1,14016,10064
15,0.0,2,19352,11000
15,0.0,3,10024,8312
15,0.0,4,10608,10192
15,0.0,5,7864,15288
16,0.0,1,12496,9816
16,0.0,2,28648,15616
16,0.0,3,10496,10552
16,0.0,4,24944,12448
16,0.0,5,11904,11048
17,0.0,1,20128,17704
17,0.0,2,9872,13040
17,0.0,3,14240,13376
17,0.0,4,9520,9192
17,0.0,5,12496,12048
18,0.0,1,13904,14544
18,0.0,2,14608,11616
18,0.0,3,34600,14952
18,0.0,4,13696,12280
18,0.0,5,26616,13784
19,0.0,1,22664,11400
19,0.0,2,7296,12736
19,0.0,3,26520,14376
19,0.0,4,38584,16168
19,0.0,5,5320,10704
20,0.0,1,10752,15400
20,0.0,2,8680,13592
20,0.0,3,36392,17040
20,0.0,4,21688,14144
20,0.0,5,14008,17528
21,0.0,1,17680,14304
21,0.0,2,11248,17680
21,0.0,3,32912,15008
21,0.0,4,18128,15176
21,0.0,5,17336,19888
22,0.0,1,12064,20128
22,0.0,2,18416,16144
22,0.0,3,35424,18984
22,0.0,4,20744,16696
22,0.0,5,18672,19272
23,0.0,1,18696,15792
23,0.0,2,10768,14960
23,0.0,3,15048,17456
23,0.0,4,13272,16400
23,0.0,5,12312,17848
24,0.0,1,21512,17336
24,0.0,2,14712,19144
24,0.0,3,27520,23296
24,0.0,4,26832,16688
24,0.0,5,32352,20192
25,0.0,1,31624,22560
25,0.0,2,29800,22712
25,0.0,3,44456,27080
25,0.0,4,27136,20432
25,0.0,5,38752,19752
26,0.0,1,13856,15648
26,0.0,2,16992,21968
26,0.0,3,14576,18104
26,0.0,4,13328,23288
26,0.0,5,16912,15376
27,0.0,1,27928,20784
27,0.0,2,14896,17712
27,0.0,3,24784,23000
27,0.0,4,41592,22616
27,0.0,5,18720,22656
28,0.0,1,44112,24040
28,0.0,2,36464,21552
28,0.0,3,14144,18424
28,0.0,4,14392,19784
28,0.0,5,24000,18968
29,0.0,1,15232,24048
29,0.0,2,24632,21376
29,0.0,3,19288,17128
29,0.0,4,32576,26360
29,0.0,5,37312,18448
30,0.0,1,17136,18384
30,0.0,2,39648,27504
30,0.0,3,13768,21736
30,0.0,4,29152,24920
30,0.0,5,17648,20576
31,0.0,1,24480,20304
31,0.0,2,22144,22048
31,0.0,3,55720,32272
31,0.0,4,14600,18904
31,0.0,5,20840,22696
32,0.0,1,20096,26728
32,0.0,2,15888,18896
32,0.0,3,26648,27192
32,0.0,4,31432,23360
32,0.0,5,22424,19464
33,0.0,1,42816,26840
33,0.0,2,17664,28048
33,0.0,3,57488,32200
33,0.0,4,19080,22088
33,0.0,5,81800,34184
34,0.0,1,31664,22736
34,0.0,2,24616,27288
34,0.0,3,44088,26120
34,0.0,4,28760,28824
34,0.0,5,18880,24368
35,0.0,1,47200,30648
35,0.0,2,14712,28512
35,0.0,3,41712,29328
35,0.0,4,26272,23192
35,0.0,5,12152,26832
36,0.0,1,29736,28024
36,0.0,2,42224,24784
36,0.0,3,31480,32664
36,0.0,4,20928,25960
36,0.0,5,73752,28184
37,0.0,1,42976,29840
37,0.0,2,18536,29336
37,0.0,3,9272,21392
37,0.0,4,29640,24992
37,0.0,5,29280,22312
38,0.0,1,31560,32304
38,0.0,2,43280,30608
38,0.0,3,51560,28480
38,0.0,4,37392,31288
38,0.0,5,30104,25456
39,0.0,1,47728,31120
39,0.0,2,42920,31320
39,0.0,3,24592,23672
39,0.0,4,26288,28528
39,0.0,5,29656,29568
40,0.0,1,58448,34552
40,0.0,2,24208,27896
40,0.0,3,33712,31208
40,0.0,4,38640,32664
40,0.0,5,22480,27576
41,0.0,1,43760,32456
41,0.0,2,65192,31488
41,0.0,3,38920,31064
41,0.0,4,30816,28456
41,0.0,5,31936,28872
42,0.0,1,31352,31384
42,0.0,2,39504,31056
42,0.0,3,38368,26992
42,0.0,4,20720,25752
42,0.0,5,35048,32968
43,0.0,1,37736,29656
43,0.0,2,20088,28480
43,0.0,3,30048,38496
43,0.0,4,45176,38456
43,0.0,5,22528,25816
44,0.0,1,41960,34880
44,0.0,2,47088,33688
44,0.0,3,15448,28384
44,0.0,4,30952,35912
44,0.0,5,39208,35984
45,0.0,1,49880,35680
45,0.0,2,47248,31768
45,0.0,3,32784,28088
45,0.0,4,30248,38088
45,0.0,5,42208,32832
46,0.0,1,13640,31432
46,0.0,2,47736,35912
46,0.0,3,40376,38448
46,0.0,4,35464,32296
46,0.0,5,31552,29688
47,0.0,1,32768,34704
47,0.0,2,26408,34720
47,0.0,3,55760,38336
47,0.0,4,51528,39424
47,0.0,5,62256,35280
48,0.0,1,39984,37000
48,0.0,2,38808,42304
48,0.0,3,41472,40288
48,0.0,4,40416,35328
48,0.0,5,42256,35504
49,0.0,1,25192,33424
49,0.0,2,23984,32640
49,0.0,3,25768,32072
49,0.0,4,43832,40520
49,0.0,5,28648,45024
50,0.0,1,51264,46768
50,0.0,2,45608,40240
50,0.0,3,54072,38768
50,0.0,4,22288,27728
50,0.0,5,38168,33680
51,0.0,1,70048,50656
51,0.0,2,51952,39400
51,0.0,3,20456,34792
51,0.0,4,59232,37768
51,0.0,5,42952,35712
52,0.0,1,30144,38592
52,0.0,2,43752,38832
52,0.0,3,38552,39376
52,0.0,4,60536,44216
52,0.0,5,65808,43448
53,0.0,1,58744,37000
53,0.0,2,25728,39728
53,0.0,3,23208,37120
53,0.0,4,45256,38136
53,0.0,5,45000,38056
54,0.0,1,58016,41304
54,0.0,2,42360,33120
54,0.0,3,64376,42944
54,0.0,4,37888,39304
54,0.0,5,57136,44000
55,0.0,1,37352,35760
55,0.0,2,43240,42880
55,0.0,3,59072,43456
55,0.0,4,38936,48200
55,0.0,5,42848,39328
56,0.0,1,79976,47960
56,0.0,2,48968,45736
56,0.0,3,46048,42448
56,0.0,4,41104,36440
56,0.0,5,67144,43704
57,0.0,1,50440,46312
57,0.0,2,56848,46432
57,0.0,3,48648,41144
57,0.0,4,42240,39200
57,0.0,5,52936,48624
58,0.0,1,28208,38168
58,0.0,2,45384,43752
58,0.0,3,51112,41744
58,0.0,4,51952,46064
58,0.0,5,26440,37424
59,0.0,1,40752,38160
59,0.0,2,62240,44600
59,0.0,3,45968,40928
59,0.0,4,29104,40784
59,0.0,5,38320,40352
60,0.0,1,53000,43784
60,0.0,2,47048,48040
60,0.0,3,38728,38728
60,0.0,4,63680,47936
60,0.0,5,28192,44768
61,0.0,1,57352,42736
61,0.0,2,69000,49912
61,0.0,3,49992,49512
61,0.0,4,54744,50008
61,0.0,5,41440,45568
62,0.0,1,39736,47704
62,0.0,2,36224,49472
62,0.0,3,41608,43440
62,0.0,4,46352,45504
62,0.0,5,61336,50672
63,0.0,1,55872,52048
63,0.0,2,80336,58488
63,0.0,3,72056,58792
63,0.0,4,40992,43624
63,0.0,5,52112,48504
64,0.0,1,45376,45680
64,0.0,2,40848,44696
64,0.0,3,42760,49984
64,0.0,4,58848,53744
64,0.0,5,59696,50392
65,0.0,1,77184,57536
65,0.0,2,61728,54448
65,0.0,3,33504,48608
65,0.0,4,35992,45440
65,0.0,5,42560,48960
66,0.0,1,36648,47704
66,0.0,2,40824,46920
66,0.0,3,53248,48696
66,0.0,4,56968,53608
66,0.0,5,92928,60400
67,0.0,1,49904,43824
67,0.0,2,62696,57688
67,0.0,3,69880,58136
67,0.0,4,50000,43552
67,0.0,5,66920,56072
68,0.0,1,49872,47296
68,0.0,2,50864,49200
68,0.0,3,68336,52752
68,0.0,4,70344,53552
68,0.0,5,55760,54472
69,0.0,1,61672,51448
69,0.0,2,34416,48536
69,0.0,3,75160,56432
69,0.0,4,62400,54704
69,0.0,5,43672,51800
70,0.0,1,41992,53240
70,0.0,2,39480,53080
70,0.0,3,54728,56144
70,0.0,4,48392,51360
70,0.0,5,62560,52472
71,0.0,1,71176,61896
71,0.0,2,32456,48128
71,0.0,3,67048,57376
71,0.0,4,72064,53872
71,0.0,5,71104,55032
72,0.0,1,52664,50544
72,0.0,2,60528,53688
72,0.0,3,50832,49768
72,0.0,4,62848,49152
72,0.0,5,56296,49672
73,0.0,1,50632,54192
73,0.0,2,64808,62168
73,0.0,3,45840,56224
73,0.0,4,62608,51936
73,0.0,5,81768,64936
74,0.0,1,47280,60240
74,0.0,2,57512,49720
74,0.0,3,68576,52040
74,0.0,4,84704,63264
74,0.0,5,58200,56032
75,0.0,1,70648,59888
75,0.0,2,52616,60192
75,0.0,3,49440,52632
75,0.0,4,88792,67744
75,0.0,5,71968,69408
76,0.0,1,54520,46504
76,0.0,2,43888,51608
76,0.0,3,77608,57736
76,0.0,4,58232,56920
76,0.0,5,54576,52152
77,0.0,1,52336,50984
77,0.0,2,65464,58240
77,0.0,3,75760,57000
77,0.0,4,84968,68688
77,0.0,5,50984,55616
78,0.0,1,59960,58208
78,0.0,2,98352,62304
78,0.0,3,68120,59584
78,0.0,4,70112,58160
78,0.0,5,66656,63712
79,0.0,1,81176,58288
79,0.0,2,60320,59792
79,0.0,3,64312,63128
79,0.0,4,51656,48832
79,0.0,5,64296,56360
80,0.0,1,56024,62520
80,0.0,2,82528,57320
80,0.0,3,62800,55752
80,0.0,4,91864,68024
80,0.0,5,74272,55832
81,0.0,1,77944,64112
81,0.0,2,95904,62856
81,0.0,3,65568,58848
81,0.0,4,99720,64168
81,0.0,5,63320,60624
82,0.0,1,66560,63880
82,0.0,2,63456,59856
82,0.0,3,51616,58888
82,0.0,4,59736,63200
82,0.0,5,55408,59160
83,0.0,1,56024,59328
83,0.0,2,88184,64048
83,0.0,3,96368,70856
83,0.0,4,70064,62808
83,0.0,5,44024,57248
84,0.0,1,84432,60104
84,0.0,2,58240,55272
84,0.0,3,72104,65928
84,0.0,4,59880,63024
84,0.0,5,82760,65728
85,0.0,1,80776,67928
85,0.0,2,74944,60688
85,0.0,3,78056,69816
85,0.0,4,104360,67728
85,0.0,5,56664,56960
86,0.0,1,75968,66472
86,0.0,2,77232,62128
86,0.0,3,65088,56728
86,0.0,4,99296,67584
86,0.0,5,66064,67464
87,0.0,1,64960,64520
87,0.0,2,75592,64816
87,0.0,3,61120,62568
87,0.0,4,66080,76848
87,0.0,5,63968,61432
88,0.0,1,88568,72296
88,0.0,2,59976,60504
88,0.0,3,111544,77312
88,0.0,4,61176,60520
88,0.0,5,53008,61616
89,0.0,1,51296,55624
89,0.0,2,75952,66936
89,0.0,3,67544,65440
89,0.0,4,88672,69840
89,0.0,5,71936,62768
90,0.0,1,88096,70440
90,0.0,2,70744,67592
90,0.0,3,58216,67168
90,0.0,4,76056,64472
90,0.0,5,62544,64792
91,0.0,1,83096,74512
91,0.0,2,79352,71784
91,0.0,3,89288,69760
91,0.0,4,65616,65592
91,0.0,5,96152,76960
92,0.0,1,66872,62456
92,0.0,2,72840,61408
92,0.0,3,57272,68528
92,0.0,4,89640,64256
92,0.0,5,73096,67864
93,0.0,1,76832,68624
93,0.0,2,128656,73504
93,0.0,3,70704,69632
93,0.0,4,78504,65896
93,0.0,5,71480,68264
94,0.0,1,74960,69968
94,0.0,2,65136,68992
94,0.0,3,72752,75512
94,0.0,4,114296,74720
94,0.0,5,61600,64576
95,0.0,1,71480,68848
95,0.0,2,72672,64048
95,0.0,3,71440,69640
95,0.0,4,90864,80168
95,0.0,5,76552,70176
96,0.0,1,71240,78736
96,0.0,2,95592,84456
96,0.0,3,72920,70904
96,0.0,4,88816,67552
96,0.0,5,101600,67944
97,0.0,1,80376,78080
97,0.0,2,88384,66336
97,0.0,3,72488,69688
97,0.0,4,170720,85920
97,0.0,5,60728,60368
98,0.0,1,63864,70320
98,0.0,2,65568,75976
98,0.0,3,71448,69536
98,0.0,4,95640,68504
98,0.0,5,58800,69368
99,0.0,1,91808,84128
99,0.0,2,74032,67384
99,0.0,3,52664,63936
99,0.0,4,102304,84624
99,0.0,5,89224,80840
100,0.0,1,75432,69368
100,0.0,2,53624,67240
100,0.0,3,83432,77184
100,0.0,4,82440,82200
100,0.0,5,83656,76440
1,0.1,1,2008,88
1,0.1,2,2008,88
1,0.1,3,2008,88
1,0.1,4,2008,88
1,0.1,5,2008,88
2,0.1,1,2392,848
2,0.1,2,2104,680
2,0.1,3,2104,464
2,0.1,4,2104,2152
2,0.1,5,5736,2480
3,0.1,1,3224,1600
3,0.1,2,2200,808
3,0.1,3,2696,2184
3,0.1,4,2848,1424
3,0.1,5,2488,2616
4,0.1,1,4376,4528
4,0.1,2,3320,3264
4,0.1,3,2296,4512
4,0.1,4,3320,4136
4,0.1,5,3048,3136
5,0.1,1,3040,2800
5,0.1,2,2680,3568
5,0.1,3,5560,4640
5,0.1,4,4936,5328
5,0.1,5,3040,2712
6,0.1,1,4552,5808
6,0.1,2,5696,8328
6,0.1,3,4632,4824
6,0.1,4,3000,3664
6,0.1,5,2776,5176
7,0.1,1,3752,4672
7,0.1,2,14736,7712
7,0.1,3,5608,6640
7,0.1,4,5648,6400
7,0.1,5,6048,5912
8,0.1,1,2688,5360
8,0.1,2,3664,4424
8,0.1,3,10648,5976
8,0.1,4,17208,6520
8,0.1,5,10792,7760
9,0.1,1,11680,6704
9,0.1,2,5936,4536
9,0.1,3,23048,7584
9,0.1,4,13936,7400
9,0.1,5,12280,11240
10,0.1,1,6528,5864
10,0.1,2,7592,9424
10,0.1,3,29584,7616
10,0.1,4,5944,10240
10,0.1,5,23256,10376
11,0.1,1,9840,11752
11,0.1,2,17680,11048
11,0.1,3,12200,9360
11,0.1,4,7216,8400
11,0.1,5,3240,7880
12,0.1,1,9272,7288
12,0.1,2,29432,10024
12,0.1,3,6968,8136
12,0.1,4,19504,13000
12,0.1,5,9976,8992
13,0.1,1,5704,9776
13,0.1,2,11976,9752
13,0.1,3,13840,10776
13,0.1,4,6944,6704
13,0.1,5,18632,10312
14,0.1,1,24528,13456
14,0.1,2,7976,7664
14,0.1,3,5840,9048
14,0.1,4,6904,9232
14,0.1,5,19552,10736
15,0.1,1,7096,11224
15,0.1,2,15976,9360
15,0.1,3,8424,9944
15,0.1,4,6000,7912
15,0.1,5,9816,11352
16,0.1,1,11560,9608
16,0.1,2,7608,9096
16,0.1,3,19616,13680
16,0.1,4,8536,11616
16,0.1,5,11160,11536
17,0.1,1,5208,11168
17,0.1,2,21872,13448
17,0.1,3,15128,14968
17,0.1,4,8688,11520
17,0.1,5,16424,15072
18,0.1,1,13816,16016
18,0.1,2,16544,15264
18,0.1,3,7168,12232
18,0.1,4,7696,15264
18,0.1,5,22984,17304
19,0.1,1,21648,20448
19,0.1,2,15464,19016
19,0.1,3,30576,17032
19,0.1,4,22240,16464
19,0.1,5,11376,14480
20,0.1,1,20544,14440
20,0.1,2,15928,18376
20,0.1,3,12000,14736
20,0.1,4,18112,16848
20,0.1,5,40624,16672
21,0.1,1,15520,14840
21,0.1,2,18680,13712
21,0.1,3,15536,16264
21,0.1,4,23184,17464
21,0.1,5,17128,16360
22,0.1,1,12232,12592
22,0.1,2,20768,19752
22,0.1,3,20440,16424
22,0.1,4,16392,19672
22,0.1,5,18376,17240
23,0.1,1,11248,13400
23,0.1,2,15776,16208
23,0.1,3,21312,16888
23,0.1,4,21232,14000
23,0.1,5,22904,22624
24,0.1,1,15096,20112
24,0.1,2,13816,16800
24,0.1,3,25576,21176
24,0.1,4,12400,13152
24,0.1,5,7856,15968
25,0.1,1,14232,17448
25,0.1,2,27984,20680
25,0.1,3,30112,21896
25,0.1,4,22176,19032
25,0.1,5,18168,22640
26,0.1,1,33312,23536
26,0.1,2,15112,17776
26,0.1,3,22744,17256
26,0.1,4,13912,17496
26,0.1,5,10416,17784
27,0.1,1,17696,21720
27,0.1,2,17816,17216
27,0.1,3,28800,21696
27,0.1,4,45096,24376
27,0.1,5,33552,24488
28,0.1,1,22184,18680
28,0.1,2,18984,17304
28,0.1,3,20728,20192
28,0.1,4,36224,22408
28,0.1,5,12168,17976
29,0.1,1,25632,20952
29,0.1,2,13704,19512
29,0.1,3,38848,21144
29,0.1,4,24784,19376
29,0.1,5,18432,22088
30,0.1,1,14528,20136
30,0.1,2,15448,22064
30,0.1,3,12416,17528
30,0.1,4,22584,21272
30,0.1,5,21560,23024
31,0.1,1,23248,21200
31,0.1,2,13016,19496
31,0.1,3,26144,21824
31,0.1,4,17696,21704
31,0.1,5,11048,18376
32,0.1,1,42264,28952
32,0.1,2,18896,24824
32,0.1,3,39048,27800
32,0.1,4,22272,22864
32,0.1,5,28696,25936
33,0.1,1,28504,23464
33,0.1,2,14672,19112
33,0.1,3,31264,25112
33,0.1,4,29000,24320
33,0.1,5,29216,20976
34,0.1,1,67072,29968
34,0.1,2,37216,31704
34,0.1,3,38040,28200
34,0.1,4,21968,21408
34,0.1,5,29328,25392
35,0.1,1,47264,31824
35,0.1,2,21880,23000
35,0.1,3,52664,30776
35,0.1,4,38728,31592
35,0.1,5,27552,25056
36,0.1,1,44824,31560
36,0.1,2,30640,32912
36,0.1,3,35200,26064
36,0.1,4,38944,30064
36,0.1,5,18304,25696
37,0.1,1,34224,31480
37,0.1,2,26544,24160
37,0.1,3,24368,26456
37,0.1,4,32840,33864
37,0.1,5,26888,21456
38,0.1,1,28448,25496
38,0.1,2,22096,27832
38,0.1,3,24536,30416
38,0.1,4,53488,29912
38,0.1,5,48096,33064
39,0.1,1,14952,30392
39,0.1,2,43592,30696
39,0.1,3,26224,26664
39,0.1,4,28472,27992
39,0.1,5,15328,28016
40,0.1,1,40440,31672
40,0.1,2,32752,34472
40,0.1,3,29608,32272
40,0.1,4,23912,28160
40,0.1,5,36928,36968
41,0.1,1,37008,28992
41,0.1,2,37120,30328
41,0.1,3,24352,28480
41,0.1,4,41488,40584
41,0.1,5,31144,29208
42,0.1,1,22280,24424
42,0.1,2,34688,32312
42,0.1,3,37536,32832
42,0.1,4,42944,29712
42,0.1,5,27512,29312
43,0.1,1,55552,34256
43,0.1,2,33312,31240
43,0.1,3,17016,31496
43,0.1,4,22368,27144
43,0.1,5,31768,30912
44,0.1,1,35288,33528
44,0.1,2,34840,34784
44,0.1,3,48816,39616
44,0.1,4,34520,28504
44,0.1,5,46896,38640
45,0.1,1,29336,26408
45,0.1,2,70376,40168
45,0.1,3,28016,33328
45,0.1,4,26008,33936
45,0.1,5,30848,29840
46,0.1,1,31672,33136
46,0.1,2,36256,33440
46,0.1,3,24496,30344
46,0.1,4,56336,38032
46,0.1,5,41888,36976
47,0.1,1,49000,43264
47,0.1,2,40288,41752
47,0.1,3,40680,36864
47,0.1,4,42000,37784
47,0.1,5,61800,34760
48,0.1,1,29248,34640
48,0.1,2,54272,32768
48,0.1,3,69872,38648
48,0.1,4,19080,32240
48,0.1,5,36608,33592
49,0.1,1,20896,31672
49,0.1,2,31688,36864
49,0.1,3,34608,33480
49,0.1,4,38920,35656
49,0.1,5,56864,40512
50,0.1,1,34200,37752
50,0.1,2,30448,37992
50,0.1,3,56760,45040
50,0.1,4,31960,35632
50,0.1,5,63040,37504
51,0.1,1,80888,37696
51,0.1,2,30504,32944
51,0.1,3,58160,38048
51,0.1,4,33520,38464
51,0.1,5,32824,44944
52,0.1,1,26536,32976
52,0.1,2,39616,38624
52,0.1,3,58656,41008
52,0.1,4,41632,39312
52,0.1,5,52800,42640
53,0.1,1,47936,46520
53,0.1,2,34856,39512
53,0.1,3,27792,39520
53,0.1,4,44048,39528
53,0.1,5,42416,39856
54,0.1,1,84056,49232
54,0.1,2,39080,34888
54,0.1,3,36160,41800
54,0.1,4,32904,47976
54,0.1,5,56424,44296
55,0.1,1,28336,35120
55,0.1,2,46784,49224
55,0.1,3,72120,47064
55,0.1,4,44248,39752
55,0.1,5,42016,40408
56,0.1,1,32904,36880
56,0.1,2,61944,45440
56,0.1,3,73704,49216
56,0.1,4,33304,38688
56,0.1,5,29696,39512
57,0.1,1,31624,39504
57,0.1,2,37480,44032
57,0.1,3,45528,40040
57,0.1,4,59712,46688
57,0.1,5,31728,45576
58,0.1,1,29528,38664
58,0.1,2,29176,36416
58,0.1,3,57888,50776
58,0.1,4,48744,45944
58,0.1,5,53992,37432
59,0.1,1,55944,49432
59,0.1,2,34288,39584
59,0.1,3,54240,45888
59,0.1,4,40752,40720
59,0.1,5,35408,37624
60,0.1,1,21456,38736
60,0.1,2,46864,42408
60,0.1,3,58816,50664
60,0.1,4,39416,42048
60,0.1,5,60968,50760
61,0.1,1,50712,41488
61,0.1,2,35904,41808
61,0.1,3,50888,41512
61,0.1,4,35312,40944
61,0.1,5,46944,44912
62,0.1,1,51504,50024
62,0.1,2,67120,52608
62,0.1,3,72648,51352
62,0.1,4,51968,48280
62,0.1,5,42288,47072
63,0.1,1,58376,44016
63,0.1,2,54856,44768
63,0.1,3,44120,54664
63,0.1,4,39392,50352
63,0.1,5,45688,46432
64,0.1,1,87792,54568
64,0.1,2,68816,47280
64,0.1,3,40632,43304
64,0.1,4,54448,45632
64,0.1,5,47376,46352
65,0.1,1,59392,50224
65,0.1,2,35224,43760
65,0.1,3,55272,56808
65,0.1,4,59632,46288
65,0.1,5,59856,45704
66,0.1,1,83976,51520
66,0.1,2,42560,53864
66,0.1,3,54448,49256
66,0.1,4,39576,49688
66,0.1,5,51600,47880
67,0.1,1,64600,54656
67,0.1,2,44232,50864
67,0.1,3,56952,46392
67,0.1,4,63536,52032
67,0.1,5,42440,50944
68,0.1,1,37304,47904
68,0.1,2,79096,59560
68,0.1,3,69720,57248
68,0.1,4,40872,49032
68,0.1,5,50440,52760
69,0.1,1,55256,47824
69,0.1,2,62568,56712
69,0.1,3,81200,57288
69,0.1,4,58424,51696
69,0.1,5,51896,52400
70,0.1,1,36032,47072
70,0.1,2,45536,48872
70,0.1,3,65432,48432
70,0.1,4,47744,46488
70,0.1,5,36328,51984
71,0.1,1,55848,53472
71,0.1,2,100704,50432
71,0.1,3,64864,53016
71,0.1,4,68312,50440
71,0.1,5,65584,49888
72,0.1,1,29104,52528
72,0.1,2,68760,51784
72,0.1,3,52336,49224
72,0.1,4,51840,46544
72,0.1,5,52904,48584
73,0.1,1,39528,55232
73,0.1,2,53464,50080
73,0.1,3,58096,58072
73,0.1,4,52176,54976
73,0.1,5,50192,61216
74,0.1,1,73024,62024
74,0.1,2,71352,62056
74,0.1,3,63248,58808
74,0.1,4,71072,69496
74,0.1,5,58248,55584
75,0.1,1,56128,58872
75,0.1,2,74104,57512
75,0.1,3,90840,57816
75,0.1,4,79008,58456
75,0.1,5,85864,55568
76,0.1,1,104096,55952
76,0.1,2,67736,66064
76,0.1,3,47200,57880
76,0.1,4,44224,59488
76,0.1,5,67864,59656
77,0.1,1,84024,71448
77,0.1,2,53656,59032
77,0.1,3,114208,70072
77,0.1,4,79536,61928
77,0.1,5,88928,58824
78,0.1,1,74576,69528
78,0.1,2,79336,52784
78,0.1,3,34208,43008
78,0.1,4,43432,49928
78,0.1,5,67736,52640
79,0.1,1,87432,62224
79,0.1,2,58416,60272
79,0.1,3,59376,57888
79,0.1,4,55560,57152
79,0.1,5,46632,52728
80,0.1,1,73304,62856
80,0.1,2,79904,65592
80,0.1,3,47256,57216
80,0.1,4,35576,47120
80,0.1,5,57888,56232
81,0.1,1,65720,64720
81,0.1,2,74400,59112
81,0.1,3,72776,58904
81,0.1,4,60776,64952
81,0.1,5,42976,61872
82,0.1,1,63112,62896
82,0.1,2,64816,62056
82,0.1,3,54480,55832
82,0.1,4,56704,61016
82,0.1,5,69216,57568
83,0.1,1,71544,67048
83,0.1,2,50136,56200
83,0.1,3,72688,61328
83,0.1,4,73312,70136
83,0.1,5,49480,65592
84,0.1,1,69208,62448
84,0.1,2,58976,60184
84,0.1,3,68320,60848
84,0.1,4,54936,59392
84,0.1,5,65296,57808
85,0.1,1,56864,61232
85,0.1,2,79424,60984
85,0.1,3,55640,53024
85,0.1,4,59272,68056
85,0.1,5,62376,69048
86,0.1,1,104080,75936
86,0.1,2,102656,78968
86,0.1,3,65224,60680
86,0.1,4,65848,57024
86,0.1,5,54576,67016
87,0.1,1,86104,71352
87,0.1,2,98480,66072
87,0.1,3,78304,59136
87,0.1,4,72400,68848
87,0.1,5,59104,64320
88,0.1,1,62888,60896
88,0.1,2,55504,61576
88,0.1,3,63448,64272
88,0.1,4,103064,77192
88,0.1,5,54392,55128
89,0.1,1,85752,67952
89,0.1,2,55760,62176
89,0.1,3,70336,66072
89,0.1,4,81944,70400
89,0.1,5,71504,62216
90,0.1,1,68576,70448
90,0.1,2,103592,71704
90,0.1,3,54560,65080
90,0.1,4,66736,67832
90,0.1,5,72968,60000
91,0.1,1,68408,68152
91,0.1,2,103864,72608
91,0.1,3,70992,78072
91,0.1,4,81152,74728
91,0.1,5,59432,67352
92,0.1,1,115272,84720
92,0.1,2,48520,61872
92,0.1,3,85768,61664
92,0.1,4,86096,68608
92,0.1,5,59864,61952
93,0.1,1,105264,72472
93,0.1,2,81480,69496
93,0.1,3,137384,76040
93,0.1,4,62504,71760
93,0.1,5,74592,67240
94,0.1,1,71632,64456
94,0.1,2,70576,64968
94,0.1,3,44208,54056
94,0.1,4,92568,76208
94,0.1,5,97984,75680
95,0.1,1,79104,67736
95,0.1,2,79072,65560
95,0.1,3,90304,67088
95,0.1,4,91800,67536
95,0.1,5,70288,64096
96,0.1,1,78112,69688
96,0.1,2,60504,72232
96,0.1,3,80104,64856
96,0.1,4,78496,75248
96,0.1,5,59496,63848
97,0.1,1,93840,74920
97,0.1,2,78944,72224
97,0.1,3,108944,74152
97,0.1,4,64768,67728
97,0.1,5,108024,72376
98,0.1,1,86968,71552
98,0.1,2,83584,82456
98,0.1,3,75296,65416
98,0.1,4,86216,70928
98,0.1,5,64896,66528
99,0.1,1,98680,79064
99,0.1,2,103248,78840
99,0.1,3,78992,69520
99,0.1,4,71696,68608
99,0.1,5,101584,72832
100,0.1,1,71296,83736
100,0.1,2,107192,78640
100,0.1,3,63432,67032
100,0.1,4,70704,77880
100,0.1,5,58256,65864
1,0.2,1,2008,88
1,0.2,2,2008,88
1,0.2,3,2008,88
1,0.2,4,2008,88
1,0.2,5,2008,88
2,0.2,1,2104,464
2,0.2,2,2104,712
2,0.2,3,2752,1376
2,0.2,4,2104,680
2,0.2,5,2104,1264
3,0.2,1,2200,728
3,0.2,2,4536,1624
3,0.2,3,2200,1496
3,0.2,4,2848,1704
3,0.2,5,2488,1216
4,0.2,1,2296,1424
4,0.2,2,4376,2600
4,0.2,3,3608,3464
4,0.2,4,8296,4800
4,0.2,5,2944,2296
5,0.2,1,5544,5152
5,0.2,2,25288,6488
5,0.2,3,2680,4264
5,0.2,4,5384,3616
5,0.2,5,6224,3560
6,0.2,1,3136,4888
6,0.2,2,4024,5040
6,0.2,3,7744,5344
6,0.2,4,14096,6672
6,0.2,5,4192,5368
7,0.2,1,26904,9352
7,0.2,2,3024,6352
7,0.2,3,3736,5568
7,0.2,4,5728,4584
7,0.2,5,8840,6032
8,0.2,1,17176,7976
8,0.2,2,3736,4992
8,0.2,3,3680,5176
8,0.2,4,4032,4464
8,0.2,5,10032,8168
9,0.2,1,5648,6872
9,0.2,2,17744,9968
9,0.2,3,18824,9064
9,0.2,4,4752,6192
9,0.2,5,5440,6696
10,0.2,1,16128,9464
10,0.2,2,17488,9776
10,0.2,3,5024,7744
10,0.2,4,15608,9560
10,0.2,5,6248,8648
11,0.2,1,4744,5368
11,0.2,2,6416,7792
11,0.2,3,5608,6296
11,0.2,4,18816,7904
11,0.2,5,6472,7144
12,0.2,1,32544,9304
12,0.2,2,13168,10440
12,0.2,3,6040,10064
12,0.2,4,13640,10320
12,0.2,5,5672,5464
13,0.2,1,5464,6688
13,0.2,2,26664,13672
13,0.2,3,13808,8344
13,0.2,4,7864,7880
13,0.2,5,4752,6928
14,0.2,1,14504,11864
14,0.2,2,13784,9512
14,0.2,3,24240,14776
14,0.2,4,14528,9144
14,0.2,5,8912,9168
15,0.2,1,11120,10320
15,0.2,2,31640,16784
15,0.2,3,11248,12544
15,0.2,4,10272,13528
15,0.2,5,44120,16688
16,0.2,1,17896,14120
16,0.2,2,5232,12856
16,0.2,3,32472,14736
16,0.2,4,11152,12032
16,0.2,5,8680,10816
17,0.2,1,21288,16760
17,0.2,2,17632,11184
17,0.2,3,8896,11104
17,0.2,4,6984,13392
17,0.2,5,11128,10096
18,0.2,1,30408,20472
18,0.2,2,9272,11400
18,0.2,3,30704,20672
18,0.2,4,26248,18696
18,0.2,5,11096,13536
19,0.2,1,14888,15928
19,0.2,2,15504,12352
19,0.2,3,17600,19216
19,0.2,4,9512,12328
19,0.2,5,9128,11360
20,0.2,1,25056,18128
20,0.2,2,10616,10496
20,0.2,3,5944,9992
20,0.2,4,12848,18032
20,0.2,5,9936,14024
21,0.2,1,15888,16728
21,0.2,2,10448,19632
21,0.2,3,21368,15504
21,0.2,4,14728,14528
21,0.2,5,24040,17584
22,0.2,1,10048,13240
22,0.2,2,34912,23536
22,0.2,3,11824,15400
22,0.2,4,29072,18312
22,0.2,5,18232,16592
23,0.2,1,19408,16504
23,0.2,2,25920,14808
23,0.2,3,8904,12312
23,0.2,4,18192,17120
23,0.2,5,21808,18800
24,0.2,1,39704,24608
24,0.2,2,21104,17232
24,0.2,3,19104,15296
24,0.2,4,26696,21096
24,0.2,5,11976,17144
25,0.2,1,14440,18008
25,0.2,2,9136,17096
25,0.2,3,14944,21384
25,0.2,4,13632,17112
25,0.2,5,13464,19496
26,0.2,1,21008,22248
26,0.2,2,23136,22368
26,0.2,3,10232,20528
26,0.2,4,43904,20384
26,0.2,5,25848,20448
27,0.2,1,26752,21408
27,0.2,2,20056,17648
27,0.2,3,48600,24600
27,0.2,4,16048,18352
27,0.2,5,12936,15240
28,0.2,1,29880,20208
28,0.2,2,18104,18304
28,0.2,3,29304,24624
28,0.2,4,16984,20064
28,0.2,5,31280,20248
29,0.2,1,24384,26304
29,0.2,2,20888,20568
29,0.2,3,39264,27352
29,0.2,4,46912,27112
29,0.2,5,33776,20664
30,0.2,1,28256,24912
30,0.2,2,18928,25280
30,0.2,3,14560,17408
30,0.2,4,20344,28240
30,0.2,5,36992,25576
31,0.2,1,25952,27088
31,0.2,2,18856,23272
31,0.2,3,19144,16864
31,0.2,4,25640,27472
31,0.2,5,17256,22336
32,0.2,1,43608,30656
32,0.2,2,27608,22400
32,0.2,3,25624,19048
32,0.2,4,25016,22824
32,0.2,5,25416,24776
33,0.2,1,25304,24880
33,0.2,2,38272,24160
33,0.2,3,32368,27480
33,0.2,4,18152,22064
33,0.2,5,19584,25256
34,0.2,1,36736,31496
34,0.2,2,49024,32320
34,0.2,3,29544,26784
34,0.2,4,21568,25064
34,0.2,5,24520,24272
35,0.2,1,67576,34576
35,0.2,2,41648,31352
35,0.2,3,18096,28288
35,0.2,4,24008,25184
35,0.2,5,25032,25088
36,0.2,1,26944,32392
36,0.2,2,20424,23008
36,0.2,3,25016,31544
36,0.2,4,30928,27400
36,0.2,5,42976,25944
37,0.2,1,20200,21848
37,0.2,2,21080,29312
37,0.2,3,42952,28928
37,0.2,4,25488,26592
37,0.2,5,31104,24000
38,0.2,1,14936,24096
38,0.2,2,22440,27816
38,0.2,3,41720,31856
38,0.2,4,46680,32056
38,0.2,5,28192,27728
39,0.2,1,37016,26568
39,0.2,2,32640,32120
39,0.2,3,59264,34088
39,0.2,4,21360,25848
39,0.2,5,53304,39680
40,0.2,1,23176,29176
40,0.2,2,19392,29560
40,0.2,3,38152,33544
40,0.2,4,29608,28944
40,0.2,5,29704,27048
41,0.2,1,34096,34208
41,0.2,2,37232,30160
41,0.2,3,49896,33384
41,0.2,4,26832,32808
41,0.2,5,37952,29520
42,0.2,1,47928,33696
42,0.2,2,36160,30216
42,0.2,3,41272,28888
42,0.2,4,38776,36440
42,0.2,5,55088,35840
43,0.2,1,30680,26848
43,0.2,2,31368,30984
43,0.2,3,48336,35944
43,0.2,4,50560,33296
43,0.2,5,38192,36480
44,0.2,1,34912,40776
44,0.2,2,28312,34160
44,0.2,3,23056,30072
44,0.2,4,24512,24432
44,0.2,5,23720,32328
45,0.2,1,43352,31920
45,0.2,2,27120,35568
45,0.2,3,29728,34136
45,0.2,4,38704,36912
45,0.2,5,38032,33416
46,0.2,1,46216,42424
46,0.2,2,47944,40400
46,0.2,3,33640,30600
46,0.2,4,44104,39112
46,0.2,5,29848,31712
47,0.2,1,35776,35368
47,0.2,2,60680,37536
47,0.2,3,51024,39320
47,0.2,4,51552,39024
47,0.2,5,35912,34600
48,0.2,1,49040,35456
48,0.2,2,39400,38088
48,0.2,3,28176,31744
48,0.2,4,50792,39576
48,0.2,5,53448,39072
49,0.2,1,77712,42912
49,0.2,2,63832,36808
49,0.2,3,53168,37048
49,0.2,4,25784,34104
49,0.2,5,38536,31936
50,0.2,1,38536,34240
50,0.2,2,35064,37720
50,0.2,3,34584,31456
50,0.2,4,44016,38296
50,0.2,5,55888,39800
51,0.2,1,43216,38048
51,0.2,2,57480,37112
51,0.2,3,38472,33792
51,0.2,4,35600,37968
51,0.2,5,27712,33968
52,0.2,1,45232,39712
52,0.2,2,47392,35424
52,0.2,3,51360,41416
52,0.2,4,24280,39296
52,0.2,5,47984,41160
53,0.2,1,34944,42664
53,0.2,2,39336,40280
53,0.2,3,45056,39288
53,0.2,4,44896,40680
53,0.2,5,51032,45976
54,0.2,1,34096,40544
54,0.2,2,75672,49936
54,0.2,3,42440,37776
54,0.2,4,82088,52040
54,0.2,5,29192,36064
55,0.2,1,64544,40320
55,0.2,2,36920,37656
55,0.2,3,59456,47312
55,0.2,4,68256,43032
55,0.2,5,31168,41200
56,0.2,1,41608,41616
56,0.2,2,55368,43856
56,0.2,3,50928,43280
56,0.2,4,46784,48984
56,0.2,5,45096,39736
57,0.2,1,66456,47312
57,0.2,2,32984,41240
57,0.2,3,71040,52880
57,0.2,4,66056,43960
57,0.2,5,48080,44952
58,0.2,1,28752,40408
58,0.2,2,24904,35280
58,0.2,3,71640,52120
58,0.2,4,35232,39016
58,0.2,5,61352,43968
59,0.2,1,44672,43600
59,0.2,2,45904,43504
59,0.2,3,39520,42776
59,0.2,4,58904,48144
59,0.2,5,38928,45424
60,0.2,1,59136,56672
60,0.2,2,47704,38336
60,0.2,3,67784,47776
60,0.2,4,37000,50248
60,0.2,5,37304,42536
61,0.2,1,36160,46176
61,0.2,2,48128,44320
61,0.2,3,64760,49528
61,0.2,4,34392,47592
61,0.2,5,58736,43552
62,0.2,1,76704,49168
62,0.2,2,44880,48920
62,0.2,3,74640,46248
62,0.2,4,63800,44312
62,0.2,5,57904,46016
63,0.2,1,52872,42424
63,0.2,2,24472,45920
63,0.2,3,44056,42488
63,0.2,4,44616,50392
63,0.2,5,40632,41656
64,0.2,1,67480,51648
64,0.2,2,52200,47568
64,0.2,3,43752,46080
64,0.2,4,60216,54456
64,0.2,5,45720,46872
65,0.2,1,48336,47904
65,0.2,2,44848,48544
65,0.2,3,54672,50216
65,0.2,4,72360,53752
65,0.2,5,41728,42752
66,0.2,1,55288,43136
66,0.2,2,65480,53008
66,0.2,3,50096,51672
66,0.2,4,51520,50400
66,0.2,5,47664,52104
67,0.2,1,60752,50936
67,0.2,2,59152,55592
67,0.2,3,62384,56864
67,0.2,4,47184,48224
67,0.2,5,64504,51608
68,0.2,1,66184,55672
68,0.2,2,47816,52224
68,0.2,3,48544,53480
68,0.2,4,82896,62296
68,0.2,5,30904,40392
69,0.2,1,61312,48136
69,0.2,2,64680,52152
69,0.2,3,87512,52496
69,0.2,4,72512,52168
69,0.2,5,53112,50784
70,0.2,1,31440,56040
70,0.2,2,42472,57480
70,0.2,3,40488,54096
70,0.2,4,75560,53104
70,0.2,5,65328,50520
71,0.2,1,40080,49872
71,0.2,2,44864,45008
71,0.2,3,42896,48536
71,0.2,4,91976,59272
71,0.2,5,57784,48696
72,0.2,1,61272,63256
72,0.2,2,82120,62096
72,0.2,3,58080,56680
72,0.2,4,53848,48432
72,0.2,5,50544,55456
73,0.2,1,67312,65144
73,0.2,2,44112,54856
73,0.2,3,56360,57312
73,0.2,4,68856,52416
73,0.2,5,51528,60032
74,0.2,1,52744,51352
74,0.2,2,39448,51664
74,0.2,3,76136,66760
74,0.2,4,70928,63960
74,0.2,5,49456,54320
75,0.2,1,39600,48760
75,0.2,2,54104,54248
75,0.2,3,46488,52920
75,0.2,4,49584,50464
75,0.2,5,42312,47944
76,0.2,1,74952,67776
76,0.2,2,62272,51632
76,0.2,3,70960,60408
76,0.2,4,86008,57752
76,0.2,5,51608,58248
77,0.2,1,60784,67864
77,0.2,2,52248,61240
77,0.2,3,86056,62080
77,0.2,4,70112,58896
77,0.2,5,70368,63672
78,0.2,1,70464,57296
78,0.2,2,48776,56720
78,0.2,3,57432,57128
78,0.2,4,82248,62768
78,0.2,5,50264,55176
79,0.2,1,56872,55240
79,0.2,2,56304,60984
79,0.2,3,49064,50192
79,0.2,4,53680,62048
79,0.2,5,105616,61264
80,0.2,1,67496,62312
80,0.2,2,55792,51800
80,0.2,3,58264,53864
80,0.2,4,50096,56640
80,0.2,5,34552,47424
81,0.2,1,84040,73704
81,0.2,2,95280,63800
81,0.2,3,45944,52656
81,0.2,4,33960,58720
81,0.2,5,70464,56792
82,0.2,1,80168,66024
82,0.2,2,62056,61664
82,0.2,3,66104,62544
82,0.2,4,95704,65080
82,0.2,5,50800,55928
83,0.2,1,71960,66976
83,0.2,2,83808,72520
83,0.2,3,66224,59992
83,0.2,4,46928,59920
83,0.2,5,82912,64360
84,0.2,1,52152,50192
84,0.2,2,48368,59584
84,0.2,3,85608,69592
84,0.2,4,87384,65912
84,0.2,5,65016,58192
85,0.2,1,60064,53576
85,0.2,2,48992,60184
85,0.2,3,60696,60480
85,0.2,4,61648,68488
85,0.2,5,59968,59440
86,0.2,1,87784,64048
86,0.2,2,64464,61880
86,0.2,3,71064,57456
86,0.2,4,88280,72336
86,0.2,5,65672,63224
87,0.2,1,64416,67944
87,0.2,2,70424,61544
87,0.2,3,56848,64240
87,0.2,4,62456,59256
87,0.2,5,83712,68296
88,0.2,1,79088,64904
88,0.2,2,76896,59264
88,0.2,3,92896,67960
88,0.2,4,64656,64896
88,0.2,5,67000,67608
89,0.2,1,46496,62432
89,0.2,2,70016,71352
89,0.2,3,93416,70064
89,0.2,4,74768,64360
89,0.2,5,55904,64128
90,0.2,1,87912,65752
90,0.2,2,52648,57320
90,0.2,3,65168,65608
90,0.2,4,72936,69376
90,0.2,5,83808,61512
91,0.2,1,88496,72344
91,0.2,2,81320,66464
91,0.2,3,69640,61376
91,0.2,4,74232,69504
91,0.2,5,89184,68792
92,0.2,1,66736,69200
92,0.2,2,70632,66496
92,0.2,3,71512,68232
92,0.2,4,68768,71120
92,0.2,5,53560,62680
93,0.2,1,109896,70408
93,0.2,2,108072,81088
93,0.2,3,90728,70968
93,0.2,4,63992,69520
93,0.2,5,110992,77600
94,0.2,1,98520,75000
94,0.2,2,65256,65216
94,0.2,3,78216,73856
94,0.2,4,76840,71048
94,0.2,5,65128,71152
95,0.2,1,101552,72744
95,0.2,2,71792,72568
95,0.2,3,88976,73936
95,0.2,4,105896,75312
95,0.2,5,93432,78864
96,0.2,1,100304,78368
96,0.2,2,78456,77528
96,0.2,3,99536,81504
96,0.2,4,71528,85240
96,0.2,5,56240,64720
97,0.2,1,70080,74152
97,0.2,2,61888,71008
97,0.2,3,68008,70592
97,0.2,4,100272,73136
97,0.2,5,92072,66320
98,0.2,1,79640,75416
98,0.2,2,79096,76808
98,0.2,3,73704,69792
98,0.2,4,96496,81528
98,0.2,5,93688,76120
99,0.2,1,81128,68384
99,0.2,2,76784,71176
99,0.2,3,86080,76080
99,0.2,4,74320,72688
99,0.2,5,76640,69624
100,0.2,1,83296,78432
100,0.2,2,78432,68416
100,0.2,3,73024,75968
100,0.2,4,74552,84560
100,0.2,5,53240,70560
1,0.3,1,2008,88
1,0.3,2,2008,88
1,0.3,3,2008,88
1,0.3,4,2008,88
1,0.3,5,2008,88
2,0.3,1,2104,984
2,0.3,2,2104,464
2,0.3,3,16480,2816
2,0.3,4,2104,640
2,0.3,5,4792,2312
3,0.3,1,2488,2264
3,0.3,2,2488,3184
3,0.3,3,3224,2032
3,0.3,4,2488,1760
3,0.3,5,3136,2064
4,0.3,1,17424,5008
4,0.3,2,6536,2624
4,0.3,3,3448,2680
4,0.3,4,3456,2512
4,0.3,5,2296,2720
5,0.3,1,10640,5016
5,0.3,2,4472,5672
5,0.3,3,4752,3376
5,0.3,4,2680,3960
5,0.3,5,4112,3024
6,0.3,1,5544,3096
6,0.3,2,6048,5440
6,0.3,3,3800,3320
6,0.3,4,9216,4376
6,0.3,5,4904,5120
7,0.3,1,11472,5416
7,0.3,2,5912,6552
7,0.3,3,5240,4800
7,0.3,4,6456,5584
7,0.3,5,2592,2776
8,0.3,1,18032,7240
8,0.3,2,3496,7256
8,0.3,3,10032,9144
8,0.3,4,4120,5192
8,0.3,5,9368,4784
9,0.3,1,11160,9920
9,0.3,2,10136,6400
9,0.3,3,4736,7880
9,0.3,4,4584,4952
9,0.3,5,10776,8960
10,0.3,1,5136,5472
10,0.3,2,5936,7496
10,0.3,3,6608,8912
10,0.3,4,5464,7952
10,0.3,5,6072,6816
11,0.3,1,7096,8288
11,0.3,2,8224,8712
11,0.3,3,12776,10992
11,0.3,4,15792,11200
11,0.3,5,12656,7648
12,0.3,1,7912,7344
12,0.3,2,20016,13776
12,0.3,3,5880,6784
12,0.3,4,7984,7344
12,0.3,5,4192,5136
13,0.3,1,16936,10792
13,0.3,2,11720,9432
13,0.3,3,14736,10944
13,0.3,4,11080,11048
13,0.3,5,11048,13688
14,0.3,1,9680,9272
14,0.3,2,7848,7408
14,0.3,3,14040,11352
14,0.3,4,6288,10192
14,0.3,5,7696,10312
15,0.3,1,12584,10320
15,0.3,2,15936,10752
15,0.3,3,6232,9384
15,0.3,4,14648,13088
15,0.3,5,7816,12048
16,0.3,1,8720,9408
16,0.3,2,16040,10280
16,0.3,3,18376,11528
16,0.3,4,9928,10184
16,0.3,5,9256,13664
17,0.3,1,11248,17288
17,0.3,2,6464,8608
17,0.3,3,21152,14288
17,0.3,4,6928,10200
17,0.3,5,8200,9320
18,0.3,1,18336,13352
18,0.3,2,7064,10952
18,0.3,3,4936,12824
18,0.3,4,32368,19352
18,0.3,5,13008,12504
19,0.3,1,12336,13288
19,0.3,2,32296,13664
19,0.3,3,24600,13968
19,0.3,4,22880,16168
19,0.3,5,25984,13048
20,0.3,1,10736,12208
20,0.3,2,15016,15200
20,0.3,3,27552,19640
20,0.3,4,14688,12480
20,0.3,5,15304,15344
21,0.3,1,16704,21144
21,0.3,2,13216,13048
21,0.3,3,11216,11528
21,0.3,4,21792,18056
21,0.3,5,16472,16072
22,0.3,1,32816,16216
22,0.3,2,12480,16688
22,0.3,3,13752,17792
22,0.3,4,25720,16040
22,0.3,5,25144,16224
23,0.3,1,13408,16760
23,0.3,2,30088,17192
23,0.3,3,28304,20360
23,0.3,4,24424,22408
23,0.3,5,12664,17280
24,0.3,1,18752,19400
24,0.3,2,28152,17328
24,0.3,3,14224,21288
24,0.3,4,29752,19440
24,0.3,5,14712,17432
25,0.3,1,30520,17768
25,0.3,2,29232,20696
25,0.3,3,15600,18544
25,0.3,4,18320,16400
25,0.3,5,11944,15784
26,0.3,1,18944,20536
26,0.3,2,26144,25560
26,0.3,3,16776,21608
26,0.3,4,17584,19032
26,0.3,5,15712,18200
27,0.3,1,18544,23848
27,0.3,2,16552,19224
27,0.3,3,16176,17568
27,0.3,4,9208,17624
27,0.3,5,23752,20472
28,0.3,1,21264,27272
28,0.3,2,35952,23544
28,0.3,3,20240,19904
28,0.3,4,13344,21344
28,0.3,5,14472,18032
29,0.3,1,24232,22688
29,0.3,2,23752,20672
29,0.3,3,14824,20328
29,0.3,4,26968,22888
29,0.3,5,28664,24104
30,0.3,1,22952,28256
30,0.3,2,24432,23160
30,0.3,3,32232,25680
30,0.3,4,24512,23520
30,0.3,5,10544,20552
31,0.3,1,15080,19720
31,0.3,2,16176,29256
31,0.3,3,47080,28184
31,0.3,4,24528,24872
31,0.3,5,19648,22992
32,0.3,1,40968,27208
32,0.3,2,22952,22504
32,0.3,3,23480,20080
32,0.3,4,13688,22512
32,0.3,5,14872,21552
33,0.3,1,29592,23032
33,0.3,2,17712,26368
33,0.3,3,40400,30432
33,0.3,4,23344,26288
33,0.3,5,26944,23824
34,0.3,1,22560,23640
34,0.3,2,10872,21520
34,0.3,3,29784,26256
34,0.3,4,31360,27296
34,0.3,5,18280,25704
35,0.3,1,32432,25616
35,0.3,2,35560,27304
35,0.3,3,32032,29952
35,0.3,4,21104,25416
35,0.3,5,30880,24416
36,0.3,1,42584,29176
36,0.3,2,30976,31376
36,0.3,3,44640,25144
36,0.3,4,20168,27264
36,0.3,5,27088,22840
37,0.3,1,28672,30448
37,0.3,2,20000,27496
37,0.3,3,27880,28792
37,0.3,4,21640,26744
37,0.3,5,12632,20584
38,0.3,1,38064,31432
38,0.3,2,26760,28040
38,0.3,3,27136,28136
38,0.3,4,26336,26928
38,0.3,5,34808,25216
39,0.3,1,24520,29536
39,0.3,2,47440,28504
39,0.3,3,20576,22944
39,0.3,4,24208,31600
39,0.3,5,24392,22864
40,0.3,1,30920,30896
40,0.3,2,43440,34424
40,0.3,3,40592,24744
40,0.3,4,32256,27064
40,0.3,5,42512,32624
41,0.3,1,29392,31120
41,0.3,2,22568,30056
41,0.3,3,25408,32112
41,0.3,4,37576,34816
41,0.3,5,30608,32360
42,0.3,1,48568,35232
42,0.3,2,15328,22928
42,0.3,3,26752,27560
42,0.3,4,31960,35968
42,0.3,5,27456,28704
43,0.3,1,35984,28840
43,0.3,2,34816,33128
43,0.3,3,27808,30432
43,0.3,4,20040,28880
43,0.3,5,42520,29912
44,0.3,1,38240,36672
44,0.3,2,25424,26856
44,0.3,3,21800,24248
44,0.3,4,31776,30648
44,0.3,5,24200,28464
45,0.3,1,55256,37296
45,0.3,2,24512,33192
45,0.3,3,29856,34848
45,0.3,4,40400,31720
45,0.3,5,57024,36088
46,0.3,1,15976,31264
46,0.3,2,37360,33696
46,0.3,3,38808,34168
46,0.3,4,36000,39832
46,0.3,5,31696,29648
47,0.3,1,74424,41272
47,0.3,2,44352,34312
47,0.3,3,34184,42984
47,0.3,4,41376,40528
47,0.3,5,47480,33440
48,0.3,1,54920,43608
48,0.3,2,42248,41920
48,0.3,3,66488,41752
48,0.3,4,31800,30256
48,0.3,5,20296,39336
49,0.3,1,26056,32800
49,0.3,2,35064,35232
49,0.3,3,36728,34576
49,0.3,4,33976,41280
49,0.3,5,35880,35576
50,0.3,1,33984,44256
50,0.3,2,44752,46208
50,0.3,3,35576,36696
50,0.3,4,60304,42112
50,0.3,5,51040,44464
51,0.3,1,47816,39312
51,0.3,2,40440,37960
51,0.3,3,31520,37808
51,0.3,4,34296,40592
51,0.3,5,64776,43992
52,0.3,1,34576,38896
52,0.3,2,39040,36848
52,0.3,3,46568,43968
52,0.3,4,48984,41736
52,0.3,5,26904,35392
53,0.3,1,40568,34544
53,0.3,2,51504,45512
53,0.3,3,44480,42296
53,0.3,4,29408,38464
53,0.3,5,36480,34592
54,0.3,1,51832,41576
54,0.3,2,42200,38104
54,0.3,3,43352,39096
54,0.3,4,25496,39752
54,0.3,5,34080,39520
55,0.3,1,44696,45840
55,0.3,2,34968,38176
55,0.3,3,50048,46904
55,0.3,4,74688,48464
55,0.3,5,41104,36448
56,0.3,1,52272,40624
56,0.3,2,62120,44440
56,0.3,3,34672,39280
56,0.3,4,60088,47096
56,0.3,5,41440,33840
57,0.3,1,45064,47608
57,0.3,2,56400,48448
57,0.3,3,51432,50696
57,0.3,4,35864,46888
57,0.3,5,42328,45784
58,0.3,1,70184,47000
58,0.3,2,39504,47392
58,0.3,3,50296,41176
58,0.3,4,31256,34712
58,0.3,5,50360,41312
59,0.3,1,31280,42304
59,0.3,2,30824,47392
59,0.3,3,61064,43000
59,0.3,4,33672,44232
59,0.3,5,39352,39448
60,0.3,1,57048,43152
60,0.3,2,37264,47376
60,0.3,3,34144,47528
60,0.3,4,23864,40096
60,0.3,5,39384,43360
61,0.3,1,70944,41160
61,0.3,2,41240,38664
61,0.3,3,38752,39432
61,0.3,4,61872,48320
61,0.3,5,50944,51856
62,0.3,1,40128,46648
62,0.3,2,45592,44840
62,0.3,3,70728,47864
62,0.3,4,54320,49224
62,0.3,5,79072,57312
63,0.3,1,29696,46168
63,0.3,2,48072,42824
63,0.3,3,40656,48088
63,0.3,4,44496,46344
63,0.3,5,70648,45728
64,0.3,1,58480,50880
64,0.3,2,57328,48224
64,0.3,3,85672,54264
64,0.3,4,33232,49760
64,0.3,5,44336,55672
65,0.3,1,59568,54080
65,0.3,2,64320,50128
65,0.3,3,30544,45488
65,0.3,4,61304,54320
65,0.3,5,39312,43672
66,0.3,1,47672,43368
66,0.3,2,49304,52520
66,0.3,3,49424,48360
66,0.3,4,72520,47840
66,0.3,5,54048,55816
67,0.3,1,67768,56392
67,0.3,2,36392,45016
67,0.3,3,59000,45792
67,0.3,4,63032,53096
67,0.3,5,53904,50704
68,0.3,1,49088,49360
68,0.3,2,55808,47800
68,0.3,3,47488,49968
68,0.3,4,51936,56040
68,0.3,5,65520,58368
69,0.3,1,47064,49664
69,0.3,2,68480,54928
69,0.3,3,62288,48656
69,0.3,4,51712,50832
69,0.3,5,59200,50400
70,0.3,1,53064,47408
70,0.3,2,53072,52152
70,0.3,3,52864,46704
70,0.3,4,51296,52480
70,0.3,5,61856,47256
71,0.3,1,58960,48096
71,0.3,2,61016,50328
71,0.3,3,49928,46640
71,0.3,4,51136,50152
71,0.3,5,72768,56096
72,0.3,1,54344,54528
72,0.3,2,50344,50504
72,0.3,3,66552,58944
72,0.3,4,67288,53048
72,0.3,5,70744,52408
73,0.3,1,106096,65904
73,0.3,2,45368,53280
73,0.3,3,44096,47840
73,0.3,4,42016,48360
73,0.3,5,75304,54952
74,0.3,1,49328,52792
74,0.3,2,31080,47336
74,0.3,3,50600,52760
74,0.3,4,91888,58576
74,0.3,5,47832,55128
75,0.3,1,60080,60696
75,0.3,2,55688,55360
75,0.3,3,73840,60624
75,0.3,4,87232,59040
75,0.3,5,66304,49408
76,0.3,1,55208,63472
76,0.3,2,69144,60320
76,0.3,3,51368,58224
76,0.3,4,47112,47864
76,0.3,5,67160,55160
77,0.3,1,56056,60128
77,0.3,2,45720,43416
77,0.3,3,74112,60952
77,0.3,4,62504,57464
77,0.3,5,53264,65784
78,0.3,1,82864,69400
78,0.3,2,77056,58888
78,0.3,3,67080,64656
78,0.3,4,74688,60744
78,0.3,5,49576,57464
79,0.3,1,56240,49776
79,0.3,2,61688,54432
79,0.3,3,59560,59216
79,0.3,4,63160,60688
79,0.3,5,78680,61224
80,0.3,1,51760,61368
80,0.3,2,69936,55784
80,0.3,3,58472,58512
80,0.3,4,67720,53240
80,0.3,5,67736,57352
81,0.3,1,88496,72976
81,0.3,2,56680,54056
81,0.3,3,82032,62264
81,0.3,4,68544,67384
81,0.3,5,40656,50336
82,0.3,1,66912,53896
82,0.3,2,64000,55152
82,0.3,3,80208,71696
82,0.3,4,76752,63224
82,0.3,5,97360,61328
83,0.3,1,54232,55096
83,0.3,2,85184,67976
83,0.3,3,46120,61336
83,0.3,4,65664,60376
83,0.3,5,75632,68104
84,0.3,1,61064,52568
84,0.3,2,61584,67072
84,0.3,3,73072,58648
84,0.3,4,59008,62496
84,0.3,5,55720,61152
85,0.3,1,87848,70464
85,0.3,2,71824,58184
85,0.3,3,95856,68832
85,0.3,4,74368,67600
85,0.3,5,76976,60776
86,0.3,1,82280,70944
86,0.3,2,51488,54512
86,0.3,3,82312,59824
86,0.3,4,70048,61232
86,0.3,5,97968,69872
87,0.3,1,59720,65072
87,0.3,2,68728,61272
87,0.3,3,59480,69176
87,0.3,4,70208,69072
87,0.3,5,92944,73056
88,0.3,1,85440,62408
88,0.3,2,83040,70176
88,0.3,3,64016,66216
88,0.3,4,71232,63464
88,0.3,5,70512,76008
89,0.3,1,90624,61264
89,0.3,2,99576,77624
89,0.3,3,86328,64744
89,0.3,4,112008,74096
89,0.3,5,73664,65000
90,0.3,1,73624,70888
90,0.3,2,75816,69600
90,0.3,3,74632,68080
90,0.3,4,84224,72928
90,0.3,5,81704,68040
91,0.3,1,56720,65856
91,0.3,2,68112,64376
91,0.3,3,84616,76088
91,0.3,4,47840,59744
91,0.3,5,96648,73504
92,0.3,1,54536,56616
92,0.3,2,81080,68816
92,0.3,3,63832,68352
92,0.3,4,101568,62112
92,0.3,5,108608,72848
93,0.3,1,75504,62392
93,0.3,2,91760,75176
93,0.3,3,98528,79328
93,0.3,4,63736,70480
93,0.3,5,71760,63536
94,0.3,1,89552,74696
94,0.3,2,77152,64552
94,0.3,3,107952,75280
94,0.3,4,55632,60056
94,0.3,5,62120,68120
95,0.3,1,82344,70392
95,0.3,2,75576,70776
95,0.3,3,76360,76248
95,0.3,4,82440,83984
95,0.3,5,77768,72800
96,0.3,1,66864,77664
96,0.3,2,66880,71864
96,0.3,3,77112,69008
96,0.3,4,75688,78120
96,0.3,5,97312,68960
97,0.3,1,63960,67008
97,0.3,2,95784,81736
97,0.3,3,76800,75672
97,0.3,4,85432,69584
97,0.3,5,83992,67848
98,0.3,1,87192,64312
98,0.3,2,92968,71968
98,0.3,3,63120,65464
98,0.3,4,67640,74288
98,0.3,5,108664,76240
99,0.3,1,77144,69416
99,0.3,2,69752,69912
99,0.3,3,83016,70544
99,0.3,4,94152,73864
99,0.3,5,61384,69048
100,0.3,1,81312,79864
100,0.3,2,86040,77448
100,0.3,3,63288,73304
100,0.3,4,77376,76688
100,0.3,5,76336,84728
1,0.4,1,2008,88
1,0.4,2,2008,88
1,0.4,3,2008,88
1,0.4,4,2008,88
1,0.4,5,2008,88
2,0.4,1,2104,504
2,0.4,2,4224,1584
2,0.4,3,2104,680
2,0.4,4,2104,424
2,0.4,5,2752,1776
3,0.4,1,2952,1776
3,0.4,2,3224,4032
3,0.4,3,2200,784
3,0.4,4,4560,2776
3,0.4,5,2200,1176
4,0.4,1,2296,3160
4,0.4,2,6192,4064
4,0.4,3,4896,2752
4,0.4,4,2944,3688
4,0.4,5,2584,1496
5,0.4,1,5288,5672
5,0.4,2,5704,3440
5,0.4,3,3040,4536
5,0.4,4,3328,3568
5,0.4,5,3752,3528
6,0.4,1,3424,3744
6,0.4,2,6544,4720
6,0.4,3,2488,2888
6,0.4,4,3424,3232
6,0.4,5,4568,3800
7,0.4,1,3336,4080
7,0.4,2,9336,6344
7,0.4,3,6856,5176
7,0.4,4,7280,3928
7,0.4,5,2592,3760
8,0.4,1,8592,5928
8,0.4,2,10104,6232
8,0.4,3,6160,5912
8,0.4,4,10600,6792
8,0.4,5,4704,5808
9,0.4,1,5728,6544
9,0.4,2,3432,6768
9,0.4,3,9568,7680
9,0.4,4,8616,6952
9,0.4,5,13376,8264
10,0.4,1,4352,4880
10,0.4,2,33240,12928
10,0.4,3,7592,8504
10,0.4,4,4880,9656
10,0.4,5,6584,8032
11,0.4,1,7088,9032
11,0.4,2,12032,6328
11,0.4,3,15000,9368
11,0.4,4,3912,9240
11,0.4,5,12336,8080
12,0.4,1,13640,9760
12,0.4,2,8080,9760
12,0.4,3,14288,9552
12,0.4,4,6736,9760
12,0.4,5,14328,8832
13,0.4,1,15824,13800
13,0.4,2,20232,12568
13,0.4,3,14408,15280
13,0.4,4,20440,9392
13,0.4,5,20256,14224
14,0.4,1,24096,13400
14,0.4,2,12656,10944
14,0.4,3,13096,11736
14,0.4,4,5696,9056
14,0.4,5,9328,10024
15,0.4,1,5176,9432
15,0.4,2,8672,10872
15,0.4,3,7088,8744
15,0.4,4,6408,10392
15,0.4,5,21208,11552
16,0.4,1,12968,10904
16,0.4,2,16896,14944
16,0.4,3,11984,12320
16,0.4,4,33528,14992
16,0.4,5,10464,11416
17,0.4,1,11816,11312
17,0.4,2,11352,11432
17,0.4,3,16400,10624
17,0.4,4,16680,13816
17,0.4,5,17784,14704
18,0.4,1,25448,15848
18,0.4,2,15864,12072
18,0.4,3,18576,15360
18,0.4,4,21520,15752
18,0.4,5,26832,13248
19,0.4,1,13784,14504
19,0.4,2,18248,17464
19,0.4,3,11016,10616
19,0.4,4,14224,16288
19,0.4,5,12872,14008
20,0.4,1,13984,13368
20,0.4,2,11592,18448
20,0.4,3,21512,19504
20,0.4,4,11952,16408
20,0.4,5,8704,12000
21,0.4,1,38848,21296
21,0.4,2,21088,19592
21,0.4,3,13256,13160
21,0.4,4,19416,18064
21,0.4,5,7824,12304
22,0.4,1,9888,11696
22,0.4,2,11584,19224
22,0.4,3,23424,20352
22,0.4,4,28656,20824
22,0.4,5,15904,20016
23,0.4,1,20960,22024
23,0.4,2,35848,19480
23,0.4,3,20024,16400
23,0.4,4,28760,18784
23,0.4,5,13192,18672
24,0.4,1,31456,25424
24,0.4,2,22040,22520
24,0.4,3,20968,20992
24,0.4,4,19672,18944
24,0.4,5,13184,18360
25,0.4,1,44688,26288
25,0.4,2,18424,18792
25,0.4,3,13120,18544
25,0.4,4,21040,18400
25,0.4,5,16688,23664
26,0.4,1,27824,24568
26,0.4,2,11464,19632
26,0.4,3,16056,22072
26,0.4,4,32664,25384
26,0.4,5,22768,15856
27,0.4,1,23280,23928
27,0.4,2,18096,18560
27,0.4,3,16664,23512
27,0.4,4,37896,19344
27,0.4,5,19928,21536
28,0.4,1,26016,22696
28,0.4,2,29696,27400
28,0.4,3,15768,17152
28,0.4,4,13992,22520
28,0.4,5,16080,19328
29,0.4,1,34648,22848
29,0.4,2,26672,24368
29,0.4,3,15600,17608
29,0.4,4,59640,28584
29,0.4,5,34912,27608
30,0.4,1,28024,28816
30,0.4,2,23680,23888
30,0.4,3,25208,25320
30,0.4,4,17248,21248
30,0.4,5,29280,23992
31,0.4,1,20320,24088
31,0.4,2,28816,24048
31,0.4,3,28992,25424
31,0.4,4,25656,27776
31,0.4,5,61320,23528
32,0.4,1,25776,26944
32,0.4,2,39976,26064
32,0.4,3,33384,30504
32,0.4,4,28152,25400
32,0.4,5,28152,24432
33,0.4,1,25600,27632
33,0.4,2,39216,27168
33,0.4,3,39032,29104
33,0.4,4,33520,22920
33,0.4,5,20944,25688
34,0.4,1,33776,28064
34,0.4,2,28640,27344
34,0.4,3,44152,27400
34,0.4,4,19464,21400
34,0.4,5,20168,27792
35,0.4,1,28176,34184
35,0.4,2,12792,25488
35,0.4,3,24896,27056
35,0.4,4,20232,22952
35,0.4,5,40704,30888
36,0.4,1,16992,29488
36,0.4,2,20696,29256
36,0.4,3,30696,28288
36,0.4,4,33688,29168
36,0.4,5,19872,22480
37,0.4,1,38296,32848
37,0.4,2,34416,27632
37,0.4,3,37704,29144
37,0.4,4,24344,29312
37,0.4,5,14080,22024
38,0.4,1,41152,31232
38,0.4,2,65912,32000
38,0.4,3,35752,28832
38,0.4,4,27088,25216
38,0.4,5,20032,30416
39,0.4,1,24664,28160
39,0.4,2,24168,25112
39,0.4,3,32808,24744
39,0.4,4,27776,28320
39,0.4,5,25352,30184
40,0.4,1,27344,33608
40,0.4,2,40600,28800
40,0.4,3,41752,31128
40,0.4,4,39120,32560
40,0.4,5,61336,39504
41,0.4,1,27608,28072
41,0.4,2,62128,43584
41,0.4,3,56056,36720
41,0.4,4,24008,31320
41,0.4,5,33056,29832
42,0.4,1,20880,31528
42,0.4,2,41232,27960
42,0.4,3,27648,31432
42,0.4,4,41488,32264
42,0.4,5,35032,33960
43,0.4,1,40456,29768
43,0.4,2,40520,30520
43,0.4,3,30080,29840
43,0.4,4,45184,31608
43,0.4,5,30264,32024
44,0.4,1,43872,28832
44,0.4,2,27536,35224
44,0.4,3,25248,28856
44,0.4,4,35664,36576
44,0.4,5,26584,31464
45,0.4,1,28080,31008
45,0.4,2,23888,32592
45,0.4,3,58248,35808
45,0.4,4,29144,30392
45,0.4,5,54416,36216
46,0.4,1,38208,30920
46,0.4,2,39400,35432
46,0.4,3,40784,39576
46,0.4,4,49736,39264
46,0.4,5,48832,36808
47,0.4,1,46056,36480
47,0.4,2,44064,41320
47,0.4,3,28136,30312
47,0.4,4,19672,29176
47,0.4,5,36448,35912
48,0.4,1,46896,36008
48,0.4,2,41176,37928
48,0.4,3,28896,39368
48,0.4,4,70048,39568
48,0.4,5,37408,34744
49,0.4,1,31888,35376
49,0.4,2,45840,44192
49,0.4,3,40448,37352
49,0.4,4,50872,40248
49,0.4,5,46872,33712
50,0.4,1,29632,37336
50,0.4,2,50992,40840
50,0.4,3,32984,37264
50,0.4,4,39400,38112
50,0.4,5,20088,36160
51,0.4,1,51736,36232
51,0.4,2,35168,33248
51,0.4,3,31872,41424
51,0.4,4,41592,40368
51,0.4,5,40184,37592
52,0.4,1,58584,41848
52,0.4,2,23584,31800
52,0.4,3,21784,34832
52,0.4,4,76160,45880
52,0.4,5,39072,36488
53,0.4,1,27848,32880
53,0.4,2,26152,40168
53,0.4,3,64656,42552
53,0.4,4,45360,48096
53,0.4,5,57720,44384
54,0.4,1,36736,40336
54,0.4,2,55952,42488
54,0.4,3,28784,38512
54,0.4,4,35296,37192
54,0.4,5,44320,40312
55,0.4,1,33424,44184
55,0.4,2,37584,41864
55,0.4,3,48824,41952
55,0.4,4,57648,49656
55,0.4,5,63936,38912
56,0.4,1,48776,38512
56,0.4,2,35320,44040
56,0.4,3,26144,37200
56,0.4,4,44488,39312
56,0.4,5,41592,38632
57,0.4,1,72032,50544
57,0.4,2,59872,42400
57,0.4,3,42408,45840
57,0.4,4,41744,40624
57,0.4,5,42336,39312
58,0.4,1,55384,45440
58,0.4,2,34520,45560
58,0.4,3,56032,47360
58,0.4,4,47032,42192
58,0.4,5,62096,42600
59,0.4,1,33296,42352
59,0.4,2,52080,50928
59,0.4,3,44904,41864
59,0.4,4,68752,45984
59,0.4,5,36984,43128
60,0.4,1,65648,45296
60,0.4,2,70304,48712
60,0.4,3,57776,43304
60,0.4,4,46576,43384
60,0.4,5,70656,50752
61,0.4,1,43832,47216
61,0.4,2,70688,52088
61,0.4,3,34928,37648
61,0.4,4,42664,50752
61,0.4,5,61592,45776
62,0.4,1,42200,44640
62,0.4,2,63640,54984
62,0.4,3,27320,39264
62,0.4,4,51096,46552
62,0.4,5,43912,43648
63,0.4,1,41304,41112
63,0.4,2,43608,43392
63,0.4,3,40592,41952
63,0.4,4,58144,45128
63,0.4,5,33072,42528
64,0.4,1,43424,40600
64,0.4,2,49464,47160
64,0.4,3,63496,48664
64,0.4,4,35560,54664
64,0.4,5,46344,49288
65,0.4,1,65472,56432
65,0.4,2,51992,49648
65,0.4,3,43936,47232
65,0.4,4,38904,56168
65,0.4,5,53816,46064
66,0.4,1,77720,49152
66,0.4,2,65392,64128
66,0.4,3,59880,45568
66,0.4,4,46408,48176
66,0.4,5,52632,54536
67,0.4,1,35984,44344
67,0.4,2,43936,51416
67,0.4,3,49056,50432
67,0.4,4,81184,50320
67,0.4,5,90296,57336
68,0.4,1,47056,46736
68,0.4,2,46376,51568
68,0.4,3,46392,49704
68,0.4,4,35544,45312
68,0.4,5,52880,53072
69,0.4,1,46640,51568
69,0.4,2,55712,53384
69,0.4,3,44352,46328
69,0.4,4,40488,44496
69,0.4,5,46552,44040
70,0.4,1,45664,54632
70,0.4,2,74456,54992
70,0.4,3,51912,52832
70,0.4,4,45448,53072
70,0.4,5,57936,51168
71,0.4,1,61880,47624
71,0.4,2,58824,59808
71,0.4,3,50848,60672
71,0.4,4,67080,58256
71,0.4,5,58280,49880
72,0.4,1,38360,50184
72,0.4,2,68136,57064
72,0.4,3,64904,47320
72,0.4,4,85896,55496
72,0.4,5,31536,52784
73,0.4,1,67776,56408
73,0.4,2,52816,47128
73,0.4,3,40376,55960
73,0.4,4,46432,56256
73,0.4,5,64408,61176
74,0.4,1,59760,54056
74,0.4,2,58744,58248
74,0.4,3,62128,53520
74,0.4,4,53544,58432
74,0.4,5,55192,64464
75,0.4,1,48752,55184
75,0.4,2,64872,61840
75,0.4,3,113648,57888
75,0.4,4,42944,49584
75,0.4,5,48008,51792
76,0.4,1,47808,45512
76,0.4,2,77648,58840
76,0.4,3,48256,52016
76,0.4,4,79312,54136
76,0.4,5,63024,57312
77,0.4,1,68984,52520
77,0.4,2,59472,50416
77,0.4,3,64744,57808
77,0.4,4,60184,51824
77,0.4,5,78336,57728
78,0.4,1,50112,54784
78,0.4,2,38616,58424
78,0.4,3,68152,55176
78,0.4,4,58072,51176
78,0.4,5,50688,61592
79,0.4,1,79016,60648
79,0.4,2,58336,55960
79,0.4,3,58024,67696
79,0.4,4,41056,59864
79,0.4,5,53592,56552
80,0.4,1,93232,62968
80,0.4,2,54808,55160
80,0.4,3,72176,65008
80,0.4,4,50112,53056
80,0.4,5,84920,59712
81,0.4,1,68456,51280
81,0.4,2,85624,62280
81,0.4,3,65408,56912
81,0.4,4,82328,60592
81,0.4,5,57744,62312
82,0.4,1,67568,56560
82,0.4,2,65520,53536
82,0.4,3,78688,69112
82,0.4,4,120552,67912
82,0.4,5,53152,52024
83,0.4,1,45896,58456
83,0.4,2,68360,64872
83,0.4,3,81024,70280
83,0.4,4,38480,59088
83,0.4,5,72744,60872
84,0.4,1,66128,60272
84,0.4,2,73000,67048
84,0.4,3,45656,59760
84,0.4,4,50304,55200
84,0.4,5,61296,67224
85,0.4,1,74784,64248
85,0.4,2,79672,64960
85,0.4,3,99960,64888
85,0.4,4,59504,61168
85,0.4,5,56568,57752
86,0.4,1,102144,65952
86,0.4,2,84896,71344
86,0.4,3,126408,78544
86,0.4,4,70240,65744
86,0.4,5,74128,69320
87,0.4,1,67864,63872
87,0.4,2,71848,61464
87,0.4,3,83400,70296
87,0.4,4,68432,65064
87,0.4,5,61688,62864
88,0.4,1,80336,73944
88,0.4,2,74704,69296
88,0.4,3,87648,70488
88,0.4,4,80480,63888
88,0.4,5,124056,76336
89,0.4,1,95264,64792
89,0.4,2,80456,73296
89,0.4,3,93968,75656
89,0.4,4,79232,69568
89,0.4,5,68032,64160
90,0.4,1,89592,70816
90,0.4,2,83472,64944
90,0.4,3,91800,78976
90,0.4,4,59504,62792
90,0.4,5,80408,59960
91,0.4,1,80472,73736
91,0.4,2,58176,65920
91,0.4,3,122520,67424
91,0.4,4,115952,70952
91,0.4,5,52960,64880
92,0.4,1,95736,75552
92,0.4,2,59192,65800
92,0.4,3,90976,67456
92,0.4,4,85496,74528
92,0.4,5,70192,66280
93,0.4,1,110720,80200
93,0.4,2,84120,67752
93,0.4,3,80264,76256
93,0.4,4,132432,74680
93,0.4,5,71808,68480
94,0.4,1,87712,75512
94,0.4,2,63712,65136
94,0.4,3,55288,65328
94,0.4,4,73024,71248
94,0.4,5,59696,65328
95,0.4,1,70584,68648
95,0.4,2,117136,77016
95,0.4,3,82248,62448
95,0.4,4,65832,63848
95,0.4,5,62544,67472
96,0.4,1,59032,63664
96,0.4,2,73168,68248
96,0.4,3,76040,69104
96,0.4,4,89144,72824
96,0.4,5,78024,70720
97,0.4,1,78000,73648
97,0.4,2,79384,75072
97,0.4,3,123712,73832
97,0.4,4,66352,61944
97,0.4,5,94520,87736
98,0.4,1,80392,70832
98,0.4,2,81016,73976
98,0.4,3,74520,66408
98,0.4,4,68240,75912
98,0.4,5,78488,75592
99,0.4,1,68456,72176
99,0.4,2,79864,73512
99,0.4,3,88856,83320
99,0.4,4,101200,79840
99,0.4,5,61688,69032
100,0.4,1,81688,75424
100,0.4,2,88312,80456
100,0.4,3,77568,65136
100,0.4,4,99584,80136
100,0.4,5,91328,85560
1,0.5,1,2008,88
1,0.5,2,2008,88
1,0.5,3,2008,88
1,0.5,4,2008,88
1,0.5,5,2008,88
2,0.5,1,2104,464
2,0.5,2,2752,968
2,0.5,3,2104,504
2,0.5,4,2104,488
2,0.5,5,2752,1144
3,0.5,1,3680,3696
3,0.5,2,5920,3848
3,0.5,3,3600,2344
3,0.5,4,5696,2280
3,0.5,5,2848,2608
4,0.5,1,3232,3056
4,0.5,2,3552,3328
4,0.5,3,3568,2056
4,0.5,4,6912,3880
4,0.5,5,4360,2928
5,0.5,1,9648,3824
5,0.5,2,2680,2176
5,0.5,3,4448,4920
5,0.5,4,4416,5568
5,0.5,5,5288,3592
6,0.5,1,2488,3632
6,0.5,2,3424,3728
6,0.5,3,10472,4872
6,0.5,4,8568,3888
6,0.5,5,7776,6432
7,0.5,1,4592,6120
7,0.5,2,11608,7744
7,0.5,3,5800,5352
7,0.5,4,3680,4312
7,0.5,5,9920,5608
8,0.5,1,5576,5992
8,0.5,2,5744,5408
8,0.5,3,5808,5176
8,0.5,4,7880,8408
8,0.5,5,12816,6688
9,0.5,1,15688,8696
9,0.5,2,7848,6008
9,0.5,3,4840,7336
9,0.5,4,7720,7224
9,0.5,5,10320,8032
10,0.5,1,5208,7096
10,0.5,2,4616,7576
10,0.5,3,15400,11296
10,0.5,4,6152,7416
10,0.5,5,12824,6720
11,0.5,1,8200,9584
11,0.5,2,12504,9248
11,0.5,3,5456,7048
11,0.5,4,20032,9184
11,0.5,5,5208,6880
12,0.5,1,6768,11072
12,0.5,2,7016,7064
12,0.5,3,7256,8160
12,0.5,4,7016,7168
12,0.5,5,11752,10264
13,0.5,1,10864,11984
13,0.5,2,15424,11864
13,0.5,3,4840,7376
13,0.5,4,20576,9448
13,0.5,5,8880,13136
14,0.5,1,16104,12840
14,0.5,2,7760,11992
14,0.5,3,7904,8864
14,0.5,4,17136,11784
14,0.5,5,16024,10088
15,0.5,1,12136,10632
15,0.5,2,8752,11472
15,0.5,3,6640,9624
15,0.5,4,15208,12168
15,0.5,5,15416,10352
16,0.5,1,6096,10456
16,0.5,2,12592,11880
16,0.5,3,13640,14904
16,0.5,4,9384,11864
16,0.5,5,8296,11288
17,0.5,1,9448,13280
17,0.5,2,18896,15216
17,0.5,3,27680,14112
17,0.5,4,10464,8544
17,0.5,5,29608,16040
18,0.5,1,15152,16192
18,0.5,2,10624,13776
18,0.5,3,30560,19456
18,0.5,4,18464,12768
18,0.5,5,14264,15320
19,0.5,1,9832,14376
19,0.5,2,21256,17032
19,0.5,3,24328,20888
19,0.5,4,16920,16560
19,0.5,5,11704,15664
20,0.5,1,17952,15560
20,0.5,2,21432,15624
20,0.5,3,9360,12416
20,0.5,4,14584,12872
20,0.5,5,9368,10936
21,0.5,1,17096,17832
21,0.5,2,17144,14528
21,0.5,3,16280,14712
21,0.5,4,16152,16600
21,0.5,5,16568,13952
22,0.5,1,15728,11512
22,0.5,2,15936,17024
22,0.5,3,19392,17944
22,0.5,4,23832,16640
22,0.5,5,11264,14216
23,0.5,1,15952,22728
23,0.5,2,16240,16640
23,0.5,3,25760,21864
23,0.5,4,9024,21208
23,0.5,5,17656,14472
24,0.5,1,25280,21016
24,0.5,2,19184,19104
24,0.5,3,16488,15368
24,0.5,4,20088,16792
24,0.5,5,23232,20136
25,0.5,1,18664,15936
25,0.5,2,11480,18600
25,0.5,3,17480,23368
25,0.5,4,33064,18576
25,0.5,5,14496,17216
26,0.5,1,17992,27504
26,0.5,2,29032,16328
26,0.5,3,29104,23304
26,0.5,4,22376,19920
26,0.5,5,16824,17136
27,0.5,1,17392,21240
27,0.5,2,18912,18336
27,0.5,3,20064,18696
27,0.5,4,24632,20432
27,0.5,5,11216,18192
28,0.5,1,15384,20872
28,0.5,2,17728,16408
28,0.5,3,41688,24400
28,0.5,4,18320,19208
28,0.5,5,38296,27672
29,0.5,1,21040,18784
29,0.5,2,47520,21904
29,0.5,3,19232,23248
29,0.5,4,19120,18432
29,0.5,5,27512,18944
30,0.5,1,38184,23792
30,0.5,2,32392,22096
30,0.5,3,13256,20088
30,0.5,4,17568,22648
30,0.5,5,21104,26240
31,0.5,1,27952,23576
31,0.5,2,18200,20712
31,0.5,3,26376,20816
31,0.5,4,12792,23760
31,0.5,5,12520,19648
32,0.5,1,22704,24384
32,0.5,2,17360,22008
32,0.5,3,23504,25288
32,0.5,4,22024,24488
32,0.5,5,21512,22528
33,0.5,1,34208,27472
33,0.5,2,39368,26008
33,0.5,3,34368,23528
33,0.5,4,20024,28144
33,0.5,5,28040,25960
34,0.5,1,34432,28176
34,0.5,2,20976,20200
34,0.5,3,24344,24792
34,0.5,4,17752,23560
34,0.5,5,28120,27496
35,0.5,1,24232,24952
35,0.5,2,52888,29096
35,0.5,3,18000,24144
35,0.5,4,19560,25968
35,0.5,5,15216,18320
36,0.5,1,26536,30376
36,0.5,2,29664,24360
36,0.5,3,14040,29272
36,0.5,4,29128,29664
36,0.5,5,30264,25736
37,0.5,1,40672,30704
37,0.5,2,34504,27824
37,0.5,3,50720,38856
37,0.5,4,50408,34136
37,0.5,5,19024,27528
38,0.5,1,29824,24888
38,0.5,2,21608,23184
38,0.5,3,18856,27048
38,0.5,4,42032,31176
38,0.5,5,32720,34536
39,0.5,1,30072,28824
39,0.5,2,25280,29600
39,0.5,3,46296,37416
39,0.5,4,55864,39264
39,0.5,5,32000,26456
40,0.5,1,28784,28240
40,0.5,2,39000,33784
40,0.5,3,19544,32304
40,0.5,4,26240,30088
40,0.5,5,55248,34528
41,0.5,1,47232,31616
41,0.5,2,33160,29712
41,0.5,3,38280,28896
41,0.5,4,44136,36400
41,0.5,5,17336,25592
42,0.5,1,25120,26480
42,0.5,2,40864,32328
42,0.5,3,30960,31168
42,0.5,4,25944,30696
42,0.5,5,43872,27872
43,0.5,1,33216,33800
43,0.5,2,42736,34328
43,0.5,3,57504,35080
43,0.5,4,35744,33432
43,0.5,5,41216,27448
44,0.5,1,60016,30224
44,0.5,2,31768,33656
44,0.5,3,26072,32440
44,0.5,4,35176,37504
44,0.5,5,29520,35768
45,0.5,1,48688,36312
45,0.5,2,38376,29328
45,0.5,3,49000,36688
45,0.5,4,34208,35152
45,0.5,5,28496,28760
46,0.5,1,37056,33672
46,0.5,2,37648,32048
46,0.5,3,47864,37792
46,0.5,4,34488,33144
46,0.5,5,51136,34088
47,0.5,1,22400,35784
47,0.5,2,50016,34568
47,0.5,3,62168,38720
47,0.5,4,52688,46336
47,0.5,5,61032,31656
48,0.5,1,54064,36744
48,0.5,2,40112,39392
48,0.5,3,41776,33928
48,0.5,4,72808,40128
48,0.5,5,64552,37712
49,0.5,1,71344,42944
49,0.5,2,34624,38352
49,0.5,3,45432,35512
49,0.5,4,43480,40680
49,0.5,5,38088,40168
50,0.5,1,52248,44312
50,0.5,2,36712,35632
50,0.5,3,34816,37096
50,0.5,4,56024,38712
50,0.5,5,54192,36664
51,0.5,1,58184,45576
51,0.5,2,46056,35488
51,0.5,3,26368,38872
51,0.5,4,48208,38984
51,0.5,5,45192,38696
52,0.5,1,36360,40696
52,0.5,2,35032,34248
52,0.5,3,26408,31752
52,0.5,4,32344,38088
52,0.5,5,39112,36624
53,0.5,1,34328,46144
53,0.5,2,33512,39168
53,0.5,3,41072,37312
53,0.5,4,40744,40304
53,0.5,5,56576,44760
54,0.5,1,53696,36792
54,0.5,2,64800,42480
54,0.5,3,28968,39088
54,0.5,4,34640,36648
54,0.5,5,26280,37032
55,0.5,1,34248,39816
55,0.5,2,32184,35488
55,0.5,3,32240,35968
55,0.5,4,72848,44480
55,0.5,5,61104,43304
56,0.5,1,61736,45144
56,0.5,2,61528,44104
56,0.5,3,40776,40472
56,0.5,4,45336,45264
56,0.5,5,32320,39192
57,0.5,1,39032,43480
57,0.5,2,63456,50776
57,0.5,3,38744,41416
57,0.5,4,51088,45248
57,0.5,5,73960,48032
58,0.5,1,39736,51016
58,0.5,2,52272,44920
58,0.5,3,38960,40864
58,0.5,4,61960,38192
58,0.5,5,48200,48104
59,0.5,1,68160,46488
59,0.5,2,44672,42016
59,0.5,3,44024,42536
59,0.5,4,60600,40664
59,0.5,5,70792,49128
60,0.5,1,39800,40192
60,0.5,2,28056,40016
60,0.5,3,51752,50136
60,0.5,4,90496,46376
60,0.5,5,45272,39496
61,0.5,1,52696,52504
61,0.5,2,79080,53072
61,0.5,3,44272,39968
61,0.5,4,49392,48136
61,0.5,5,45504,50528
62,0.5,1,54832,45088
62,0.5,2,44496,46288
62,0.5,3,65272,46880
62,0.5,4,47656,45544
62,0.5,5,78112,50608
63,0.5,1,33592,40936
63,0.5,2,38840,48760
63,0.5,3,53640,50880
63,0.5,4,54264,48048
63,0.5,5,43592,45656
64,0.5,1,68200,50472
64,0.5,2,56296,56336
64,0.5,3,66880,52944
64,0.5,4,38768,46432
64,0.5,5,55528,46344
65,0.5,1,51344,41944
65,0.5,2,39736,49008
65,0.5,3,54080,50392
65,0.5,4,53240,46544
65,0.5,5,46688,53880
66,0.5,1,35336,42160
66,0.5,2,55736,51208
66,0.5,3,40504,39960
66,0.5,4,59816,47208
66,0.5,5,79632,50040
67,0.5,1,54808,48968
67,0.5,2,44360,48160
67,0.5,3,41424,41920
67,0.5,4,33800,42840
67,0.5,5,61304,52520
68,0.5,1,62456,56408
68,0.5,2,58784,53376
68,0.5,3,64720,55032
68,0.5,4,53032,49064
68,0.5,5,51032,57504
69,0.5,1,46600,53576
69,0.5,2,67512,53024
69,0.5,3,57760,53208
69,0.5,4,53408,47392
69,0.5,5,58272,52176
70,0.5,1,55568,47024
70,0.5,2,48120,47104
70,0.5,3,57432,47088
70,0.5,4,63688,51024
70,0.5,5,44776,55320
71,0.5,1,49728,50528
71,0.5,2,58008,50208
71,0.5,3,41216,54896
71,0.5,4,73648,66416
71,0.5,5,61656,48024
72,0.5,1,47088,47920
72,0.5,2,71288,56760
72,0.5,3,81920,50480
72,0.5,4,57168,52088
72,0.5,5,60216,46416
73,0.5,1,54560,55928
73,0.5,2,57976,53368
73,0.5,3,51864,49312
73,0.5,4,40336,49576
73,0.5,5,57888,56056
74,0.5,1,66528,53376
74,0.5,2,78088,68768
74,0.5,3,56256,62744
74,0.5,4,75928,60312
74,0.5,5,65096,47896
75,0.5,1,52048,49376
75,0.5,2,49792,45512
75,0.5,3,45296,53656
75,0.5,4,71088,57872
75,0.5,5,45552,50744
76,0.5,1,66560,59360
76,0.5,2,50048,56648
76,0.5,3,48992,59024
76,0.5,4,44784,53840
76,0.5,5,64304,54344
77,0.5,1,65832,52416
77,0.5,2,78600,58520
77,0.5,3,47312,53880
77,0.5,4,52936,55088
77,0.5,5,76160,61712
78,0.5,1,54768,55288
78,0.5,2,56592,53928
78,0.5,3,47904,57328
78,0.5,4,48816,54496
78,0.5,5,101328,68408
79,0.5,1,54640,62272
79,0.5,2,96320,72192
79,0.5,3,104784,63032
79,0.5,4,52120,52832
79,0.5,5,62720,56608
80,0.5,1,94184,71784
80,0.5,2,53328,57304
80,0.5,3,64320,65728
80,0.5,4,65976,57904
80,0.5,5,69208,60832
81,0.5,1,68768,66112
81,0.5,2,67864,60072
81,0.5,3,67016,67088
81,0.5,4,57280,61008
81,0.5,5,57104,56216
82,0.5,1,70640,55128
82,0.5,2,76928,60784
82,0.5,3,84072,60800
82,0.5,4,65600,58744
82,0.5,5,60832,60376
83,0.5,1,64280,67000
83,0.5,2,54880,59936
83,0.5,3,75856,65352
83,0.5,4,65664,64792
83,0.5,5,52768,60672
84,0.5,1,94480,65904
84,0.5,2,71640,63544
84,0.5,3,56632,61384
84,0.5,4,66464,72344
84,0.5,5,77624,60504
85,0.5,1,62920,67016
85,0.5,2,48352,58912
85,0.5,3,71808,70080
85,0.5,4,61800,62032
85,0.5,5,57792,66720
86,0.5,1,57464,64920
86,0.5,2,66288,65384
86,0.5,3,55016,61280
86,0.5,4,49776,56752
86,0.5,5,65600,58328
87,0.5,1,89376,64632
87,0.5,2,85792,67984
87,0.5,3,49480,63656
87,0.5,4,77904,67576
87,0.5,5,81520,70528
88,0.5,1,50456,59488
88,0.5,2,61056,71224
88,0.5,3,78728,64208
88,0.5,4,61456,60032
88,0.5,5,68688,63736
89,0.5,1,98136,65872
89,0.5,2,71504,69432
89,0.5,3,81536,62344
89,0.5,4,68208,61848
89,0.5,5,77568,67744
90,0.5,1,52744,58848
90,0.5,2,64832,68576
90,0.5,3,81760,63520
90,0.5,4,64752,67192
90,0.5,5,83128,69696
91,0.5,1,91096,73232
91,0.5,2,81312,73016
91,0.5,3,120008,73544
91,0.5,4,62328,72944
91,0.5,5,76552,68744
92,0.5,1,90912,70792
92,0.5,2,62376,74608
92,0.5,3,59136,62272
92,0.5,4,68304,67064
92,0.5,5,55096,69160
93,0.5,1,53432,57736
93,0.5,2,67296,65824
93,0.5,3,68840,57768
93,0.5,4,69432,61440
93,0.5,5,118160,72336
94,0.5,1,72976,65472
94,0.5,2,81512,72592
94,0.5,3,48184,61264
94,0.5,4,85232,75136
94,0.5,5,70344,61936
95,0.5,1,56272,67968
95,0.5,2,58776,70336
95,0.5,3,114592,75072
95,0.5,4,75416,72176
95,0.5,5,59112,73456
96,0.5,1,70192,67936
96,0.5,2,58424,58744
96,0.5,3,84160,68424
96,0.5,4,90480,74696
96,0.5,5,79952,67648
97,0.5,1,72536,72888
97,0.5,2,93600,78520
97,0.5,3,74056,63856
97,0.5,4,66560,62520
97,0.5,5,76000,68440
98,0.5,1,72464,66184
98,0.5,2,79216,72632
98,0.5,3,56552,65464
98,0.5,4,88968,74528
98,0.5,5,61680,64280
99,0.5,1,82336,75368
99,0.5,2,81616,76696
99,0.5,3,92152,85624
99,0.5,4,80032,67856
99,0.5,5,75480,68408
100,0.5,1,72872,82272
100,0.5,2,68208,70056
100,0.5,3,110128,74288
100,0.5,4,75368,74528
100,0.5,5,71384,70784
1,0.6,1,2008,88
1,0.6,2,2008,88
1,0.6,3,2008,88
1,0.6,4,2008,88
1,0.6,5,2008,88
2,0.6,1,2104,464
2,0.6,2,2104,1240
2,0.6,3,2104,1272
2,0.6,4,2392,848
2,0.6,5,3040,1560
3,0.6,1,3224,2144
3,0.6,2,2848,1288
3,0.6,3,2200,1200
3,0.6,4,2488,1584
3,0.6,5,8040,3704
4,0.6,1,2296,1536
4,0.6,2,5184,6168
4,0.6,3,2296,1824
4,0.6,4,4072,2536
4,0.6,5,2584,1664
5,0.6,1,3328,2864
5,0.6,2,3040,4592
5,0.6,3,8120,3768
5,0.6,4,2680,2432
5,0.6,5,2680,2064
6,0.6,1,4568,6808
6,0.6,2,4208,4632
6,0.6,3,4760,6336
6,0.6,4,3464,3152
6,0.6,5,3904,5960
7,0.6,1,25824,7456
7,0.6,2,7040,4696
7,0.6,3,4096,5688
7,0.6,4,17360,9104
7,0.6,5,5784,3832
8,0.6,1,3680,5952
8,0.6,2,4136,4272
8,0.6,3,16856,8856
8,0.6,4,4872,4344
8,0.6,5,7168,5480
9,0.6,1,11800,6120
9,0.6,2,10376,10360
9,0.6,3,8032,4624
9,0.6,4,3432,5048
9,0.6,5,6944,8048
10,0.6,1,4384,4488
10,0.6,2,11416,8488
10,0.6,3,5112,6824
10,0.6,4,5552,7904
10,0.6,5,9824,9632
11,0.6,1,9680,11296
11,0.6,2,9120,9024
11,0.6,3,13008,7880
11,0.6,4,7768,8856
11,0.6,5,5080,6824
12,0.6,1,10776,10568
12,0.6,2,21600,10648
12,0.6,3,7584,9616
12,0.6,4,6384,7712
12,0.6,5,9304,7352
13,0.6,1,9392,9936
13,0.6,2,18712,10800
13,0.6,3,11504,8896
13,0.6,4,12952,12064
13,0.6,5,13144,11752
14,0.6,1,17256,14008
14,0.6,2,12640,9792
14,0.6,3,9672,10816
14,0.6,4,16392,11280
14,0.6,5,7896,8104
15,0.6,1,18016,16904
15,0.6,2,7832,8864
15,0.6,3,11560,10104
15,0.6,4,10560,14040
15,0.6,5,17736,14216
16,0.6,1,20024,14552
16,0.6,2,24624,12840
16,0.6,3,12512,11528
16,0.6,4,14768,12464
16,0.6,5,12600,13368
17,0.6,1,11896,12736
17,0.6,2,9624,11328
17,0.6,3,12680,9896
17,0.6,4,18824,17784
17,0.6,5,20776,14872
18,0.6,1,9096,11008
18,0.6,2,27416,16232
18,0.6,3,21880,15592
18,0.6,4,11648,13864
18,0.6,5,10704,12008
19,0.6,1,9344,11288
19,0.6,2,23912,16384
19,0.6,3,17912,15584
19,0.6,4,11080,12824
19,0.6,5,9720,11584
20,0.6,1,11936,10992
20,0.6,2,4936,10104
20,0.6,3,15184,17168
20,0.6,4,12224,13912
20,0.6,5,24040,21464
21,0.6,1,23832,19768
21,0.6,2,13424,15680
21,0.6,3,16688,13976
21,0.6,4,13856,12184
21,0.6,5,21432,16448
22,0.6,1,19904,18080
22,0.6,2,24496,15504
22,0.6,3,18288,19496
22,0.6,4,12872,18408
22,0.6,5,18248,14032
23,0.6,1,14592,18864
23,0.6,2,10144,14440
23,0.6,3,21888,16664
23,0.6,4,22736,19432
23,0.6,5,17432,16168
24,0.6,1,31704,21848
24,0.6,2,19056,16792
24,0.6,3,13192,17472
24,0.6,4,21448,15352
24,0.6,5,12104,16688
25,0.6,1,15312,17712
25,0.6,2,16328,17392
25,0.6,3,19920,19984
25,0.6,4,34264,24192
25,0.6,5,14344,19176
26,0.6,1,19176,22144
26,0.6,2,29936,19152
26,0.6,3,22832,23112
26,0.6,4,30496,19336
26,0.6,5,24752,18424
27,0.6,1,12664,17536
27,0.6,2,20128,18680
27,0.6,3,23416,18328
27,0.6,4,13728,21440
27,0.6,5,15048,17592
28,0.6,1,11912,20280
28,0.6,2,24488,21392
28,0.6,3,13216,22192
28,0.6,4,19552,17752
28,0.6,5,21576,19496
29,0.6,1,33240,28664
29,0.6,2,28264,22648
29,0.6,3,29152,25400
29,0.6,4,17920,23192
29,0.6,5,33808,30616
30,0.6,1,29792,23184
30,0.6,2,13912,20904
30,0.6,3,23880,21104
30,0.6,4,27928,22464
30,0.6,5,34592,25616
31,0.6,1,37944,27304
31,0.6,2,19640,22568
31,0.6,3,14344,22832
31,0.6,4,17440,21912
31,0.6,5,35000,26152
32,0.6,1,30760,23736
32,0.6,2,23768,27656
32,0.6,3,26136,25848
32,0.6,4,40168,32280
32,0.6,5,43616,24880
33,0.6,1,14632,22568
33,0.6,2,26128,21648
33,0.6,3,31312,24232
33,0.6,4,17776,20608
33,0.6,5,28504,29368
34,0.6,1,45440,29184
34,0.6,2,18680,27840
34,0.6,3,41568,26392
34,0.6,4,25200,22408
34,0.6,5,30320,26096
35,0.6,1,31600,24416
35,0.6,2,42640,29528
35,0.6,3,28424,32112
35,0.6,4,21640,19968
35,0.6,5,26656,28776
36,0.6,1,51024,29464
36,0.6,2,35096,25968
36,0.6,3,17144,17392
36,0.6,4,22632,22928
36,0.6,5,16440,21744
37,0.6,1,46448,31392
37,0.6,2,35248,26864
37,0.6,3,27080,28760
37,0.6,4,28520,34320
37,0.6,5,42072,31200
38,0.6,1,41624,31112
38,0.6,2,25624,27584
38,0.6,3,33640,32640
38,0.6,4,31320,31184
38,0.6,5,51752,26648
39,0.6,1,18920,24392
39,0.6,2,49048,34392
39,0.6,3,24232,26752
39,0.6,4,40544,31952
39,0.6,5,27512,25904
40,0.6,1,22416,24592
40,0.6,2,38376,28448
40,0.6,3,55440,33184
40,0.6,4,42608,30856
40,0.6,5,67568,36104
41,0.6,1,28984,29856
41,0.6,2,30224,31616
41,0.6,3,56048,37288
41,0.6,4,33688,30176
41,0.6,5,47240,34008
42,0.6,1,21064,27848
42,0.6,2,46752,37032
42,0.6,3,41160,31520
42,0.6,4,46384,32688
42,0.6,5,26776,31664
43,0.6,1,40624,34072
43,0.6,2,34512,31040
43,0.6,3,44272,34048
43,0.6,4,22256,27808
43,0.6,5,36232,30504
44,0.6,1,39448,33840
44,0.6,2,36216,31760
44,0.6,3,25536,35136
44,0.6,4,36640,35248
44,0.6,5,29472,36888
45,0.6,1,33336,33552
45,0.6,2,68192,38440
45,0.6,3,16368,33680
45,0.6,4,47280,37464
45,0.6,5,36992,33008
46,0.6,1,29168,34768
46,0.6,2,34920,42784
46,0.6,3,29768,28576
46,0.6,4,23464,37360
46,0.6,5,44264,33736
47,0.6,1,58224,35024
47,0.6,2,29512,31552
47,0.6,3,42552,32320
47,0.6,4,38248,40784
47,0.6,5,49664,37896
48,0.6,1,48072,40344
48,0.6,2,42480,40088
48,0.6,3,51104,38368
48,0.6,4,52304,37136
48,0.6,5,60696,41056
49,0.6,1,42328,37024
49,0.6,2,31176,34256
49,0.6,3,25680,36776
49,0.6,4,30704,35016
49,0.6,5,58408,43720
50,0.6,1,50928,36768
50,0.6,2,50728,41256
50,0.6,3,66344,46248
50,0.6,4,35384,37648
50,0.6,5,56400,41304
51,0.6,1,32080,37400
51,0.6,2,55376,39560
51,0.6,3,41128,39368
51,0.6,4,68128,43080
51,0.6,5,40280,32472
52,0.6,1,70360,42016
52,0.6,2,49040,41152
52,0.6,3,33640,33064
52,0.6,4,51376,34216
52,0.6,5,42272,37240
53,0.6,1,47632,48904
53,0.6,2,24264,36896
53,0.6,3,44408,40072
53,0.6,4,38624,44200
53,0.6,5,50584,41192
54,0.6,1,57184,45624
54,0.6,2,64912,41080
54,0.6,3,46168,44280
54,0.6,4,46240,35840
54,0.6,5,39792,42800
55,0.6,1,42536,37840
55,0.6,2,41464,40816
55,0.6,3,26840,36152
55,0.6,4,43360,36704
55,0.6,5,39152,37584
56,0.6,1,46552,43080
56,0.6,2,34360,41496
56,0.6,3,54496,43976
56,0.6,4,76216,41208
56,0.6,5,63272,48304
57,0.6,1,54600,48680
57,0.6,2,48944,37728
57,0.6,3,51416,41648
57,0.6,4,46808,39432
57,0.6,5,49440,40944
58,0.6,1,44648,42984
58,0.6,2,55712,48680
58,0.6,3,37976,39752
58,0.6,4,32600,40560
58,0.6,5,62480,46664
59,0.6,1,44848,40552
59,0.6,2,41736,38664
59,0.6,3,42952,43768
59,0.6,4,87144,54128
59,0.6,5,52440,47952
60,0.6,1,63952,52032
60,0.6,2,56992,44024
60,0.6,3,62200,43552
60,0.6,4,47416,44984
60,0.6,5,54976,40208
61,0.6,1,62912,41760
61,0.6,2,34584,41968
61,0.6,3,32688,44648
61,0.6,4,41664,43216
61,0.6,5,51488,44144
62,0.6,1,71592,45176
62,0.6,2,44832,42720
62,0.6,3,30952,34688
62,0.6,4,54544,51112
62,0.6,5,34872,50736
63,0.6,1,27600,39104
63,0.6,2,40208,41976
63,0.6,3,48712,49728
63,0.6,4,60856,56744
63,0.6,5,67968,51408
64,0.6,1,68464,55512
64,0.6,2,43056,48632
64,0.6,3,42848,40776
64,0.6,4,48112,48920
64,0.6,5,51320,41864
65,0.6,1,51560,46024
65,0.6,2,44104,46304
65,0.6,3,36904,52320
65,0.6,4,53472,49928
65,0.6,5,46040,52680
66,0.6,1,45360,40144
66,0.6,2,52744,47576
66,0.6,3,79152,57368
66,0.6,4,46528,51536
66,0.6,5,63776,51232
67,0.6,1,46208,47984
67,0.6,2,57096,50536
67,0.6,3,68872,53864
67,0.6,4,37936,48896
67,0.6,5,44096,51312
68,0.6,1,58784,58096
68,0.6,2,50928,44040
68,0.6,3,64216,54576
68,0.6,4,50712,58032
68,0.6,5,65816,52720
69,0.6,1,54152,49384
69,0.6,2,51616,58504
69,0.6,3,64664,51896
69,0.6,4,69536,48120
69,0.6,5,56952,53928
70,0.6,1,46504,46304
70,0.6,2,49072,47528
70,0.6,3,72736,62344
70,0.6,4,46608,47928
70,0.6,5,88504,54472
71,0.6,1,49656,52536
71,0.6,2,72696,58744
71,0.6,3,51728,52200
71,0.6,4,59496,55072
71,0.6,5,53632,52656
72,0.6,1,66928,56688
72,0.6,2,48168,49576
72,0.6,3,46720,50968
72,0.6,4,53272,49408
72,0.6,5,39248,50320
73,0.6,1,66752,58560
73,0.6,2,69912,60256
73,0.6,3,35680,46096
73,0.6,4,72688,57416
73,0.6,5,59408,56280
74,0.6,1,58480,50776
74,0.6,2,64472,52272
74,0.6,3,60184,53184
74,0.6,4,97192,52784
74,0.6,5,45512,49264
75,0.6,1,50928,54336
75,0.6,2,78568,60472
75,0.6,3,81640,53912
75,0.6,4,51640,50656
75,0.6,5,51000,55248
76,0.6,1,80752,59864
76,0.6,2,63576,58680
76,0.6,3,56320,55616
76,0.6,4,67112,58296
76,0.6,5,48232,51464
77,0.6,1,55576,54144
77,0.6,2,58432,58592
77,0.6,3,98720,68376
77,0.6,4,73648,63320
77,0.6,5,53912,57784
78,0.6,1,65136,61368
78,0.6,2,52200,57592
78,0.6,3,66296,64480
78,0.6,4,34624,57592
78,0.6,5,68376,56216
79,0.6,1,63688,55560
79,0.6,2,53256,58680
79,0.6,3,64512,62416
79,0.6,4,46424,54736
79,0.6,5,45744,53696
80,0.6,1,52976,54944
80,0.6,2,71648,62312
80,0.6,3,86496,62144
80,0.6,4,62904,58280
80,0.6,5,64520,58616
81,0.6,1,63440,61312
81,0.6,2,60792,54072
81,0.6,3,67624,56424
81,0.6,4,52216,60016
81,0.6,5,70976,58104
82,0.6,1,59584,62880
82,0.6,2,55728,63760
82,0.6,3,73168,64776
82,0.6,4,72728,68336
82,0.6,5,78760,66608
83,0.6,1,50912,63736
83,0.6,2,82792,69016
83,0.6,3,51336,58784
83,0.6,4,89056,69616
83,0.6,5,94560,62672
84,0.6,1,80120,62912
84,0.6,2,54144,62456
84,0.6,3,65024,60736
84,0.6,4,56720,63024
84,0.6,5,44920,60936
85,0.6,1,74120,63912
85,0.6,2,86584,69184
85,0.6,3,65192,61696
85,0.6,4,48520,55808
85,0.6,5,79208,60128
86,0.6,1,73008,66704
86,0.6,2,50888,56120
86,0.6,3,65976,59624
86,0.6,4,67456,60904
86,0.6,5,85392,61096
87,0.6,1,62312,65608
87,0.6,2,70408,62960
87,0.6,3,60552,69480
87,0.6,4,48048,61648
87,0.6,5,140112,73880
88,0.6,1,65392,73728
88,0.6,2,68176,59952
88,0.6,3,65384,68448
88,0.6,4,115088,69208
88,0.6,5,74968,62752
89,0.6,1,66920,62184
89,0.6,2,101624,67856
89,0.6,3,61720,69304
89,0.6,4,52808,64736
89,0.6,5,64248,62520
90,0.6,1,72536,60760
90,0.6,2,56984,63136
90,0.6,3,100624,77656
90,0.6,4,58952,67520
90,0.6,5,88368,64376
91,0.6,1,54288,68656
91,0.6,2,78840,64712
91,0.6,3,58296,63888
91,0.6,4,68424,66696
91,0.6,5,48576,66904
92,0.6,1,72744,68848
92,0.6,2,79776,71208
92,0.6,3,67984,67336
92,0.6,4,64640,68976
92,0.6,5,73472,62064
93,0.6,1,74248,66760
93,0.6,2,63944,66080
93,0.6,3,49768,63456
93,0.6,4,121920,73672
93,0.6,5,65784,70888
94,0.6,1,98016,76560
94,0.6,2,68384,69360
94,0.6,3,97752,77128
94,0.6,4,57552,61168
94,0.6,5,117160,71696
95,0.6,1,92352,66400
95,0.6,2,83208,70608
95,0.6,3,92544,67336
95,0.6,4,72144,71568
95,0.6,5,102296,77000
96,0.6,1,91200,69552
96,0.6,2,58776,67704
96,0.6,3,83808,68952
96,0.6,4,110192,85520
96,0.6,5,53240,65584
97,0.6,1,77040,66272
97,0.6,2,74080,75016
97,0.6,3,53208,69576
97,0.6,4,111976,81144
97,0.6,5,66448,66728
98,0.6,1,70984,69536
98,0.6,2,95104,76248
98,0.6,3,98536,80224
98,0.6,4,69504,76080
98,0.6,5,76768,64696
99,0.6,1,73280,77280
99,0.6,2,66240,64072
99,0.6,3,83352,79888
99,0.6,4,70416,63264
99,0.6,5,96864,80168
100,0.6,1,60960,65000
100,0.6,2,58424,68832
100,0.6,3,70552,76024
100,0.6,4,72712,76536
100,0.6,5,87024,68096
1,0.7,1,2008,88
1,0.7,2,2008,88
1,0.7,3,2008,88
1,0.7,4,2008,88
1,0.7,5,2008,88
2,0.7,1,2104,1136
2,0.7,2,5968,2176
2,0.7,3,2104,1344
2,0.7,4,2392,848
2,0.7,5,2104,2520
3,0.7,1,2488,1096
3,0.7,2,2200,1872
3,0.7,3,2952,2424
3,0.7,4,3176,1744
3,0.7,5,2200,856
4,0.7,1,6216,2992
4,0.7,2,5344,3128
4,0.7,3,2944,2096
4,0.7,4,4584,4312
4,0.7,5,4072,3088
5,0.7,1,2392,4256
5,0.7,2,5920,3984
5,0.7,3,3720,5680
5,0.7,4,3328,4304
5,0.7,5,3040,2056
6,0.7,1,4160,5520
6,0.7,2,6840,3752
6,0.7,3,2488,3448
6,0.7,4,3136,3464
6,0.7,5,3136,2752
7,0.7,1,4800,3408
7,0.7,2,6176,6520
7,0.7,3,5008,6800
7,0.7,4,4568,4536
7,0.7,5,5520,8344
8,0.7,1,7632,5216
8,0.7,2,4920,7488
8,0.7,3,8112,7040
8,0.7,4,10536,5928
8,0.7,5,6704,4720
9,0.7,1,16080,9984
9,0.7,2,19664,9784
9,0.7,3,11752,5984
9,0.7,4,6792,7504
9,0.7,5,3432,5568
10,0.7,1,6312,8808
10,0.7,2,5480,7624
10,0.7,3,19480,10072
10,0.7,4,14296,8128
10,0.7,5,6128,5520
11,0.7,1,2976,8608
11,0.7,2,6008,8616
11,0.7,3,30592,9032
11,0.7,4,5360,9216
11,0.7,5,21208,12448
12,0.7,1,11568,7040
12,0.7,2,16712,11752
12,0.7,3,7936,6296
12,0.7,4,11776,9456
12,0.7,5,4504,6264
13,0.7,1,18112,11296
13,0.7,2,9520,12984
13,0.7,3,14408,14744
13,0.7,4,5344,5808
13,0.7,5,9144,10840
14,0.7,1,20304,9824
14,0.7,2,10656,9968
14,0.7,3,15528,10632
14,0.7,4,13408,9344
14,0.7,5,20712,10736
15,0.7,1,9304,16192
15,0.7,2,10056,10696
15,0.7,3,9432,14712
15,0.7,4,21536,17192
15,0.7,5,11136,13576
16,0.7,1,12864,12344
16,0.7,2,16528,10808
16,0.7,3,8832,9856
16,0.7,4,20720,11952
16,0.7,5,12376,11760
17,0.7,1,12464,11984
17,0.7,2,27936,12120
17,0.7,3,10136,12616
17,0.7,4,17864,14128
17,0.7,5,19424,12016
18,0.7,1,19232,14784
18,0.7,2,12320,14240
18,0.7,3,9032,12056
18,0.7,4,25200,13368
18,0.7,5,16464,20224
19,0.7,1,17176,11544
19,0.7,2,12128,11616
19,0.7,3,23024,13032
19,0.7,4,4192,12312
19,0.7,5,20688,13912
20,0.7,1,9088,12856
20,0.7,2,14784,21128
20,0.7,3,22744,16104
20,0.7,4,33080,16472
20,0.7,5,23848,15104
21,0.7,1,20960,15400
21,0.7,2,19384,17568
21,0.7,3,15272,17064
21,0.7,4,11408,13024
21,0.7,5,8416,10928
22,0.7,1,19568,17528
22,0.7,2,19104,13688
22,0.7,3,11248,15224
22,0.7,4,20976,16632
22,0.7,5,28136,19816
23,0.7,1,10416,19080
23,0.7,2,15488,16872
23,0.7,3,22960,20168
23,0.7,4,5912,16216
23,0.7,5,12896,18344
24,0.7,1,17008,20456
24,0.7,2,18816,22520
24,0.7,3,32216,24456
24,0.7,4,12480,17136
24,0.7,5,15624,18528
25,0.7,1,18720,16184
25,0.7,2,21728,18032
25,0.7,3,38928,25720
25,0.7,4,21968,18544
25,0.7,5,28168,20232
26,0.7,1,16752,19088
26,0.7,2,21088,15304
26,0.7,3,12808,15336
26,0.7,4,17840,18928
26,0.7,5,29040,20792
27,0.7,1,12712,17592
27,0.7,2,36760,22496
27,0.7,3,40952,24008
27,0.7,4,17928,23656
27,0.7,5,19864,20112
28,0.7,1,25432,21928
28,0.7,2,19184,21768
28,0.7,3,14584,21160
28,0.7,4,9424,20264
28,0.7,5,16288,16072
29,0.7,1,42288,24488
29,0.7,2,27880,25272
29,0.7,3,33104,22416
29,0.7,4,16032,23928
29,0.7,5,15784,22056
30,0.7,1,44416,24520
30,0.7,2,24536,20664
30,0.7,3,22648,21744
30,0.7,4,15872,23168
30,0.7,5,36960,23576
31,0.7,1,32168,23768
31,0.7,2,31872,25768
31,0.7,3,20400,22864
31,0.7,4,50440,26576
31,0.7,5,30216,25536
32,0.7,1,17056,20560
32,0.7,2,14976,25088
32,0.7,3,21376,22328
32,0.7,4,24712,24616
32,0.7,5,27232,25528
33,0.7,1,47384,28352
33,0.7,2,40776,27360
33,0.7,3,26336,25496
33,0.7,4,36328,25792
33,0.7,5,27792,22936
34,0.7,1,18400,24768
34,0.7,2,19336,29480
34,0.7,3,38008,27784
34,0.7,4,25800,23608
34,0.7,5,34144,28720
35,0.7,1,52072,37928
35,0.7,2,26632,26016
35,0.7,3,15976,25528
35,0.7,4,28400,31016
35,0.7,5,30520,29432
36,0.7,1,17784,28712
36,0.7,2,36112,29384
36,0.7,3,18680,24312
36,0.7,4,31160,26936
36,0.7,5,17528,27472
37,0.7,1,20752,28880
37,0.7,2,29104,25728
37,0.7,3,36232,30032
37,0.7,4,25504,28056
37,0.7,5,34776,32368
38,0.7,1,33712,27896
38,0.7,2,47160,28336
38,0.7,3,33264,30088
38,0.7,4,69744,34624
38,0.7,5,16632,21680
39,0.7,1,33520,28216
39,0.7,2,49944,33824
39,0.7,3,24584,29200
39,0.7,4,41568,31688
39,0.7,5,30864,27240
40,0.7,1,29496,35040
40,0.7,2,25976,26088
40,0.7,3,40720,36144
40,0.7,4,24640,23776
40,0.7,5,29032,26416
41,0.7,1,39008,31184
41,0.7,2,31280,28632
41,0.7,3,30888,26440
41,0.7,4,59720,34400
41,0.7,5,19552,33648
42,0.7,1,30736,31096
42,0.7,2,18256,29808
42,0.7,3,23888,31096
42,0.7,4,24320,30272
42,0.7,5,35800,36008
43,0.7,1,34712,32800
43,0.7,2,33904,25712
43,0.7,3,31896,31288
43,0.7,4,43112,33896
43,0.7,5,43896,37552
44,0.7,1,24200,31688
44,0.7,2,19752,29288
44,0.7,3,58408,35352
44,0.7,4,37408,30672
44,0.7,5,23072,31880
45,0.7,1,31736,35552
45,0.7,2,42544,35568
45,0.7,3,21456,26888
45,0.7,4,29968,35944
45,0.7,5,39680,29104
46,0.7,1,34344,29296
46,0.7,2,55376,36584
46,0.7,3,41408,32680
46,0.7,4,29840,35944
46,0.7,5,28352,32088
47,0.7,1,41744,36408
47,0.7,2,40248,34824
47,0.7,3,32936,31792
47,0.7,4,48744,38440
47,0.7,5,27424,33000
48,0.7,1,26888,35296
48,0.7,2,28808,31064
48,0.7,3,49824,37512
48,0.7,4,30840,35152
48,0.7,5,37400,33456
49,0.7,1,39416,38048
49,0.7,2,25768,35216
49,0.7,3,42240,33328
49,0.7,4,39520,35576
49,0.7,5,51232,35992
50,0.7,1,37184,36696
50,0.7,2,48144,36160
50,0.7,3,39600,45688
50,0.7,4,52792,43984
50,0.7,5,53144,45240
51,0.7,1,54960,47408
51,0.7,2,31664,37608
51,0.7,3,57016,38712
51,0.7,4,59968,48616
51,0.7,5,41336,42224
52,0.7,1,38064,33744
52,0.7,2,50696,42600
52,0.7,3,45672,35440
52,0.7,4,43736,37248
52,0.7,5,29664,31592
53,0.7,1,43568,35224
53,0.7,2,64944,40496
53,0.7,3,35168,40056
53,0.7,4,41760,41464
53,0.7,5,28712,37376
54,0.7,1,31288,39048
54,0.7,2,56600,48312
54,0.7,3,36032,47392
54,0.7,4,31072,34416
54,0.7,5,44304,38280
55,0.7,1,28144,42928
55,0.7,2,61696,51656
55,0.7,3,86184,53400
55,0.7,4,56824,40672
55,0.7,5,46064,34864
56,0.7,1,55184,45152
56,0.7,2,35416,38112
56,0.7,3,35064,41936
56,0.7,4,25728,40272
56,0.7,5,45952,40272
57,0.7,1,53112,39128
57,0.7,2,38992,43352
57,0.7,3,70056,49432
57,0.7,4,38600,40576
57,0.7,5,47928,42336
58,0.7,1,47824,42728
58,0.7,2,81064,51768
58,0.7,3,52168,44200
58,0.7,4,54416,44912
58,0.7,5,56656,47192
59,0.7,1,50824,44928
59,0.7,2,36880,45528
59,0.7,3,32992,43216
59,0.7,4,35984,43472
59,0.7,5,53936,45888
60,0.7,1,75712,41808
60,0.7,2,79880,51616
60,0.7,3,43704,43256
60,0.7,4,38064,40352
60,0.7,5,36760,40856
61,0.7,1,40856,41408
61,0.7,2,57112,44472
61,0.7,3,64384,53184
61,0.7,4,74192,45776
61,0.7,5,53080,45632
62,0.7,1,51784,46344
62,0.7,2,41128,43896
62,0.7,3,44568,45584
62,0.7,4,60432,50624
62,0.7,5,55432,45912
63,0.7,1,69584,49984
63,0.7,2,40280,39664
63,0.7,3,50104,49856
63,0.7,4,36264,40784
63,0.7,5,58464,47880
64,0.7,1,30856,43192
64,0.7,2,59696,45904
64,0.7,3,39848,45072
64,0.7,4,62376,51672
64,0.7,5,75840,53840
65,0.7,1,71784,54984
65,0.7,2,45232,42024
65,0.7,3,33208,47648
65,0.7,4,66576,51936
65,0.7,5,50808,45368
66,0.7,1,42712,52416
66,0.7,2,70776,51888
66,0.7,3,68848,55312
66,0.7,4,70448,54240
66,0.7,5,77496,55936
67,0.7,1,58976,52960
67,0.7,2,46136,48936
67,0.7,3,64784,47720
67,0.7,4,44272,51080
67,0.7,5,60168,53184
68,0.7,1,42584,49384
68,0.7,2,78736,56744
68,0.7,3,39672,49016
68,0.7,4,53560,46888
68,0.7,5,48216,45104
69,0.7,1,66280,48360
69,0.7,2,62696,50696
69,0.7,3,59200,55936
69,0.7,4,68248,55224
69,0.7,5,47408,46408
70,0.7,1,73712,56576
70,0.7,2,84872,55312
70,0.7,3,43856,47864
70,0.7,4,55880,53328
70,0.7,5,36008,51200
71,0.7,1,54600,53672
71,0.7,2,67304,51256
71,0.7,3,53480,57576
71,0.7,4,54432,65328
71,0.7,5,45184,49960
72,0.7,1,87912,56688
72,0.7,2,80960,62416
72,0.7,3,47592,56520
72,0.7,4,66720,54320
72,0.7,5,52600,51480
73,0.7,1,51472,51624
73,0.7,2,42616,48144
73,0.7,3,51280,51208
73,0.7,4,73136,58704
73,0.7,5,60832,51640
74,0.7,1,55968,51104
74,0.7,2,56768,57568
74,0.7,3,77384,60616
74,0.7,4,89408,57680
74,0.7,5,68336,58640
75,0.7,1,45736,48840
75,0.7,2,47376,53528
75,0.7,3,62176,48848
75,0.7,4,56904,52648
75,0.7,5,61232,53184
76,0.7,1,62824,55264
76,0.7,2,61200,59048
76,0.7,3,34872,54896
76,0.7,4,45560,56392
76,0.7,5,63472,60760
77,0.7,1,43776,51768
77,0.7,2,55968,63416
77,0.7,3,47248,46656
77,0.7,4,72544,59392
77,0.7,5,54112,56528
78,0.7,1,53992,60768
78,0.7,2,52736,57240
78,0.7,3,43320,49192
78,0.7,4,45792,52896
78,0.7,5,89352,65184
79,0.7,1,47456,57104
79,0.7,2,61304,64736
79,0.7,3,65296,63432
79,0.7,4,68256,60552
79,0.7,5,61016,54552
80,0.7,1,86008,64368
80,0.7,2,69320,63792
80,0.7,3,73304,67600
80,0.7,4,69608,65184
80,0.7,5,89056,70728
81,0.7,1,86216,59816
81,0.7,2,55088,60088
81,0.7,3,70592,61136
81,0.7,4,79040,63912
81,0.7,5,56256,53168
82,0.7,1,85416,61416
82,0.7,2,83096,61160
82,0.7,3,75136,63960
82,0.7,4,51552,60464
82,0.7,5,65464,58544
83,0.7,1,82528,63200
83,0.7,2,63528,56768
83,0.7,3,54968,57264
83,0.7,4,75168,59112
83,0.7,5,68024,61816
84,0.7,1,47040,59736
84,0.7,2,87512,60288
84,0.7,3,48968,63544
84,0.7,4,65168,69288
84,0.7,5,59888,59224
85,0.7,1,69816,62752
85,0.7,2,37736,55784
85,0.7,3,99848,72040
85,0.7,4,48752,56912
85,0.7,5,57256,63096
86,0.7,1,64712,64016
86,0.7,2,57560,62048
86,0.7,3,54352,57000
86,0.7,4,68928,59352
86,0.7,5,97240,67000
87,0.7,1,91752,64928
87,0.7,2,51456,64392
87,0.7,3,54824,63192
87,0.7,4,110480,76872
87,0.7,5,59704,52984
88,0.7,1,68232,64464
88,0.7,2,85848,64680
88,0.7,3,97440,68744
88,0.7,4,78848,63600
88,0.7,5,73160,66824
89,0.7,1,74264,65536
89,0.7,2,86528,68328
89,0.7,3,46024,60632
89,0.7,4,75936,73800
89,0.7,5,74472,63704
90,0.7,1,51760,63264
90,0.7,2,78976,70832
90,0.7,3,98816,69264
90,0.7,4,68040,73304
90,0.7,5,80752,66360
91,0.7,1,68336,72368
91,0.7,2,66576,70184
91,0.7,3,70672,68328
91,0.7,4,67720,60776
91,0.7,5,73080,72568
92,0.7,1,102496,67200
92,0.7,2,57960,61328
92,0.7,3,56440,66088
92,0.7,4,69952,62624
92,0.7,5,96704,81568
93,0.7,1,68280,66416
93,0.7,2,77680,73288
93,0.7,3,90040,70600
93,0.7,4,78920,65016
93,0.7,5,63544,70200
94,0.7,1,80256,70184
94,0.7,2,71984,71448
94,0.7,3,93528,65712
94,0.7,4,95752,72072
94,0.7,5,71456,69328
95,0.7,1,100272,68544
95,0.7,2,94040,74520
95,0.7,3,72104,71496
95,0.7,4,53376,68720
95,0.7,5,60736,66576
96,0.7,1,62960,71104
96,0.7,2,64056,62640
96,0.7,3,66824,68360
96,0.7,4,90528,73112
96,0.7,5,120176,80528
97,0.7,1,67864,69584
97,0.7,2,91464,72664
97,0.7,3,120288,72832
97,0.7,4,86008,66592
97,0.7,5,131664,75904
98,0.7,1,70560,72776
98,0.7,2,69272,67240
98,0.7,3,47616,67616
98,0.7,4,67432,71608
98,0.7,5,99176,73960
99,0.7,1,83176,74744
99,0.7,2,66384,75368
99,0.7,3,94496,75320
99,0.7,4,81880,75520
99,0.7,5,73640,71736
100,0.7,1,70328,69488
100,0.7,2,80488,85680
100,0.7,3,87576,77368
100,0.7,4,50680,67664
100,0.7,5,90680,72416
1,0.8,1,2008,88
1,0.8,2,2008,88
1,0.8,3,2008,88
1,0.8,4,2008,88
1,0.8,5,2008,88
2,0.8,1,2752,2504
2,0.8,2,5136,2424
2,0.8,3,2752,872
2,0.8,4,2104,1032
2,0.8,5,2104,448
3,0.8,1,2848,1920
3,0.8,2,10456,5592
3,0.8,3,2200,688
3,0.8,4,3384,2480
3,0.8,5,2200,2656
4,0.8,1,21664,7272
4,0.8,2,2296,3928
4,0.8,3,6120,4944
4,0.8,4,3272,2856
4,0.8,5,6440,3528
5,0.8,1,4400,5736
5,0.8,2,3040,4056
5,0.8,3,3808,2704
5,0.8,4,2392,2600
5,0.8,5,3704,4880
6,0.8,1,2488,2520
6,0.8,2,11176,7104
6,0.8,3,5336,4528
6,0.8,4,5032,4248
6,0.8,5,3528,4408
7,0.8,1,4208,4192
7,0.8,2,2592,5456
7,0.8,3,3712,4336
7,0.8,4,8344,4600
7,0.8,5,4672,4768
8,0.8,1,3344,6192
8,0.8,2,3080,6648
8,0.8,3,12288,9008
8,0.8,4,12056,8696
8,0.8,5,5040,5512
9,0.8,1,8960,7200
9,0.8,2,8496,7432
9,0.8,3,5440,6720
9,0.8,4,9128,9056
9,0.8,5,5320,6384
10,0.8,1,4808,7552
10,0.8,2,6584,7000
10,0.8,3,13856,9000
10,0.8,4,10576,6872
10,0.8,5,8224,5952
11,0.8,1,15608,11704
11,0.8,2,5720,6560
11,0.8,3,7232,9720
11,0.8,4,45896,12440
11,0.8,5,12264,10000
12,0.8,1,10088,8336
12,0.8,2,16624,14288
12,0.8,3,16656,7496
12,0.8,4,6704,11664
12,0.8,5,11312,8864
13,0.8,1,7360,8968
13,0.8,2,7576,8888
13,0.8,3,17664,11432
13,0.8,4,13536,10288
13,0.8,5,8032,11288
14,0.8,1,5648,6296
14,0.8,2,21504,11800
14,0.8,3,9504,11640
14,0.8,4,11128,13720
14,0.8,5,11088,12008
15,0.8,1,8992,8656
15,0.8,2,16512,13504
15,0.8,3,8328,8160
15,0.8,4,5008,10176
15,0.8,5,14048,11920
16,0.8,1,7688,11384
16,0.8,2,17696,11896
16,0.8,3,16440,11848
16,0.8,4,19400,11032
16,0.8,5,23496,11920
17,0.8,1,7792,13632
17,0.8,2,17000,14520
17,0.8,3,14512,16176
17,0.8,4,8568,12048
17,0.8,5,17024,12112
18,0.8,1,13968,14152
18,0.8,2,12232,11920
18,0.8,3,14552,18056
18,0.8,4,13200,16368
18,0.8,5,11656,14680
19,0.8,1,20760,11328
19,0.8,2,8760,13560
19,0.8,3,8304,13128
19,0.8,4,13800,16304
19,0.8,5,12992,14376
20,0.8,1,6744,16200
20,0.8,2,16248,15160
20,0.8,3,25480,16832
20,0.8,4,15496,14312
20,0.8,5,13672,14696
21,0.8,1,25944,19960
21,0.8,2,18048,19376
21,0.8,3,17816,16504
21,0.8,4,29376,16064
21,0.8,5,30072,18744
22,0.8,1,19776,14824
22,0.8,2,13536,15464
22,0.8,3,17592,13904
22,0.8,4,9904,14464
22,0.8,5,19304,12616
23,0.8,1,12040,15760
23,0.8,2,18880,15600
23,0.8,3,26592,19360
23,0.8,4,13792,16200
23,0.8,5,10320,17864
24,0.8,1,30000,20488
24,0.8,2,11832,13768
24,0.8,3,12888,17792
24,0.8,4,53064,27928
24,0.8,5,26448,21496
25,0.8,1,11352,16576
25,0.8,2,54024,19072
25,0.8,3,16336,17344
25,0.8,4,18336,16552
25,0.8,5,20944,16288
26,0.8,1,15304,16696
26,0.8,2,9056,16416
26,0.8,3,30872,21712
26,0.8,4,29256,20984
26,0.8,5,14144,14744
27,0.8,1,25056,28536
27,0.8,2,12800,16440
27,0.8,3,32920,24424
27,0.8,4,21816,20000
27,0.8,5,21248,17128
28,0.8,1,29848,21272
28,0.8,2,20504,22144
28,0.8,3,12472,20488
28,0.8,4,23000,21656
28,0.8,5,37032,20712
29,0.8,1,31968,25344
29,0.8,2,32184,22984
29,0.8,3,19680,22272
29,0.8,4,28536,17440
29,0.8,5,14480,19992
30,0.8,1,32840,29744
30,0.8,2,34360,23136
30,0.8,3,21704,18456
30,0.8,4,16024,20976
30,0.8,5,15888,20464
31,0.8,1,16600,20600
31,0.8,2,12616,17064
31,0.8,3,22704,29208
31,0.8,4,13936,21408
31,0.8,5,16224,21640
32,0.8,1,39088,23024
32,0.8,2,35896,30096
32,0.8,3,21560,25816
32,0.8,4,26320,23456
32,0.8,5,35104,24872
33,0.8,1,12080,17120
33,0.8,2,23528,29328
33,0.8,3,27832,24456
33,0.8,4,25288,26984
33,0.8,5,21584,20256
34,0.8,1,31544,26736
34,0.8,2,29352,24704
34,0.8,3,44520,23632
34,0.8,4,31968,24928
34,0.8,5,59392,29512
35,0.8,1,17232,23632
35,0.8,2,28256,29472
35,0.8,3,33264,31616
35,0.8,4,27368,23832
35,0.8,5,21312,22480
36,0.8,1,24696,24984
36,0.8,2,24024,19368
36,0.8,3,63536,33760
36,0.8,4,28760,29040
36,0.8,5,17912,23328
37,0.8,1,35720,32024
37,0.8,2,27920,31512
37,0.8,3,43768,32912
37,0.8,4,32536,30712
37,0.8,5,59584,35824
38,0.8,1,23584,27936
38,0.8,2,27584,25616
38,0.8,3,45544,30472
38,0.8,4,30128,30152
38,0.8,5,42528,25240
39,0.8,1,25256,23496
39,0.8,2,41776,38880
39,0.8,3,28328,31112
39,0.8,4,39624,26224
39,0.8,5,39760,29272
40,0.8,1,28616,27608
40,0.8,2,25704,34416
40,0.8,3,14808,24920
40,0.8,4,27816,31952
40,0.8,5,25280,29536
41,0.8,1,31696,37880
41,0.8,2,23856,28584
41,0.8,3,26568,27992
41,0.8,4,28680,29840
41,0.8,5,37320,32184
42,0.8,1,34000,32960
42,0.8,2,32824,35016
42,0.8,3,20800,29040
42,0.8,4,26568,26424
42,0.8,5,27352,33320
43,0.8,1,24328,26808
43,0.8,2,27856,26936
43,0.8,3,33376,35424
43,0.8,4,37344,35032
43,0.8,5,21032,30000
44,0.8,1,28952,32856
44,0.8,2,39480,34168
44,0.8,3,26480,34976
44,0.8,4,37400,34176
44,0.8,5,37952,34448
45,0.8,1,24616,28656
45,0.8,2,24208,35152
45,0.8,3,32528,35560
45,0.8,4,28696,29880
45,0.8,5,18896,25496
46,0.8,1,25112,30824
46,0.8,2,21968,33096
46,0.8,3,31200,29600
46,0.8,4,30160,34544
46,0.8,5,37792,41392
47,0.8,1,47416,40672
47,0.8,2,36688,41752
47,0.8,3,32320,37976
47,0.8,4,25760,36056
47,0.8,5,31128,37448
48,0.8,1,42136,33080
48,0.8,2,71688,35216
48,0.8,3,43136,38432
48,0.8,4,40480,38288
48,0.8,5,38448,40016
49,0.8,1,58312,34272
49,0.8,2,36496,32480
49,0.8,3,48192,38016
49,0.8,4,63544,44304
49,0.8,5,29336,36152
50,0.8,1,39432,38240
50,0.8,2,30712,34016
50,0.8,3,35440,40688
50,0.8,4,46328,48632
50,0.8,5,67664,47888
51,0.8,1,34496,38488
51,0.8,2,25952,31712
51,0.8,3,67296,50896
51,0.8,4,52680,48472
51,0.8,5,42072,35360
52,0.8,1,31096,30528
52,0.8,2,41384,40344
52,0.8,3,27496,30072
52,0.8,4,39048,45336
52,0.8,5,44144,36992
53,0.8,1,30752,38320
53,0.8,2,68016,46408
53,0.8,3,34712,37344
53,0.8,4,32352,39464
53,0.8,5,55328,43040
54,0.8,1,34416,43688
54,0.8,2,38976,42552
54,0.8,3,44184,39472
54,0.8,4,28736,38240
54,0.8,5,23376,34560
55,0.8,1,47672,38904
55,0.8,2,48456,43608
55,0.8,3,40088,47776
55,0.8,4,44800,36064
55,0.8,5,55728,44760
56,0.8,1,38936,39016
56,0.8,2,36536,36792
56,0.8,3,49904,41752
56,0.8,4,62160,45984
56,0.8,5,48856,43128
57,0.8,1,54160,40672
57,0.8,2,59696,45096
57,0.8,3,43032,48208
57,0.8,4,57008,46176
57,0.8,5,60136,46888
58,0.8,1,41864,46704
58,0.8,2,51880,43568
58,0.8,3,44528,43264
58,0.8,4,50872,40984
58,0.8,5,26720,42120
59,0.8,1,39808,46088
59,0.8,2,54360,46720
59,0.8,3,37208,43824
59,0.8,4,42256,43392
59,0.8,5,68992,49704
60,0.8,1,49688,45912
60,0.8,2,56712,45328
60,0.8,3,50792,46784
60,0.8,4,46056,45384
60,0.8,5,56000,51288
61,0.8,1,34616,36544
61,0.8,2,39112,40464
61,0.8,3,44600,51240
61,0.8,4,40184,47752
61,0.8,5,30104,37872
62,0.8,1,44032,54336
62,0.8,2,48032,41368
62,0.8,3,60736,46360
62,0.8,4,59016,46928
62,0.8,5,55832,46312
63,0.8,1,57552,50768
63,0.8,2,56048,40776
63,0.8,3,82848,45280
63,0.8,4,37432,51064
63,0.8,5,47920,46128
64,0.8,1,35336,43848
64,0.8,2,57952,47920
64,0.8,3,91592,55368
64,0.8,4,36912,46240
64,0.8,5,69656,57560
65,0.8,1,68920,51040
65,0.8,2,44584,44072
65,0.8,3,35880,48312
65,0.8,4,65600,49624
65,0.8,5,39744,47920
66,0.8,1,37312,43208
66,0.8,2,68584,57200
66,0.8,3,45680,49792
66,0.8,4,45744,49208
66,0.8,5,36040,43176
67,0.8,1,47888,54680
67,0.8,2,56512,56952
67,0.8,3,63312,52376
67,0.8,4,52456,44056
67,0.8,5,56616,44904
68,0.8,1,48232,44808
68,0.8,2,60496,48480
68,0.8,3,50600,49160
68,0.8,4,42912,49048
68,0.8,5,45736,57592
69,0.8,1,74272,49376
69,0.8,2,53560,55128
69,0.8,3,51704,51528
69,0.8,4,57632,52112
69,0.8,5,73096,59128
70,0.8,1,72368,68024
70,0.8,2,63584,48976
70,0.8,3,53928,54272
70,0.8,4,36096,50856
70,0.8,5,76536,60216
71,0.8,1,72288,46352
71,0.8,2,47720,50264
71,0.8,3,87384,50648
71,0.8,4,78432,55552
71,0.8,5,35040,47856
72,0.8,1,56560,52488
72,0.8,2,104000,66696
72,0.8,3,73728,55312
72,0.8,4,53168,61112
72,0.8,5,58872,55176
73,0.8,1,60480,57392
73,0.8,2,46800,48928
73,0.8,3,55992,49024
73,0.8,4,62912,63872
73,0.8,5,47576,55880
74,0.8,1,68856,49408
74,0.8,2,51176,52088
74,0.8,3,71744,63672
74,0.8,4,72736,67760
74,0.8,5,89816,57104
75,0.8,1,59184,46880
75,0.8,2,52664,50664
75,0.8,3,32048,48632
75,0.8,4,95000,69736
75,0.8,5,78504,60504
76,0.8,1,55968,58168
76,0.8,2,62240,53504
76,0.8,3,79600,65536
76,0.8,4,74872,60000
76,0.8,5,79200,58288
77,0.8,1,77016,66624
77,0.8,2,59936,67328
77,0.8,3,57824,54840
77,0.8,4,64880,63200
77,0.8,5,47480,57160
78,0.8,1,86120,70672
78,0.8,2,51680,52976
78,0.8,3,63840,56864
78,0.8,4,62120,57664
78,0.8,5,66856,68008
79,0.8,1,64720,57152
79,0.8,2,58520,56992
79,0.8,3,52216,57536
79,0.8,4,53280,54104
79,0.8,5,56768,56056
80,0.8,1,52008,55696
80,0.8,2,54080,56872
80,0.8,3,80256,58720
80,0.8,4,74600,63280
80,0.8,5,106656,68056
81,0.8,1,72168,57456
81,0.8,2,71272,63544
81,0.8,3,54880,55104
81,0.8,4,52728,53920
81,0.8,5,60808,61656
82,0.8,1,69528,58248
82,0.8,2,103408,70320
82,0.8,3,52448,59328
82,0.8,4,56800,61464
82,0.8,5,45008,59824
83,0.8,1,67032,60728
83,0.8,2,55320,60640
83,0.8,3,55880,50952
83,0.8,4,60576,63640
83,0.8,5,58408,56184
84,0.8,1,88848,63360
84,0.8,2,60064,55792
84,0.8,3,50880,56832
84,0.8,4,63776,65560
84,0.8,5,113528,69160
85,0.8,1,54088,54056
85,0.8,2,58984,56816
85,0.8,3,82896,58800
85,0.8,4,83936,76648
85,0.8,5,54464,62432
86,0.8,1,63528,64360
86,0.8,2,47352,65440
86,0.8,3,71464,63264
86,0.8,4,101016,69104
86,0.8,5,90128,68008
87,0.8,1,72680,62136
87,0.8,2,72856,65296
87,0.8,3,96912,64256
87,0.8,4,64528,62024
87,0.8,5,103952,66640
88,0.8,1,98384,66624
88,0.8,2,70528,67360
88,0.8,3,85600,70888
88,0.8,4,77488,62608
88,0.8,5,88728,74512
89,0.8,1,92280,77968
89,0.8,2,84992,64072
89,0.8,3,87432,67504
89,0.8,4,68784,66224
89,0.8,5,67160,59840
90,0.8,1,110472,69752
90,0.8,2,77544,61920
90,0.8,3,68768,61936
90,0.8,4,75016,61104
90,0.8,5,75688,73552
91,0.8,1,104264,70560
91,0.8,2,66488,60408
91,0.8,3,47264,61944
91,0.8,4,72600,69488
91,0.8,5,70240,74752
92,0.8,1,96960,68584
92,0.8,2,56376,69088
92,0.8,3,104376,72640
92,0.8,4,102160,70880
92,0.8,5,81008,72304
93,0.8,1,87128,75848
93,0.8,2,61768,61288
93,0.8,3,94944,70744
93,0.8,4,74912,72904
93,0.8,5,100048,71760
94,0.8,1,64952,62160
94,0.8,2,68336,75640
94,0.8,3,52176,57200
94,0.8,4,106088,72568
94,0.8,5,83864,74296
95,0.8,1,81376,70032
95,0.8,2,70424,73752
95,0.8,3,82096,72760
95,0.8,4,58328,65336
95,0.8,5,109984,79072
96,0.8,1,91608,79248
96,0.8,2,78392,70928
96,0.8,3,70016,72368
96,0.8,4,74648,69688
96,0.8,5,59648,74088
97,0.8,1,74944,67256
97,0.8,2,76232,83888
97,0.8,3,78920,67816
97,0.8,4,83320,74184
97,0.8,5,110392,84032
98,0.8,1,75568,75160
98,0.8,2,91032,80064
98,0.8,3,82800,66752
98,0.8,4,80256,71112
98,0.8,5,77000,74400
99,0.8,1,91256,74600
99,0.8,2,86280,69952
99,0.8,3,67144,76064
99,0.8,4,93376,68584
99,0.8,5,94824,72896
100,0.8,1,83192,73648
100,0.8,2,51776,74880
100,0.8,3,65152,77336
100,0.8,4,72320,70280
100,0.8,5,82128,77160
1,0.9,1,2008,88
1,0.9,2,2008,88
1,0.9,3,2008,88
1,0.9,4,2008,88
1,0.9,5,2008,88
2,0.9,1,2104,600
2,0.9,2,2856,1936
2,0.9,3,2104,1312
2,0.9,4,2104,600
2,0.9,5,2392,792
3,0.9,1,3648,2976
3,0.9,2,2200,1248
3,0.9,3,2848,1224
3,0.9,4,2848,2392
3,0.9,5,5032,2408
4,0.9,1,4544,2896
4,0.9,2,5368,2808
4,0.9,3,3232,3136
4,0.9,4,4784,3760
4,0.9,5,2944,2392
5,0.9,1,4976,3008
5,0.9,2,5936,4760
5,0.9,3,4920,3576
5,0.9,4,9360,5040
5,0.9,5,3552,4176
6,0.9,1,3424,5792
6,0.9,2,3872,4336
6,0.9,3,4232,5584
6,0.9,4,11680,7432
6,0.9,5,3800,5032
7,0.9,1,5904,7088
7,0.9,2,4632,3984
7,0.9,3,3584,3792
7,0.9,4,20984,10296
7,0.9,5,10592,4752
8,0.9,1,10040,7104
8,0.9,2,9400,8280
8,0.9,3,7960,6616
8,0.9,4,4888,5096
8,0.9,5,14128,5080
9,0.9,1,2784,3168
9,0.9,2,10040,4624
9,0.9,3,12856,7760
9,0.9,4,10592,8088
9,0.9,5,5832,6232
10,0.9,1,10488,7304
10,0.9,2,7064,6072
10,0.9,3,10800,8064
10,0.9,4,4248,6656
10,0.9,5,19800,8072
11,0.9,1,6224,8288
11,0.9,2,9592,6032
11,0.9,3,5696,6888
11,0.9,4,10984,9384
11,0.9,5,15616,9480
12,0.9,1,10736,8632
12,0.9,2,4800,12848
12,0.9,3,8664,10656
12,0.9,4,4688,6016
12,0.9,5,20096,7632
13,0.9,1,16280,10800
13,0.9,2,10312,10704
13,0.9,3,9432,10368
13,0.9,4,14856,10584
13,0.9,5,9808,7760
14,0.9,1,7856,10896
14,0.9,2,4280,7232
14,0.9,3,9216,13152
14,0.9,4,12432,10832
14,0.9,5,12352,13544
15,0.9,1,10152,12112
15,0.9,2,10192,8416
15,0.9,3,8520,10656
15,0.9,4,6720,7968
15,0.9,5,16064,12312
16,0.9,1,7832,10272
16,0.9,2,10184,12496
16,0.9,3,11544,13168
16,0.9,4,22040,12592
16,0.9,5,21808,15248
17,0.9,1,29640,15848
17,0.9,2,11984,15952
17,0.9,3,13304,11360
17,0.9,4,8264,11008
17,0.9,5,11008,12848
18,0.9,1,9048,14256
18,0.9,2,15784,12928
18,0.9,3,21632,14384
18,0.9,4,8648,12176
18,0.9,5,10720,13320
19,0.9,1,9768,16000
19,0.9,2,9904,13104
19,0.9,3,10888,12504
19,0.9,4,10608,14040
19,0.9,5,19256,15528
20,0.9,1,20264,20848
20,0.9,2,26872,13568
20,0.9,3,8136,12288
20,0.9,4,11576,17704
20,0.9,5,21360,16112
21,0.9,1,18408,14000
21,0.9,2,20128,20168
21,0.9,3,12472,13712
21,0.9,4,22528,18968
21,0.9,5,24848,17448
22,0.9,1,18064,17328
22,0.9,2,8720,13984
22,0.9,3,21688,20848
22,0.9,4,25416,17760
22,0.9,5,13256,15704
23,0.9,1,10392,16936
23,0.9,2,18784,20800
23,0.9,3,14680,11936
23,0.9,4,9272,12400
23,0.9,5,12640,13016
24,0.9,1,27536,20520
24,0.9,2,16496,16952
24,0.9,3,34520,25120
24,0.9,4,21784,17520
24,0.9,5,16280,19944
25,0.9,1,13768,19216
25,0.9,2,19088,18480
25,0.9,3,29384,20024
25,0.9,4,23816,21976
25,0.9,5,26216,18336
26,0.9,1,9872,16616
26,0.9,2,22352,16504
26,0.9,3,22360,22824
26,0.9,4,18576,18600
26,0.9,5,30704,22496
27,0.9,1,23048,22920
27,0.9,2,29736,21240
27,0.9,3,20432,20928
27,0.9,4,17896,19032
27,0.9,5,22952,22176
28,0.9,1,16360,18352
28,0.9,2,28384,26400
28,0.9,3,24536,18080
28,0.9,4,16136,19320
28,0.9,5,16312,19824
29,0.9,1,20712,25784
29,0.9,2,25328,18584
29,0.9,3,28232,23448
29,0.9,4,21048,25248
29,0.9,5,21336,21808
30,0.9,1,18784,21640
30,0.9,2,21632,23536
30,0.9,3,87272,27112
30,0.9,4,40440,23864
30,0.9,5,8456,20536
31,0.9,1,55936,34640
31,0.9,2,31144,32328
31,0.9,3,17968,22688
31,0.9,4,13024,22296
31,0.9,5,21512,20080
32,0.9,1,42568,29072
32,0.9,2,37464,21664
32,0.9,3,15152,20632
32,0.9,4,20080,20456
32,0.9,5,35272,22152
33,0.9,1,17760,26104
33,0.9,2,29320,23544
33,0.9,3,28640,29832
33,0.9,4,30416,23328
33,0.9,5,41776,31992
34,0.9,1,34184,22512
34,0.9,2,21880,21784
34,0.9,3,23416,22360
34,0.9,4,47080,27608
34,0.9,5,37776,29376
35,0.9,1,17448,24488
35,0.9,2,22808,28464
35,0.9,3,34904,32256
35,0.9,4,49488,24576
35,0.9,5,35560,27976
36,0.9,1,28592,27344
36,0.9,2,43376,35752
36,0.9,3,15816,23408
36,0.9,4,32208,28296
36,0.9,5,43944,30392
37,0.9,1,45080,33064
37,0.9,2,44728,28792
37,0.9,3,27576,25328
37,0.9,4,25776,24744
37,0.9,5,28880,28648
38,0.9,1,35248,30448
38,0.9,2,42512,28200
38,0.9,3,36128,32184
38,0.9,4,23832,29736
38,0.9,5,38224,31392
39,0.9,1,38952,30552
39,0.9,2,24680,29680
39,0.9,3,43800,32408
39,0.9,4,20168,29112
39,0.9,5,40208,32568
40,0.9,1,23288,30376
40,0.9,2,14576,20112
40,0.9,3,22384,29240
40,0.9,4,33576,37344
40,0.9,5,20192,29640
41,0.9,1,34088,27440
41,0.9,2,40872,31288
41,0.9,3,26608,31296
41,0.9,4,26856,25968
41,0.9,5,31000,33336
42,0.9,1,22992,30056
42,0.9,2,40992,28920
42,0.9,3,39024,34080
42,0.9,4,32752,34192
42,0.9,5,18936,29712
43,0.9,1,31320,30208
43,0.9,2,38168,36800
43,0.9,3,48016,38256
43,0.9,4,44624,39504
43,0.9,5,53200,29200
44,0.9,1,29784,32848
44,0.9,2,30984,31944
44,0.9,3,56872,44608
44,0.9,4,28192,38128
44,0.9,5,46248,35088
45,0.9,1,48952,38640
45,0.9,2,32048,27840
45,0.9,3,32208,32000
45,0.9,4,36240,32728
45,0.9,5,31056,33416
46,0.9,1,38232,38016
46,0.9,2,23728,35048
46,0.9,3,36632,31936
46,0.9,4,34880,32712
46,0.9,5,37080,31872
47,0.9,1,46192,38328
47,0.9,2,34496,34944
47,0.9,3,33888,33520
47,0.9,4,42584,36808
47,0.9,5,43984,32328
48,0.9,1,18360,30224
48,0.9,2,64424,40408
48,0.9,3,33384,32368
48,0.9,4,26024,41096
48,0.9,5,28112,33088
49,0.9,1,39400,39720
49,0.9,2,34912,40088
49,0.9,3,41920,45608
49,0.9,4,24712,30384
49,0.9,5,29216,32992
50,0.9,1,43432,39736
50,0.9,2,52544,37128
50,0.9,3,37688,35976
50,0.9,4,30776,34640
50,0.9,5,44632,41656
51,0.9,1,49048,41768
51,0.9,2,50336,42368
51,0.9,3,39216,38072
51,0.9,4,55456,37120
51,0.9,5,34920,39848
52,0.9,1,42832,37016
52,0.9,2,50560,39736
52,0.9,3,52792,41584
52,0.9,4,31120,44824
52,0.9,5,36696,46664
53,0.9,1,34688,37984
53,0.9,2,28584,39992
53,0.9,3,25888,38032
53,0.9,4,46432,39664
53,0.9,5,34968,37640
54,0.9,1,43624,41352
54,0.9,2,31192,33408
54,0.9,3,41208,38704
54,0.9,4,22280,33320
54,0.9,5,70912,44408
55,0.9,1,54552,39264
55,0.9,2,53048,41512
55,0.9,3,41496,43168
55,0.9,4,47592,43384
55,0.9,5,59200,49080
56,0.9,1,59696,45936
56,0.9,2,65120,44968
56,0.9,3,49176,39464
56,0.9,4,57784,49576
56,0.9,5,56936,46000
57,0.9,1,82232,46128
57,0.9,2,52568,43280
57,0.9,3,63880,40632
57,0.9,4,40136,40184
57,0.9,5,43192,41800
58,0.9,1,45112,44632
58,0.9,2,52336,49264
58,0.9,3,65752,42928
58,0.9,4,48280,44392
58,0.9,5,58360,46192
59,0.9,1,29736,38184
59,0.9,2,65200,44768
59,0.9,3,80960,53392
59,0.9,4,23840,39208
59,0.9,5,34920,49184
60,0.9,1,36808,41896
60,0.9,2,43144,37984
60,0.9,3,41160,49832
60,0.9,4,39040,42936
60,0.9,5,52016,43280
61,0.9,1,67832,51192
61,0.9,2,55688,41504
61,0.9,3,56536,40176
61,0.9,4,61976,51104
61,0.9,5,48248,44824
62,0.9,1,35576,40880
62,0.9,2,35304,44504
62,0.9,3,41856,41576
62,0.9,4,44976,42952
62,0.9,5,75864,52856
63,0.9,1,61848,48416
63,0.9,2,58752,49544
63,0.9,3,69472,49176
63,0.9,4,38224,39136
63,0.9,5,51136,43384
64,0.9,1,64208,46616
64,0.9,2,46688,44672
64,0.9,3,48392,41568
64,0.9,4,73152,50408
64,0.9,5,60088,47400
65,0.9,1,77496,46904
65,0.9,2,33928,46008
65,0.9,3,59864,51992
65,0.9,4,42080,47864
65,0.9,5,60168,48016
66,0.9,1,57688,50144
66,0.9,2,42040,48440
66,0.9,3,53736,53272
66,0.9,4,50856,54408
66,0.9,5,45208,52904
67,0.9,1,91896,54168
67,0.9,2,68040,61160
67,0.9,3,73568,57904
67,0.9,4,30216,39112
67,0.9,5,50888,41496
68,0.9,1,50032,47560
68,0.9,2,34968,41880
68,0.9,3,40752,47264
68,0.9,4,74920,61152
68,0.9,5,91832,54200
69,0.9,1,49448,53440
69,0.9,2,64328,63912
69,0.9,3,46232,47176
69,0.9,4,43872,39208
69,0.9,5,45592,46040
70,0.9,1,51584,52832
70,0.9,2,56336,53312
70,0.9,3,46008,55808
70,0.9,4,64392,50808
70,0.9,5,74504,56688
71,0.9,1,51136,58184
71,0.9,2,73288,56592
71,0.9,3,74712,53880
71,0.9,4,50088,46184
71,0.9,5,69104,55432
72,0.9,1,67560,60344
72,0.9,2,51800,59008
72,0.9,3,76024,61864
72,0.9,4,52280,58120
72,0.9,5,40440,51880
73,0.9,1,72016,55080
73,0.9,2,59400,55736
73,0.9,3,66952,54840
73,0.9,4,45336,55280
73,0.9,5,48736,56440
74,0.9,1,70776,61920
74,0.9,2,53360,48232
74,0.9,3,56312,52848
74,0.9,4,62480,54096
74,0.9,5,49392,48552
75,0.9,1,56728,56560
75,0.9,2,63872,61960
75,0.9,3,78472,64400
75,0.9,4,49376,51168
75,0.9,5,63024,54088
76,0.9,1,39032,48328
76,0.9,2,46352,55952
76,0.9,3,56376,53656
76,0.9,4,41120,50496
76,0.9,5,95400,56936
77,0.9,1,64528,57696
77,0.9,2,53856,52000
77,0.9,3,67520,64968
77,0.9,4,49536,53328
77,0.9,5,46144,53880
78,0.9,1,64640,59024
78,0.9,2,56232,59008
78,0.9,3,67224,57040
78,0.9,4,54264,50888
78,0.9,5,53376,61296
79,0.9,1,59256,61776
79,0.9,2,63056,60312
79,0.9,3,46936,57944
79,0.9,4,79320,59056
79,0.9,5,90728,59768
80,0.9,1,87320,68336
80,0.9,2,66432,60920
80,0.9,3,81688,56912
80,0.9,4,76192,60880
80,0.9,5,56376,55416
81,0.9,1,45888,54488
81,0.9,2,54040,54840
81,0.9,3,60712,58672
81,0.9,4,65584,51792
81,0.9,5,70120,61176
82,0.9,1,54040,67840
82,0.9,2,61888,66720
82,0.9,3,99600,56832
82,0.9,4,79720,62200
82,0.9,5,65904,65368
83,0.9,1,84192,72496
83,0.9,2,76520,64424
83,0.9,3,64896,60280
83,0.9,4,61232,59216
83,0.9,5,60136,57504
84,0.9,1,68872,68128
84,0.9,2,79304,63792
84,0.9,3,80272,70472
84,0.9,4,72256,62520
84,0.9,5,77760,74536
85,0.9,1,63336,57680
85,0.9,2,54968,60520
85,0.9,3,71232,62712
85,0.9,4,78552,59048
85,0.9,5,42824,59664
86,0.9,1,79056,67776
86,0.9,2,68656,64152
86,0.9,3,75720,66168
86,0.9,4,59896,60944
86,0.9,5,83488,56640
87,0.9,1,70424,62880
87,0.9,2,36080,53552
87,0.9,3,79808,65840
87,0.9,4,91744,62280
87,0.9,5,87528,59152
88,0.9,1,83752,71056
88,0.9,2,70136,60528
88,0.9,3,70952,64128
88,0.9,4,71560,65456
88,0.9,5,77840,68168
89,0.9,1,81640,59680
89,0.9,2,89776,69312
89,0.9,3,122192,80352
89,0.9,4,65856,64080
89,0.9,5,79936,64448
90,0.9,1,77192,66872
90,0.9,2,80288,63000
90,0.9,3,67560,71320
90,0.9,4,72696,64896
90,0.9,5,90168,80376
91,0.9,1,73480,69536
91,0.9,2,59152,62320
91,0.9,3,77224,64960
91,0.9,4,78304,68056
91,0.9,5,63544,66680
92,0.9,1,114344,80104
92,0.9,2,78088,77344
92,0.9,3,81648,62384
92,0.9,4,107072,81208
92,0.9,5,65592,63856
93,0.9,1,85904,68000
93,0.9,2,73216,69616
93,0.9,3,85800,75640
93,0.9,4,87048,73792
93,0.9,5,115568,83520
94,0.9,1,69816,72160
94,0.9,2,81128,66816
94,0.9,3,106744,70656
94,0.9,4,95864,74976
94,0.9,5,112640,70200
95,0.9,1,65976,63984
95,0.9,2,90888,70416
95,0.9,3,83992,76248
95,0.9,4,69640,76856
95,0.9,5,103552,78960
96,0.9,1,73616,72680
96,0.9,2,97416,71784
96,0.9,3,81736,70520
96,0.9,4,117464,79712
96,0.9,5,88144,67504
97,0.9,1,99232,83080
97,0.9,2,98688,80696
97,0.9,3,91480,72808
97,0.9,4,73784,68576
97,0.9,5,74152,66584
98,0.9,1,82224,78432
98,0.9,2,79304,71152
98,0.9,3,73224,67488
98,0.9,4,88000,81496
98,0.9,5,72560,75184
99,0.9,1,90432,82704
99,0.9,2,72912,69328
99,0.9,3,94696,81096
99,0.9,4,103560,72480
99,0.9,5,69912,72080
100,0.9,1,55080,66544
100,0.9,2,89992,69752
100,0.9,3,67912,78720
100,0.9,4,60112,68808
100,0.9,5,78936,70552
1,1.0,1,2008,88
1,1.0,2,2008,88
1,1.0,3,2008,88
1,1.0,4,2008,88
1,1.0,5,2008,88
2,1.0,1,2104,968
2,1.0,2,2104,600
2,1.0,3,2392,832
2,1.0,4,2392,808
2,1.0,5,2104,2424
3,1.0,1,2200,1136
3,1.0,2,2848,1864
3,1.0,3,2488,2392
3,1.0,4,2200,2488
3,1.0,5,2952,1976
4,1.0,1,2808,2080
4,1.0,2,2296,3696
4,1.0,3,2296,1680
4,1.0,4,6736,3464
4,1.0,5,6128,3816
5,1.0,1,3144,2600
5,1.0,2,2680,1904
5,1.0,3,3320,2680
5,1.0,4,9800,3904
5,1.0,5,3040,3920
6,1.0,1,2776,4600
6,1.0,2,9080,6752
6,1.0,3,9040,6608
6,1.0,4,8064,7736
6,1.0,5,3136,5120
7,1.0,1,12664,7408
7,1.0,2,3088,4112
7,1.0,3,4736,6504
7,1.0,4,9040,6896
7,1.0,5,3400,6456
8,1.0,1,5096,5968
8,1.0,2,5120,6304
8,1.0,3,3336,8264
8,1.0,4,21552,8944
8,1.0,5,3336,7008
9,1.0,1,16248,9608
9,1.0,2,23400,8936
9,1.0,3,16688,9376
9,1.0,4,4272,6904
9,1.0,5,6992,6096
10,1.0,1,9736,10112
10,1.0,2,5344,6344
10,1.0,3,27120,8688
10,1.0,4,5064,6160
10,1.0,5,8640,7888
11,1.0,1,15576,9464
11,1.0,2,10192,9352
11,1.0,3,7112,11640
11,1.0,4,5232,10384
11,1.0,5,5920,9064
12,1.0,1,15520,11392
12,1.0,2,20416,10584
12,1.0,3,5136,6520
12,1.0,4,9888,9616
12,1.0,5,22536,12864
13,1.0,1,4872,6288
13,1.0,2,11376,10488
13,1.0,3,11120,13384
13,1.0,4,10688,8240
13,1.0,5,6456,11760
14,1.0,1,4768,7200
14,1.0,2,15224,12032
14,1.0,3,4696,8080
14,1.0,4,5560,9176
14,1.0,5,9872,9408
15,1.0,1,22888,12864
15,1.0,2,16728,13400
15,1.0,3,24760,13744
15,1.0,4,8864,11600
15,1.0,5,6488,9352
16,1.0,1,8712,9808
16,1.0,2,20896,15192
16,1.0,3,7208,15304
16,1.0,4,11400,12208
16,1.0,5,14056,12152
17,1.0,1,14744,13240
17,1.0,2,9792,12208
17,1.0,3,11656,10632
17,1.0,4,25912,14608
17,1.0,5,13752,14496
18,1.0,1,13512,13200
18,1.0,2,17400,13952
18,1.0,3,12424,11288
18,1.0,4,11752,12168
18,1.0,5,14840,12856
19,1.0,1,14816,13984
19,1.0,2,11112,16880
19,1.0,3,12280,12616
19,1.0,4,18152,13744
19,1.0,5,24552,22368
20,1.0,1,20272,16360
20,1.0,2,6160,13912
20,1.0,3,20952,15328
20,1.0,4,21728,14960
20,1.0,5,11128,13024
21,1.0,1,14848,14640
21,1.0,2,9048,14168
21,1.0,3,11216,14624
21,1.0,4,12520,17904
21,1.0,5,27512,19424
22,1.0,1,18704,19568
22,1.0,2,27176,23704
22,1.0,3,27008,17912
22,1.0,4,19968,17712
22,1.0,5,26808,23784
23,1.0,1,17776,17496
23,1.0,2,43672,24360
23,1.0,3,14712,15648
23,1.0,4,13856,15976
23,1.0,5,19712,18704
24,1.0,1,27640,18184
24,1.0,2,27872,17728
24,1.0,3,20496,17936
24,1.0,4,19544,22520
24,1.0,5,11880,15312
25,1.0,1,15152,19088
25,1.0,2,25048,19800
25,1.0,3,21200,17504
25,1.0,4,13408,17720
25,1.0,5,38792,22472
26,1.0,1,18656,19144
26,1.0,2,34384,22296
26,1.0,3,9912,16928
26,1.0,4,17880,19856
26,1.0,5,25024,20680
27,1.0,1,18808,19640
27,1.0,2,30192,23160
27,1.0,3,16832,23664
27,1.0,4,14360,21056
27,1.0,5,23992,21968
28,1.0,1,16472,17080
28,1.0,2,28704,21192
28,1.0,3,12296,17128
28,1.0,4,25272,22512
28,1.0,5,9960,17472
29,1.0,1,26000,19112
29,1.0,2,28728,23736
29,1.0,3,32696,27920
29,1.0,4,28856,24520
29,1.0,5,21088,22064
30,1.0,1,34608,26632
30,1.0,2,15176,18960
30,1.0,3,21456,20648
30,1.0,4,26544,18496
30,1.0,5,32080,20544
31,1.0,1,9888,18528
31,1.0,2,40680,26384
31,1.0,3,20712,22336
31,1.0,4,28008,27784
31,1.0,5,32072,23992
32,1.0,1,24008,23840
32,1.0,2,27192,25920
32,1.0,3,23592,20456
32,1.0,4,23440,24648
32,1.0,5,30384,23872
33,1.0,1,15464,18936
33,1.0,2,15648,24784
33,1.0,3,55744,27104
33,1.0,4,29376,24256
33,1.0,5,17024,24848
34,1.0,1,46632,27464
34,1.0,2,25264,25040
34,1.0,3,35936,24672
34,1.0,4,25120,27656
34,1.0,5,13968,26248
35,1.0,1,27368,28304
35,1.0,2,30416,28680
35,1.0,3,28504,25136
35,1.0,4,47128,34512
35,1.0,5,32880,26208
36,1.0,1,16408,26024
36,1.0,2,37200,19656
36,1.0,3,21760,26232
36,1.0,4,35128,28624
36,1.0,5,44400,29904
37,1.0,1,18552,25696
37,1.0,2,54992,35944
37,1.0,3,28032,22712
37,1.0,4,17320,25168
37,1.0,5,20920,23696
38,1.0,1,32624,27928
38,1.0,2,43544,29992
38,1.0,3,30704,27616
38,1.0,4,30496,26376
38,1.0,5,19616,24208
39,1.0,1,35288,29360
39,1.0,2,34008,28992
39,1.0,3,45240,37040
39,1.0,4,28544,30872
39,1.0,5,13616,26312
40,1.0,1,43152,38664
40,1.0,2,22984,31872
40,1.0,3,26176,30896
40,1.0,4,30456,28448
40,1.0,5,24320,26504
41,1.0,1,33536,26856
41,1.0,2,27840,30648
41,1.0,3,48184,36592
41,1.0,4,23560,28272
41,1.0,5,31808,36200
42,1.0,1,51488,36184
42,1.0,2,54712,32328
42,1.0,3,31168,28064
42,1.0,4,27640,33088
42,1.0,5,24864,30168
43,1.0,1,36832,30576
43,1.0,2,38792,36368
43,1.0,3,57424,34296
43,1.0,4,28824,32176
43,1.0,5,50392,38504
44,1.0,1,28376,29624
44,1.0,2,34448,29968
44,1.0,3,37584,35536
44,1.0,4,51424,38200
44,1.0,5,56080,37056
45,1.0,1,31232,35264
45,1.0,2,36544,28408
45,1.0,3,50272,36896
45,1.0,4,46944,37208
45,1.0,5,40472,31112
46,1.0,1,27216,40112
46,1.0,2,38440,29880
46,1.0,3,41200,34856
46,1.0,4,56824,41432
46,1.0,5,25008,37200
47,1.0,1,23552,29904
47,1.0,2,35632,33088
47,1.0,3,41472,44912
47,1.0,4,40424,34880
47,1.0,5,37512,33272
48,1.0,1,25416,36272
48,1.0,2,37840,34056
48,1.0,3,37736,29888
48,1.0,4,33848,30872
48,1.0,5,34272,34256
49,1.0,1,70024,39976
49,1.0,2,45832,31752
49,1.0,3,42376,39968
49,1.0,4,56120,40688
49,1.0,5,30232,32928
50,1.0,1,57272,39904
50,1.0,2,27456,34984
50,1.0,3,52752,36504
50,1.0,4,30992,45976
50,1.0,5,39152,31752
51,1.0,1,29680,35280
51,1.0,2,46544,34640
51,1.0,3,48376,48152
51,1.0,4,35768,38440
51,1.0,5,34136,32384
52,1.0,1,33808,39880
52,1.0,2,33224,39776
52,1.0,3,26208,36696
52,1.0,4,48784,35496
52,1.0,5,43192,34336
53,1.0,1,51128,36584
53,1.0,2,61088,44856
53,1.0,3,47488,47288
53,1.0,4,65072,37416
53,1.0,5,60600,45680
54,1.0,1,46352,36320
54,1.0,2,54256,36344
54,1.0,3,38232,42584
54,1.0,4,36480,41656
54,1.0,5,47880,41496
55,1.0,1,54776,37832
55,1.0,2,49928,49640
55,1.0,3,70528,46112
55,1.0,4,37472,45168
55,1.0,5,32096,38992
56,1.0,1,32816,37024
56,1.0,2,60552,39984
56,1.0,3,54992,40544
56,1.0,4,49368,37816
56,1.0,5,38496,41072
57,1.0,1,33512,34136
57,1.0,2,44576,47640
57,1.0,3,30512,39584
57,1.0,4,57376,47456
57,1.0,5,42424,35968
58,1.0,1,65576,48592
58,1.0,2,55064,43256
58,1.0,3,64448,46424
58,1.0,4,62096,43728
58,1.0,5,52152,48936
59,1.0,1,30896,47400
59,1.0,2,38520,43648
59,1.0,3,52712,42744
59,1.0,4,66544,42472
59,1.0,5,60320,42048
60,1.0,1,58768,48120
60,1.0,2,39416,42200
60,1.0,3,48096,48616
60,1.0,4,61048,46968
60,1.0,5,74976,49640
61,1.0,1,39120,48840
61,1.0,2,48544,53704
61,1.0,3,43360,47744
61,1.0,4,46160,41184
61,1.0,5,33832,46544
62,1.0,1,62184,45400
62,1.0,2,64840,48752
62,1.0,3,42760,45904
62,1.0,4,37736,42512
62,1.0,5,36880,49000
63,1.0,1,84544,51904
63,1.0,2,67280,50632
63,1.0,3,64000,42368
63,1.0,4,76928,50904
63,1.0,5,42600,41672
64,1.0,1,72600,43568
64,1.0,2,33312,44768
64,1.0,3,34352,41688
64,1.0,4,67168,54776
64,1.0,5,43672,56344
65,1.0,1,66064,50280
65,1.0,2,69400,49672
65,1.0,3,46736,44608
65,1.0,4,49552,52840
65,1.0,5,39832,42008
66,1.0,1,48344,44752
66,1.0,2,48512,50312
66,1.0,3,49376,46576
66,1.0,4,60440,56216
66,1.0,5,49360,50080
67,1.0,1,71688,56432
67,1.0,2,62888,52152
67,1.0,3,52760,47808
67,1.0,4,46464,47312
67,1.0,5,62872,49688
68,1.0,1,44912,45856
68,1.0,2,51000,48088
68,1.0,3,51472,50496
68,1.0,4,66208,47512
68,1.0,5,36080,44184
69,1.0,1,56872,48016
69,1.0,2,80352,56832
69,1.0,3,55352,50632
69,1.0,4,35432,40968
69,1.0,5,33984,42288
70,1.0,1,66680,54648
70,1.0,2,65792,54488
70,1.0,3,48088,45320
70,1.0,4,51992,53112
70,1.0,5,70032,52368
71,1.0,1,76136,60344
71,1.0,2,61800,56920
71,1.0,3,65656,52768
71,1.0,4,61504,61584
71,1.0,5,48480,44568
72,1.0,1,47344,44504
72,1.0,2,67984,53472
72,1.0,3,67048,53536
72,1.0,4,38464,43104
72,1.0,5,44448,57080
73,1.0,1,67392,62224
73,1.0,2,32928,47848
73,1.0,3,61168,55400
73,1.0,4,74840,60000
73,1.0,5,73088,52448
74,1.0,1,70808,53680
74,1.0,2,44456,49816
74,1.0,3,59040,57896
74,1.0,4,53424,56648
74,1.0,5,52112,56680
75,1.0,1,83536,62432
75,1.0,2,49848,52272
75,1.0,3,85904,66448
75,1.0,4,52328,53696
75,1.0,5,37616,51920
76,1.0,1,65024,60072
76,1.0,2,52056,47736
76,1.0,3,85056,55616
76,1.0,4,77064,59128
76,1.0,5,73664,60912
77,1.0,1,71304,66824
77,1.0,2,44872,56336
77,1.0,3,50760,54632
77,1.0,4,85640,55160
77,1.0,5,62728,61432
78,1.0,1,69424,55112
78,1.0,2,77032,71640
78,1.0,3,79040,56448
78,1.0,4,56368,60312
78,1.0,5,43304,49288
79,1.0,1,83656,64808
79,1.0,2,50880,55960
79,1.0,3,55400,52200
79,1.0,4,45856,49640
79,1.0,5,53216,57304
80,1.0,1,61512,59568
80,1.0,2,57032,58144
80,1.0,3,69880,68336
80,1.0,4,97664,65144
80,1.0,5,93792,69144
81,1.0,1,41464,55784
81,1.0,2,50856,56800
81,1.0,3,51576,63912
81,1.0,4,76112,62104
81,1.0,5,46256,54016
82,1.0,1,64880,57064
82,1.0,2,55832,54520
82,1.0,3,66544,64800
82,1.0,4,60568,62360
82,1.0,5,48080,60584
83,1.0,1,96104,67720
83,1.0,2,55144,57032
83,1.0,3,92672,63832
83,1.0,4,95232,66440
83,1.0,5,55152,65608
84,1.0,1,63032,64616
84,1.0,2,77760,60776
84,1.0,3,90736,69720
84,1.0,4,65624,68200
84,1.0,5,66072,64552
85,1.0,1,79000,61064
85,1.0,2,58216,66856
85,1.0,3,84744,68872
85,1.0,4,63864,71888
85,1.0,5,76216,59072
86,1.0,1,89536,65688
86,1.0,2,67088,62216
86,1.0,3,52088,57016
86,1.0,4,86912,65936
86,1.0,5,76128,66784
87,1.0,1,68320,66640
87,1.0,2,38680,59912
87,1.0,3,57520,66672
87,1.0,4,80872,70408
87,1.0,5,51840,66504
88,1.0,1,50936,60024
88,1.0,2,69496,66336
88,1.0,3,76312,70312
88,1.0,4,81144,69680
88,1.0,5,65752,56464
89,1.0,1,95032,76784
89,1.0,2,89176,63272
89,1.0,3,62824,67872
89,1.0,4,95656,71560
89,1.0,5,77376,72304
90,1.0,1,80776,63072
90,1.0,2,58008,66128
90,1.0,3,53936,60296
90,1.0,4,86256,79800
90,1.0,5,58344,64752
91,1.0,1,69648,61888
91,1.0,2,55472,69392
91,1.0,3,62440,66656
91,1.0,4,88568,76256
91,1.0,5,96192,73728
92,1.0,1,82384,63304
92,1.0,2,60512,73344
92,1.0,3,56688,60568
92,1.0,4,73696,70240
92,1.0,5,78864,64832
93,1.0,1,54672,61816
93,1.0,2,80880,73336
93,1.0,3,61336,60136
93,1.0,4,63008,70920
93,1.0,5,64016,64672
94,1.0,1,59816,66456
94,1.0,2,106112,78496
94,1.0,3,73040,69824
94,1.0,4,83008,65232
94,1.0,5,70048,79360
95,1.0,1,80496,74144
95,1.0,2,90776,71480
95,1.0,3,45688,59080
95,1.0,4,76912,66792
95,1.0,5,95360,77744
96,1.0,1,77536,68976
96,1.0,2,70720,65256
96,1.0,3,97712,70992
96,1.0,4,72968,70000
96,1.0,5,70304,70096
97,1.0,1,98904,74200
97,1.0,2,55016,70128
97,1.0,3,85576,81056
97,1.0,4,94616,80608
97,1.0,5,69592,67728
98,1.0,1,64552,70224
98,1.0,2,78616,71088
98,1.0,3,72736,72800
98,1.0,4,84568,72904
98,1.0,5,111280,74144
99,1.0,1,81600,66952
99,1.0,2,90328,81808
99,1.0,3,73544,72936
99,1.0,4,91760,77768
99,1.0,5,90152,66024
100,1.0,1,65896,70248
100,1.0,2,100832,74912
100,1.0,3,56192,69976
100,1.0,4,100808,83688
100,1.0,5,77552,73160
