N,P,X,Filesize,Cachesize
1,0.0,1,12288,16
1,0.0,2,12288,16
1,0.0,3,12288,16
1,0.0,4,12288,16
1,0.0,5,12288,16
2,0.0,1,12288,3864
2,0.0,2,12288,3640
2,0.0,3,12288,9312
2,0.0,4,12288,3920
2,0.0,5,12288,5640
3,0.0,1,12288,5512
3,0.0,2,12288,5368
3,0.0,3,12288,6344
3,0.0,4,12288,4216
3,0.0,5,12288,5720
4,0.0,1,12288,6960
4,0.0,2,12288,5328
4,0.0,3,12288,8096
4,0.0,4,12288,4752
4,0.0,5,12288,5640
5,0.0,1,12288,6472
5,0.0,2,12288,6640
5,0.0,3,12288,7720
5,0.0,4,12288,6064
5,0.0,5,12288,7456
6,0.0,1,12288,9920
6,0.0,2,12288,6832
6,0.0,3,12288,4664
6,0.0,4,12288,6288
6,0.0,5,12288,9936
7,0.0,1,12288,7576
7,0.0,2,12288,9936
7,0.0,3,12288,11320
7,0.0,4,12288,7776
7,0.0,5,12288,8920
8,0.0,1,12288,8240
8,0.0,2,12288,9064
8,0.0,3,12288,10264
8,0.0,4,12288,7400
8,0.0,5,12288,11056
9,0.0,1,12288,9920
9,0.0,2,12288,11368
9,0.0,3,12288,11032
9,0.0,4,12288,9920
9,0.0,5,12288,10936
10,0.0,1,12288,12784
10,0.0,2,12288,11856
10,0.0,3,12288,14480
10,0.0,4,12288,8672
10,0.0,5,12288,8480
11,0.0,1,12288,12640
11,0.0,2,12288,14848
11,0.0,3,12288,10752
11,0.0,4,12288,10944
11,0.0,5,12288,9376
12,0.0,1,12288,12960
12,0.0,2,12288,9240
12,0.0,3,12288,11952
12,0.0,4,12288,10280
12,0.0,5,12288,17720
13,0.0,1,12288,11464
13,0.0,2,12288,12560
13,0.0,3,12288,12656
13,0.0,4,12288,10976
13,0.0,5,12288,11304
14,0.0,1,12288,14376
14,0.0,2,12288,10528
14,0.0,3,12288,13584
14,0.0,4,12288,14784
14,0.0,5,12288,10320
15,0.0,1,12288,11896
15,0.0,2,12288,13216
15,0.0,3,12288,9896
15,0.0,4,12288,13320
15,0.0,5,12288,13992
16,0.0,1,12288,9136
16,0.0,2,12288,15464
16,0.0,3,12288,11768
16,0.0,4,12288,14408
16,0.0,5,12288,11184
17,0.0,1,12288,15744
17,0.0,2,12288,11688
17,0.0,3,12288,12744
17,0.0,4,12288,9728
17,0.0,5,12288,10744
18,0.0,1,12288,12856
18,0.0,2,12288,10792
18,0.0,3,12288,15192
18,0.0,4,12288,11568
18,0.0,5,12288,15432
19,0.0,1,12288,12336
19,0.0,2,12288,10016
19,0.0,3,12288,14512
19,0.0,4,12288,14944
19,0.0,5,12288,9064
20,0.0,1,12288,15016
20,0.0,2,12288,10448
20,0.0,3,12288,16904
20,0.0,4,12288,13112
20,0.0,5,12288,12792
21,0.0,1,12288,12256
21,0.0,2,12288,17472
21,0.0,3,12288,12960
21,0.0,4,12288,14976
21,0.0,5,12288,14744
22,0.0,1,12288,14904
22,0.0,2,12288,14384
22,0.0,3,12288,17408
22,0.0,4,12288,16088
22,0.0,5,12288,14600
23,0.0,1,12288,11976
23,0.0,2,12288,11816
23,0.0,3,12288,13984
23,0.0,4,12288,12216
23,0.0,5,12288,12360
24,0.0,1,12288,12008
24,0.0,2,12288,15040
24,0.0,3,20480,20808
24,0.0,4,12288,15600
24,0.0,5,20480,16544
25,0.0,1,20480,15784
25,0.0,2,20480,16816
25,0.0,3,20480,20552
25,0.0,4,12288,14304
25,0.0,5,12288,15440
26,0.0,1,12288,12496
26,0.0,2,12288,10928
26,0.0,3,12288,16384
26,0.0,4,12288,14792
26,0.0,5,12288,11600
27,0.0,1,20480,15520
27,0.0,2,12288,13816
27,0.0,3,20480,17856
27,0.0,4,20480,16856
27,0.0,5,20480,14024
28,0.0,1,20480,17688
28,0.0,2,20480,16480
28,0.0,3,12288,12936
28,0.0,4,12288,14320
28,0.0,5,20480,12936
29,0.0,1,20480,12592
29,0.0,2,20480,16648
29,0.0,3,20480,12992
29,0.0,4,20480,19696
29,0.0,5,20480,14720
30,0.0,1,12288,12928
30,0.0,2,20480,18176
30,0.0,3,12288,12792
30,0.0,4,20480,17856
30,0.0,5,20480,14384
31,0.0,1,20480,13456
31,0.0,2,20480,13616
31,0.0,3,20480,21896
31,0.0,4,12288,11952
31,0.0,5,12288,13576
32,0.0,1,20480,17680
32,0.0,2,20480,14824
32,0.0,3,20480,17408
32,0.0,4,20480,15592
32,0.0,5,20480,14568
33,0.0,1,20480,18472
33,0.0,2,20480,14360
33,0.0,3,20480,22792
33,0.0,4,12288,14760
33,0.0,5,24576,24048
34,0.0,1,12288,14312
34,0.0,2,20480,17712
34,0.0,3,20480,16064
34,0.0,4,20480,15896
34,0.0,5,20480,15384
35,0.0,1,20480,19456
35,0.0,2,20480,12576
35,0.0,3,20480,17000
35,0.0,4,20480,12504
35,0.0,5,20480,14104
36,0.0,1,20480,15176
36,0.0,2,20480,17824
36,0.0,3,20480,18280
36,0.0,4,20480,17800
36,0.0,5,20480,19616
37,0.0,1,20480,18984
37,0.0,2,20480,12200
37,0.0,3,12288,10128
37,0.0,4,20480,15344
37,0.0,5,20480,14816
38,0.0,1,20480,16328
38,0.0,2,20480,18304
38,0.0,3,20480,18120
38,0.0,4,20480,15136
38,0.0,5,20480,14384
39,0.0,1,20480,21520
39,0.0,2,20480,19768
39,0.0,3,20480,15688
39,0.0,4,20480,14344
39,0.0,5,20480,15912
40,0.0,1,20480,20704
40,0.0,2,20480,16240
40,0.0,3,20480,15704
40,0.0,4,20480,20416
40,0.0,5,20480,15944
41,0.0,1,20480,18696
41,0.0,2,24576,18616
41,0.0,3,20480,19856
41,0.0,4,20480,15848
41,0.0,5,20480,20232
42,0.0,1,20480,15824
42,0.0,2,20480,18272
42,0.0,3,20480,17360
42,0.0,4,20480,13656
42,0.0,5,20480,16688
43,0.0,1,20480,17064
43,0.0,2,20480,13896
43,0.0,3,20480,17608
43,0.0,4,24576,22472
43,0.0,5,20480,14744
44,0.0,1,20480,19712
44,0.0,2,24576,22704
44,0.0,3,20480,13888
44,0.0,4,20480,15008
44,0.0,5,20480,19640
45,0.0,1,24576,19936
45,0.0,2,20480,17024
45,0.0,3,20480,15352
45,0.0,4,20480,18408
45,0.0,5,20480,17384
46,0.0,1,20480,12616
46,0.0,2,24576,20168
46,0.0,3,24576,20280
46,0.0,4,20480,15424
46,0.0,5,20480,15952
47,0.0,1,20480,18032
47,0.0,2,20480,14208
47,0.0,3,24576,25208
47,0.0,4,24576,21512
47,0.0,5,24576,19400
48,0.0,1,24576,19760
48,0.0,2,24576,19720
48,0.0,3,24576,20048
48,0.0,4,20480,19168
48,0.0,5,20480,17704
49,0.0,1,20480,16608
49,0.0,2,20480,14280
49,0.0,3,20480,13744
49,0.0,4,24576,18944
49,0.0,5,20480,14480
50,0.0,1,24576,26376
50,0.0,2,24576,19360
50,0.0,3,24576,20256
50,0.0,4,20480,14688
50,0.0,5,24576,17408
51,0.0,1,24576,25416
51,0.0,2,24576,19888
51,0.0,3,20480,12312
51,0.0,4,24576,21544
51,0.0,5,24576,19120
52,0.0,1,20480,19440
52,0.0,2,24576,17848
52,0.0,3,20480,19088
52,0.0,4,24576,21928
52,0.0,5,24576,25800
53,0.0,1,24576,24352
53,0.0,2,20480,17120
53,0.0,3,20480,15664
53,0.0,4,24576,21008
53,0.0,5,20480,18024
54,0.0,1,24576,24624
54,0.0,2,20480,17064
54,0.0,3,24576,18224
54,0.0,4,24576,20408
54,0.0,5,24576,23688
55,0.0,1,20480,15640
55,0.0,2,24576,19160
55,0.0,3,24576,23008
55,0.0,4,24576,21896
55,0.0,5,20480,18360
56,0.0,1,28672,22760
56,0.0,2,24576,19568
56,0.0,3,24576,22816
56,0.0,4,24576,19232
56,0.0,5,24576,26120
57,0.0,1,24576,21512
57,0.0,2,24576,23624
57,0.0,3,24576,19912
57,0.0,4,24576,20128
57,0.0,5,24576,26280
58,0.0,1,24576,15472
58,0.0,2,24576,24448
58,0.0,3,24576,20304
58,0.0,4,24576,19496
58,0.0,5,20480,13528
59,0.0,1,24576,19608
59,0.0,2,24576,24840
59,0.0,3,24576,20256
59,0.0,4,20480,15952
59,0.0,5,20480,18304
60,0.0,1,24576,22832
60,0.0,2,24576,20864
60,0.0,3,24576,19688
60,0.0,4,28672,21400
60,0.0,5,20480,15472
61,0.0,1,24576,22080
61,0.0,2,28672,25648
61,0.0,3,24576,25848
61,0.0,4,24576,19424
61,0.0,5,24576,18352
62,0.0,1,24576,19920
62,0.0,2,24576,15792
62,0.0,3,24576,16816
62,0.0,4,24576,21080
62,0.0,5,24576,24120
63,0.0,1,24576,25224
63,0.0,2,24576,29320
63,0.0,3,28672,26912
63,0.0,4,24576,17760
63,0.0,5,24576,23768
64,0.0,1,24576,19720
64,0.0,2,20480,15520
64,0.0,3,24576,18464
64,0.0,4,24576,23648
64,0.0,5,24576,21024
65,0.0,1,28672,28528
65,0.0,2,28672,20512
65,0.0,3,24576,17176
65,0.0,4,24576,18472
65,0.0,5,24576,21536
66,0.0,1,24576,19504
66,0.0,2,24576,20656
66,0.0,3,24576,20680
66,0.0,4,28672,22336
66,0.0,5,28672,29152
67,0.0,1,28672,21144
67,0.0,2,28672,27800
67,0.0,3,28672,22976
67,0.0,4,24576,18928
67,0.0,5,28672,26768
68,0.0,1,24576,19464
68,0.0,2,24576,22032
68,0.0,3,24576,22624
68,0.0,4,28672,26728
68,0.0,5,28672,21512
69,0.0,1,24576,21368
69,0.0,2,24576,17368
69,0.0,3,28672,26800
69,0.0,4,28672,26400
69,0.0,5,24576,16552
70,0.0,1,24576,20704
70,0.0,2,24576,21792
70,0.0,3,24576,19072
70,0.0,4,24576,22304
70,0.0,5,24576,20344
71,0.0,1,28672,26088
71,0.0,2,24576,17000
71,0.0,3,28672,24120
71,0.0,4,28672,26120
71,0.0,5,28672,23224
72,0.0,1,24576,20688
72,0.0,2,24576,19416
72,0.0,3,24576,20560
72,0.0,4,28672,25008
72,0.0,5,24576,19992
73,0.0,1,28672,20016
73,0.0,2,28672,23136
73,0.0,3,24576,20328
73,0.0,4,28672,22416
73,0.0,5,28672,27152
74,0.0,1,28672,19912
74,0.0,2,28672,20432
74,0.0,3,24576,24672
74,0.0,4,28672,31384
74,0.0,5,28672,18968
75,0.0,1,24576,25592
75,0.0,2,24576,24632
75,0.0,3,24576,22360
75,0.0,4,32768,33648
75,0.0,5,28672,25408
76,0.0,1,24576,19576
76,0.0,2,24576,16856
76,0.0,3,28672,24952
76,0.0,4,24576,27704
76,0.0,5,28672,20760
77,0.0,1,24576,20584
77,0.0,2,32768,23912
77,0.0,3,28672,23328
77,0.0,4,28672,29256
77,0.0,5,28672,18968
78,0.0,1,24576,21064
78,0.0,2,32768,30488
78,0.0,3,28672,25424
78,0.0,4,28672,20976
78,0.0,5,28672,26352
79,0.0,1,32768,23536
79,0.0,2,28672,20704
79,0.0,3,28672,23496
79,0.0,4,28672,20552
79,0.0,5,28672,21480
80,0.0,1,28672,25928
80,0.0,2,28672,25568
80,0.0,3,32768,25520
80,0.0,4,28672,29032
80,0.0,5,28672,20688
81,0.0,1,32768,26024
81,0.0,2,28672,31936
81,0.0,3,28672,24768
81,0.0,4,28672,23368
81,0.0,5,28672,22552
82,0.0,1,32768,26968
82,0.0,2,28672,25784
82,0.0,3,24576,20016
82,0.0,4,28672,21080
82,0.0,5,24576,21664
83,0.0,1,28672,23144
83,0.0,2,28672,28472
83,0.0,3,32768,28016
83,0.0,4,28672,25440
83,0.0,5,24576,21032
84,0.0,1,28672,26192
84,0.0,2,28672,20080
84,0.0,3,32768,25304
84,0.0,4,28672,21696
84,0.0,5,32768,25568
85,0.0,1,32768,28984
85,0.0,2,24576,24136
85,0.0,3,28672,26568
85,0.0,4,28672,29712
85,0.0,5,24576,20856
86,0.0,1,28672,27336
86,0.0,2,28672,24328
86,0.0,3,28672,25336
86,0.0,4,28672,29760
86,0.0,5,28672,24032
87,0.0,1,28672,25424
87,0.0,2,28672,26800
87,0.0,3,28672,22912
87,0.0,4,28672,28576
87,0.0,5,28672,23256
88,0.0,1,32768,28584
88,0.0,2,28672,21568
88,0.0,3,36864,32464
88,0.0,4,28672,21920
88,0.0,5,28672,21112
89,0.0,1,28672,19488
89,0.0,2,28672,23504
89,0.0,3,32768,25672
89,0.0,4,32768,31056
89,0.0,5,28672,24824
90,0.0,1,28672,24192
90,0.0,2,28672,21536
90,0.0,3,28672,22176
90,0.0,4,28672,21512
90,0.0,5,28672,20728
91,0.0,1,32768,28096
91,0.0,2,32768,26808
91,0.0,3,28672,24368
91,0.0,4,28672,25864
91,0.0,5,32768,30568
92,0.0,1,28672,22104
92,0.0,2,28672,25656
92,0.0,3,28672,20960
92,0.0,4,32768,30112
92,0.0,5,32768,23136
93,0.0,1,28672,26464
93,0.0,2,32768,30064
93,0.0,3,32768,22136
93,0.0,4,32768,25000
93,0.0,5,28672,23096
94,0.0,1,32768,24560
94,0.0,2,28672,20160
94,0.0,3,32768,23712
94,0.0,4,36864,35280
94,0.0,5,32768,26024
95,0.0,1,28672,27296
95,0.0,2,28672,27192
95,0.0,3,32768,27144
95,0.0,4,36864,29432
95,0.0,5,28672,27272
96,0.0,1,32768,31480
96,0.0,2,32768,34232
96,0.0,3,32768,25608
96,0.0,4,28672,28144
96,0.0,5,28672,25288
97,0.0,1,32768,27832
97,0.0,2,32768,27384
97,0.0,3,32768,21968
97,0.0,4,45056,44768
97,0.0,5,32768,20160
98,0.0,1,28672,24512
98,0.0,2,32768,22360
98,0.0,3,28672,20488
98,0.0,4,36864,29536
98,0.0,5,32768,22320
99,0.0,1,32768,25688
99,0.0,2,32768,23312
99,0.0,3,28672,20288
99,0.0,4,32768,31920
99,0.0,5,32768,31720
100,0.0,1,32768,29576
100,0.0,2,28672,25112
100,0.0,3,32768,27800
100,0.0,4,32768,24624
100,0.0,5,32768,22056
1,0.1,1,12288,16
1,0.1,2,12288,16
1,0.1,3,12288,16
1,0.1,4,12288,16
1,0.1,5,12288,16
2,0.1,1,12288,3960
2,0.1,2,12288,3864
2,0.1,3,12288,3640
2,0.1,4,12288,5184
2,0.1,5,12288,5800
3,0.1,1,12288,4928
3,0.1,2,12288,3936
3,0.1,3,12288,5256
3,0.1,4,12288,4720
3,0.1,5,12288,5632
4,0.1,1,12288,8064
4,0.1,2,12288,6504
4,0.1,3,12288,7448
4,0.1,4,12288,7376
4,0.1,5,12288,6320
5,0.1,1,12288,5928
5,0.1,2,12288,6488
5,0.1,3,12288,8680
5,0.1,4,12288,8576
5,0.1,5,12288,5912
6,0.1,1,12288,9032
6,0.1,2,12288,11944
6,0.1,3,12288,8704
6,0.1,4,12288,6640
6,0.1,5,12288,8080
7,0.1,1,12288,7736
7,0.1,2,12288,12256
7,0.1,3,12288,9792
7,0.1,4,12288,10344
7,0.1,5,12288,9648
8,0.1,1,12288,8072
8,0.1,2,12288,7408
8,0.1,3,12288,9320
8,0.1,4,12288,10056
8,0.1,5,12288,10944
9,0.1,1,12288,10680
9,0.1,2,12288,7800
9,0.1,3,12288,11920
9,0.1,4,12288,11088
9,0.1,5,12288,14720
10,0.1,1,12288,9784
10,0.1,2,12288,13616
10,0.1,3,12288,10760
10,0.1,4,12288,14368
10,0.1,5,12288,14648
11,0.1,1,12288,14912
11,0.1,2,12288,14808
11,0.1,3,12288,12832
11,0.1,4,12288,11800
11,0.1,5,12288,10224
12,0.1,1,12288,10656
12,0.1,2,12288,14304
12,0.1,3,12288,11640
12,0.1,4,12288,16808
12,0.1,5,12288,12136
13,0.1,1,12288,10584
13,0.1,2,12288,12480
13,0.1,3,12288,13120
13,0.1,4,12288,9232
13,0.1,5,12288,13680
14,0.1,1,12288,19216
14,0.1,2,12288,8984
14,0.1,3,12288,10784
14,0.1,4,12288,10808
14,0.1,5,12288,14056
15,0.1,1,12288,14672
15,0.1,2,12288,11472
15,0.1,3,12288,11296
15,0.1,4,12288,9640
15,0.1,5,12288,14888
16,0.1,1,12288,10088
16,0.1,2,12288,10640
16,0.1,3,12288,16008
16,0.1,4,12288,12576
16,0.1,5,12288,12512
17,0.1,1,12288,9888
17,0.1,2,12288,14576
17,0.1,3,12288,13952
17,0.1,4,12288,10816
17,0.1,5,12288,12424
18,0.1,1,12288,16968
18,0.1,2,12288,16296
18,0.1,3,12288,11456
18,0.1,4,12288,15472
18,0.1,5,12288,18584
19,0.1,1,12288,26840
19,0.1,2,12288,14784
19,0.1,3,12288,16856
19,0.1,4,12288,22160
19,0.1,5,12288,12000
20,0.1,1,12288,23336
20,0.1,2,12288,24672
20,0.1,3,12288,12120
20,0.1,4,12288,20160
20,0.1,5,12288,20648
21,0.1,1,12288,13032
21,0.1,2,12288,18432
21,0.1,3,12288,21192
21,0.1,4,12288,17208
21,0.1,5,12288,13664
22,0.1,1,12288,11904
22,0.1,2,20480,17568
22,0.1,3,12288,15040
22,0.1,4,12288,22656
22,0.1,5,12288,13440
23,0.1,1,12288,10840
23,0.1,2,12288,13712
23,0.1,3,12288,16160
23,0.1,4,12288,13720
23,0.1,5,12288,28752
24,0.1,1,12288,20920
24,0.1,2,12288,19504
24,0.1,3,20480,19032
24,0.1,4,12288,10200
24,0.1,5,12288,13864
25,0.1,1,12288,14712
25,0.1,2,20480,26232
25,0.1,3,20480,18152
25,0.1,4,12288,17824
25,0.1,5,12288,23640
26,0.1,1,20480,16648
26,0.1,2,20480,15984
26,0.1,3,20480,14152
26,0.1,4,12288,16760
26,0.1,5,12288,29088
27,0.1,1,12288,15856
27,0.1,2,20480,13928
27,0.1,3,20480,14880
27,0.1,4,20480,18024
27,0.1,5,20480,32152
28,0.1,1,20480,22384
28,0.1,2,12288,18816
28,0.1,3,20480,15536
28,0.1,4,12288,19256
28,0.1,5,12288,16616
29,0.1,1,12288,30696
29,0.1,2,12288,11856
29,0.1,3,20480,17696
29,0.1,4,12288,11672
29,0.1,5,20480,15816
30,0.1,1,12288,14328
30,0.1,2,12288,15416
30,0.1,3,12288,10464
30,0.1,4,20480,26272
30,0.1,5,12288,22968
31,0.1,1,20480,21688
31,0.1,2,12288,31256
31,0.1,3,20480,16024
31,0.1,4,12288,14168
31,0.1,5,12288,11920
32,0.1,1,20480,18824
32,0.1,2,20480,17616
32,0.1,3,20480,21496
32,0.1,4,20480,24896
32,0.1,5,20480,17216
33,0.1,1,20480,31128
33,0.1,2,20480,11864
33,0.1,3,20480,22168
33,0.1,4,20480,17024
33,0.1,5,20480,13192
34,0.1,1,20480,23064
34,0.1,2,20480,19536
34,0.1,3,20480,28272
34,0.1,4,20480,19248
34,0.1,5,20480,24240
35,0.1,1,20480,20552
35,0.1,2,20480,19256
35,0.1,3,20480,21872
35,0.1,4,20480,29712
35,0.1,5,20480,14800
36,0.1,1,20480,75256
36,0.1,2,20480,18824
36,0.1,3,20480,23312
36,0.1,4,20480,30360
36,0.1,5,20480,22120
37,0.1,1,20480,21192
37,0.1,2,20480,14312
37,0.1,3,20480,13904
37,0.1,4,20480,20744
37,0.1,5,20480,15624
38,0.1,1,20480,21728
38,0.1,2,20480,13528
38,0.1,3,20480,17080
38,0.1,4,24576,19728
38,0.1,5,20480,20856
39,0.1,1,20480,17400
39,0.1,2,20480,19752
39,0.1,3,20480,17456
39,0.1,4,20480,18680
39,0.1,5,20480,28088
40,0.1,1,20480,50808
40,0.1,2,20480,19088
40,0.1,3,20480,19776
40,0.1,4,20480,30072
40,0.1,5,24576,51216
41,0.1,1,20480,18624
41,0.1,2,20480,33352
41,0.1,3,20480,13976
41,0.1,4,24576,36912
41,0.1,5,20480,15800
42,0.1,1,20480,19760
42,0.1,2,20480,42640
42,0.1,3,20480,49736
42,0.1,4,20480,20576
42,0.1,5,20480,49240
43,0.1,1,20480,17888
43,0.1,2,20480,43096
43,0.1,3,20480,15240
43,0.1,4,20480,12064
43,0.1,5,20480,23736
44,0.1,1,20480,30424
44,0.1,2,20480,39904
44,0.1,3,24576,35264
44,0.1,4,20480,17088
44,0.1,5,24576,38984
45,0.1,1,20480,14552
45,0.1,2,24576,22824
45,0.1,3,20480,30648
45,0.1,4,20480,16592
45,0.1,5,20480,16128
46,0.1,1,20480,16376
46,0.1,2,20480,16776
46,0.1,3,20480,13632
46,0.1,4,24576,20888
46,0.1,5,20480,18976
47,0.1,1,24576,48656
47,0.1,2,20480,38656
47,0.1,3,24576,22896
47,0.1,4,20480,20688
47,0.1,5,20480,28560
48,0.1,1,20480,36608
48,0.1,2,20480,47704
48,0.1,3,24576,65120
48,0.1,4,20480,15624
48,0.1,5,20480,16712
49,0.1,1,20480,14456
49,0.1,2,20480,14424
49,0.1,3,20480,24576
49,0.1,4,20480,35720
49,0.1,5,24576,22704
50,0.1,1,20480,44240
50,0.1,2,20480,41904
50,0.1,3,24576,33848
50,0.1,4,20480,18640
50,0.1,5,24576,21512
51,0.1,1,24576,77840
51,0.1,2,20480,43672
51,0.1,3,24576,22440
51,0.1,4,20480,19848
51,0.1,5,20480,28880
52,0.1,1,20480,18248
52,0.1,2,20480,17480
52,0.1,3,24576,21016
52,0.1,4,24576,17888
52,0.1,5,24576,32632
53,0.1,1,24576,21280
53,0.1,2,24576,22352
53,0.1,3,24576,28744
53,0.1,4,24576,19280
53,0.1,5,24576,15384
54,0.1,1,24576,55760
54,0.1,2,24576,20136
54,0.1,3,24576,29120
54,0.1,4,24576,26088
54,0.1,5,24576,65144
55,0.1,1,20480,15472
55,0.1,2,24576,40504
55,0.1,3,28672,25392
55,0.1,4,20480,19168
55,0.1,5,20480,19216
56,0.1,1,20480,17272
56,0.1,2,24576,24072
56,0.1,3,28672,120520
56,0.1,4,24576,27072
56,0.1,5,20480,16376
57,0.1,1,24576,56904
57,0.1,2,24576,20968
57,0.1,3,24576,20080
57,0.1,4,24576,25672
57,0.1,5,20480,46992
58,0.1,1,20480,17168
58,0.1,2,24576,36264
58,0.1,3,24576,61912
58,0.1,4,24576,37576
58,0.1,5,24576,33136
59,0.1,1,24576,76576
59,0.1,2,24576,14000
59,0.1,3,24576,42080
59,0.1,4,24576,19552
59,0.1,5,20480,23976
60,0.1,1,20480,14976
60,0.1,2,24576,20200
60,0.1,3,24576,27840
60,0.1,4,20480,41192
60,0.1,5,24576,24104
61,0.1,1,24576,27392
61,0.1,2,24576,21832
61,0.1,3,24576,25056
61,0.1,4,20480,38112
61,0.1,5,24576,19752
62,0.1,1,24576,22624
62,0.1,2,28672,72512
62,0.1,3,28672,28248
62,0.1,4,28672,35208
62,0.1,5,24576,48984
63,0.1,1,24576,20944
63,0.1,2,24576,45952
63,0.1,3,24576,25208
63,0.1,4,24576,44304
63,0.1,5,24576,21944
64,0.1,1,24576,25408
64,0.1,2,24576,113960
64,0.1,3,24576,22504
64,0.1,4,28672,29312
64,0.1,5,24576,41360
65,0.1,1,28672,51832
65,0.1,2,24576,22472
65,0.1,3,24576,52808
65,0.1,4,28672,24080
65,0.1,5,24576,22520
66,0.1,1,28672,24864
66,0.1,2,24576,32760
66,0.1,3,24576,24728
66,0.1,4,24576,22952
66,0.1,5,24576,22152
67,0.1,1,24576,74880
67,0.1,2,24576,29800
67,0.1,3,24576,29096
67,0.1,4,24576,76576
67,0.1,5,24576,28792
68,0.1,1,24576,38424
68,0.1,2,28672,24168
68,0.1,3,24576,59240
68,0.1,4,24576,46824
68,0.1,5,24576,17408
69,0.1,1,24576,56536
69,0.1,2,24576,25736
69,0.1,3,28672,33832
69,0.1,4,24576,30200
69,0.1,5,24576,24064
70,0.1,1,24576,20400
70,0.1,2,24576,24608
70,0.1,3,24576,31784
70,0.1,4,24576,58696
70,0.1,5,24576,24064
71,0.1,1,24576,54600
71,0.1,2,28672,28984
71,0.1,3,24576,24568
71,0.1,4,24576,65568
71,0.1,5,28672,29136
72,0.1,1,24576,15992
72,0.1,2,24576,62528
72,0.1,3,24576,21984
72,0.1,4,24576,34736
72,0.1,5,28672,38648
73,0.1,1,24576,18640
73,0.1,2,24576,21880
73,0.1,3,28672,23104
73,0.1,4,28672,23056
73,0.1,5,24576,39720
74,0.1,1,24576,48888
74,0.1,2,24576,80544
74,0.1,3,24576,56408
74,0.1,4,32768,61776
74,0.1,5,24576,27512
75,0.1,1,24576,22088
75,0.1,2,28672,25600
75,0.1,3,28672,31552
75,0.1,4,28672,31608
75,0.1,5,32768,28784
76,0.1,1,28672,44800
76,0.1,2,28672,25704
76,0.1,3,28672,28960
76,0.1,4,24576,24864
76,0.1,5,28672,24176
77,0.1,1,32768,42352
77,0.1,2,28672,20040
77,0.1,3,32768,94000
77,0.1,4,28672,42400
77,0.1,5,32768,92104
78,0.1,1,32768,73464
78,0.1,2,24576,51896
78,0.1,3,24576,16168
78,0.1,4,24576,46496
78,0.1,5,32768,29584
79,0.1,1,28672,27696
79,0.1,2,28672,25584
79,0.1,3,28672,30768
79,0.1,4,28672,34416
79,0.1,5,24576,27064
80,0.1,1,28672,78024
80,0.1,2,28672,58368
80,0.1,3,24576,21856
80,0.1,4,24576,22872
80,0.1,5,24576,49632
81,0.1,1,28672,22504
81,0.1,2,28672,27616
81,0.1,3,24576,28656
81,0.1,4,28672,27360
81,0.1,5,24576,31672
82,0.1,1,24576,25088
82,0.1,2,28672,53448
82,0.1,3,28672,21368
82,0.1,4,28672,88224
82,0.1,5,28672,29888
83,0.1,1,28672,27720
83,0.1,2,24576,23120
83,0.1,3,32768,23840
83,0.1,4,28672,72616
83,0.1,5,28672,21400
84,0.1,1,28672,28456
84,0.1,2,28672,22736
84,0.1,3,32768,26504
84,0.1,4,28672,69056
84,0.1,5,28672,20408
85,0.1,1,28672,27952
85,0.1,2,28672,26152
85,0.1,3,28672,25128
85,0.1,4,28672,89112
85,0.1,5,28672,38592
86,0.1,1,28672,69128
86,0.1,2,32768,97600
86,0.1,3,28672,22568
86,0.1,4,28672,26248
86,0.1,5,28672,32112
87,0.1,1,32768,24408
87,0.1,2,32768,28920
87,0.1,3,28672,43672
87,0.1,4,28672,68072
87,0.1,5,28672,31264
88,0.1,1,28672,24992
88,0.1,2,28672,25424
88,0.1,3,28672,27552
88,0.1,4,32768,41560
88,0.1,5,24576,28504
89,0.1,1,32768,23512
89,0.1,2,28672,20784
89,0.1,3,28672,31192
89,0.1,4,32768,67552
89,0.1,5,32768,25080
90,0.1,1,32768,28048
90,0.1,2,32768,62064
90,0.1,3,24576,65968
90,0.1,4,28672,30344
90,0.1,5,28672,26264
91,0.1,1,32768,144704
91,0.1,2,32768,34704
91,0.1,3,32768,53080
91,0.1,4,32768,34128
91,0.1,5,28672,26192
92,0.1,1,36864,33592
92,0.1,2,28672,22968
92,0.1,3,36864,29488
92,0.1,4,32768,97544
92,0.1,5,28672,26400
93,0.1,1,32768,48952
93,0.1,2,32768,77528
93,0.1,3,36864,50528
93,0.1,4,28672,22880
93,0.1,5,28672,23736
94,0.1,1,28672,87128
94,0.1,2,28672,51648
94,0.1,3,24576,19896
94,0.1,4,32768,33784
94,0.1,5,32768,39056
95,0.1,1,28672,55504
95,0.1,2,28672,50096
95,0.1,3,32768,44040
95,0.1,4,32768,53288
95,0.1,5,28672,27264
96,0.1,1,28672,26400
96,0.1,2,28672,65984
96,0.1,3,32768,30520
96,0.1,4,28672,35320
96,0.1,5,28672,140576
97,0.1,1,32768,39512
97,0.1,2,32768,111416
97,0.1,3,32768,58864
97,0.1,4,32768,35120
97,0.1,5,28672,31048
98,0.1,1,32768,59312
98,0.1,2,32768,100912
98,0.1,3,32768,24992
98,0.1,4,32768,72272
98,0.1,5,28672,25648
99,0.1,1,32768,52824
99,0.1,2,36864,39440
99,0.1,3,32768,34552
99,0.1,4,28672,23656
99,0.1,5,32768,112424
100,0.1,1,32768,48000
100,0.1,2,36864,68032
100,0.1,3,28672,26112
100,0.1,4,32768,86352
100,0.1,5,28672,26408
1,0.2,1,12288,16
1,0.2,2,12288,16
1,0.2,3,12288,16
1,0.2,4,12288,16
1,0.2,5,12288,16
2,0.2,1,12288,3640
2,0.2,2,12288,3880
2,0.2,3,12288,4720
2,0.2,4,12288,3864
2,0.2,5,12288,4328
3,0.2,1,12288,3856
3,0.2,2,12288,4912
3,0.2,3,12288,4520
3,0.2,4,12288,4984
3,0.2,5,12288,4280
4,0.2,1,12288,4464
4,0.2,2,12288,6224
4,0.2,3,12288,6704
4,0.2,4,12288,8208
4,0.2,5,12288,5512
5,0.2,1,12288,8272
5,0.2,2,12288,10432
5,0.2,3,12288,7152
5,0.2,4,12288,7160
5,0.2,5,12288,7536
6,0.2,1,12288,7928
6,0.2,2,12288,8240
6,0.2,3,12288,9160
6,0.2,4,12288,10392
6,0.2,5,12288,8768
7,0.2,1,12288,13992
7,0.2,2,12288,9144
7,0.2,3,12288,8792
7,0.2,4,12288,8304
7,0.2,5,12288,9168
8,0.2,1,12288,11304
8,0.2,2,12288,8088
8,0.2,3,12288,8152
8,0.2,4,12288,7680
8,0.2,5,12288,12136
9,0.2,1,12288,10104
9,0.2,2,12288,13656
9,0.2,3,12288,12688
9,0.2,4,12288,9400
9,0.2,5,12288,9976
10,0.2,1,12288,13728
10,0.2,2,12288,13832
10,0.2,3,12288,10856
10,0.2,4,12288,13664
10,0.2,5,12288,11760
11,0.2,1,12288,8280
11,0.2,2,12288,11496
11,0.2,3,12288,9632
11,0.2,4,12288,11152
11,0.2,5,12288,10872
12,0.2,1,12288,12240
12,0.2,2,12288,14496
12,0.2,3,12288,12024
12,0.2,4,12288,13872
12,0.2,5,12288,7728
13,0.2,1,12288,9176
13,0.2,2,12288,17344
13,0.2,3,12288,15760
13,0.2,4,12288,9512
13,0.2,5,12288,8600
14,0.2,1,12288,13592
14,0.2,2,12288,12120
14,0.2,3,12288,17288
14,0.2,4,12288,11888
14,0.2,5,12288,14616
15,0.2,1,12288,11872
15,0.2,2,12288,17520
15,0.2,3,12288,12952
15,0.2,4,12288,12256
15,0.2,5,12288,23104
16,0.2,1,12288,13880
16,0.2,2,12288,13104
16,0.2,3,12288,27912
16,0.2,4,12288,13320
16,0.2,5,12288,11272
17,0.2,1,12288,17376
17,0.2,2,12288,12016
17,0.2,3,12288,23816
17,0.2,4,12288,12816
17,0.2,5,12288,11816
18,0.2,1,12288,42216
18,0.2,2,12288,11616
18,0.2,3,20480,33712
18,0.2,4,20480,20928
18,0.2,5,12288,18280
19,0.2,1,12288,12824
19,0.2,2,12288,14752
19,0.2,3,12288,19992
19,0.2,4,12288,11072
19,0.2,5,12288,10352
20,0.2,1,12288,14344
20,0.2,2,12288,16800
20,0.2,3,12288,12760
20,0.2,4,12288,32592
20,0.2,5,12288,12464
21,0.2,1,12288,24632
21,0.2,2,12288,28448
21,0.2,3,12288,13824
21,0.2,4,12288,12880
21,0.2,5,12288,16984
22,0.2,1,12288,10176
22,0.2,2,20480,20992
22,0.2,3,12288,13088
22,0.2,4,12288,19224
22,0.2,5,12288,23544
23,0.2,1,12288,14408
23,0.2,2,12288,15960
23,0.2,3,12288,10112
23,0.2,4,12288,19712
23,0.2,5,20480,17632
24,0.2,1,20480,58040
24,0.2,2,12288,14504
24,0.2,3,20480,31792
24,0.2,4,20480,22816
24,0.2,5,12288,14128
25,0.2,1,12288,14624
25,0.2,2,12288,14192
25,0.2,3,12288,13256
25,0.2,4,12288,17408
25,0.2,5,12288,15704
26,0.2,1,20480,44368
26,0.2,2,20480,19216
26,0.2,3,12288,16104
26,0.2,4,20480,16160
26,0.2,5,20480,19368
27,0.2,1,20480,18256
27,0.2,2,12288,18088
27,0.2,3,20480,20104
27,0.2,4,12288,28648
27,0.2,5,12288,17952
28,0.2,1,20480,15960
28,0.2,2,12288,17192
28,0.2,3,20480,18832
28,0.2,4,20480,16920
28,0.2,5,20480,16984
29,0.2,1,20480,18504
29,0.2,2,12288,15576
29,0.2,3,20480,30688
29,0.2,4,20480,19240
29,0.2,5,20480,26472
30,0.2,1,20480,33600
30,0.2,2,20480,14816
30,0.2,3,12288,15280
30,0.2,4,20480,27696
30,0.2,5,20480,26336
31,0.2,1,20480,18392
31,0.2,2,12288,28776
31,0.2,3,12288,11416
31,0.2,4,20480,37904
31,0.2,5,20480,13120
32,0.2,1,20480,63320
32,0.2,2,20480,23688
32,0.2,3,20480,14680
32,0.2,4,20480,27664
32,0.2,5,12288,25656
33,0.2,1,20480,14752
33,0.2,2,20480,19048
33,0.2,3,20480,30192
33,0.2,4,12288,25344
33,0.2,5,20480,19176
34,0.2,1,20480,24424
34,0.2,2,20480,17664
34,0.2,3,20480,17184
34,0.2,4,20480,19168
34,0.2,5,20480,16432
35,0.2,1,20480,73312
35,0.2,2,20480,34712
35,0.2,3,20480,24832
35,0.2,4,20480,15376
35,0.2,5,20480,23672
36,0.2,1,20480,26584
36,0.2,2,20480,23720
36,0.2,3,20480,37888
36,0.2,4,20480,22144
36,0.2,5,20480,24904
37,0.2,1,20480,27976
37,0.2,2,20480,16072
37,0.2,3,20480,42144
37,0.2,4,20480,37376
37,0.2,5,20480,46464
38,0.2,1,12288,18376
38,0.2,2,20480,25448
38,0.2,3,20480,28512
38,0.2,4,20480,45640
38,0.2,5,20480,54832
39,0.2,1,20480,14320
39,0.2,2,20480,22768
39,0.2,3,20480,105384
39,0.2,4,20480,25784
39,0.2,5,20480,49208
40,0.2,1,20480,18008
40,0.2,2,20480,19864
40,0.2,3,20480,27504
40,0.2,4,20480,18368
40,0.2,5,20480,15504
41,0.2,1,20480,39976
41,0.2,2,20480,32816
41,0.2,3,20480,20200
41,0.2,4,20480,19848
41,0.2,5,20480,28208
42,0.2,1,20480,40144
42,0.2,2,20480,23816
42,0.2,3,20480,35000
42,0.2,4,20480,54312
42,0.2,5,20480,33200
43,0.2,1,20480,26896
43,0.2,2,20480,21320
43,0.2,3,24576,51608
43,0.2,4,24576,19152
43,0.2,5,20480,32584
44,0.2,1,20480,34400
44,0.2,2,20480,21352
44,0.2,3,20480,20216
44,0.2,4,20480,18144
44,0.2,5,20480,23048
45,0.2,1,20480,63160
45,0.2,2,20480,30864
45,0.2,3,20480,21520
45,0.2,4,24576,28656
45,0.2,5,20480,21712
46,0.2,1,20480,38504
46,0.2,2,24576,22352
46,0.2,3,20480,16888
46,0.2,4,20480,54712
46,0.2,5,20480,51272
47,0.2,1,20480,22000
47,0.2,2,24576,37024
47,0.2,3,24576,33872
47,0.2,4,24576,20128
47,0.2,5,20480,20432
48,0.2,1,20480,40224
48,0.2,2,24576,18488
48,0.2,3,20480,21640
48,0.2,4,20480,31184
48,0.2,5,20480,94032
49,0.2,1,24576,35208
49,0.2,2,24576,32144
49,0.2,3,24576,48096
49,0.2,4,20480,30144
49,0.2,5,20480,15688
50,0.2,1,20480,30064
50,0.2,2,20480,42664
50,0.2,3,20480,31088
50,0.2,4,24576,31616
50,0.2,5,24576,24960
51,0.2,1,20480,19536
51,0.2,2,24576,28528
51,0.2,3,24576,19024
51,0.2,4,24576,48360
51,0.2,5,20480,35608
52,0.2,1,24576,40816
52,0.2,2,24576,35936
52,0.2,3,24576,37160
52,0.2,4,20480,40304
52,0.2,5,24576,33232
53,0.2,1,24576,22344
53,0.2,2,20480,19600
53,0.2,3,24576,44328
53,0.2,4,24576,33488
53,0.2,5,24576,25352
54,0.2,1,20480,21368
54,0.2,2,28672,78376
54,0.2,3,20480,20776
54,0.2,4,24576,28104
54,0.2,5,20480,19048
55,0.2,1,24576,28408
55,0.2,2,20480,37952
55,0.2,3,28672,42656
55,0.2,4,24576,25240
55,0.2,5,20480,17056
56,0.2,1,24576,59568
56,0.2,2,24576,42840
56,0.2,3,24576,38600
56,0.2,4,24576,23728
56,0.2,5,20480,19656
57,0.2,1,28672,34464
57,0.2,2,20480,20904
57,0.2,3,24576,24448
57,0.2,4,24576,23920
57,0.2,5,24576,22240
58,0.2,1,20480,25128
58,0.2,2,20480,21928
58,0.2,3,24576,73664
58,0.2,4,20480,17528
58,0.2,5,28672,25376
59,0.2,1,24576,22608
59,0.2,2,24576,66200
59,0.2,3,20480,23784
59,0.2,4,24576,63832
59,0.2,5,24576,32120
60,0.2,1,24576,32256
60,0.2,2,24576,32920
60,0.2,3,24576,50144
60,0.2,4,24576,57096
60,0.2,5,24576,30384
61,0.2,1,24576,34560
61,0.2,2,24576,22144
61,0.2,3,24576,28288
61,0.2,4,24576,17240
61,0.2,5,24576,33256
62,0.2,1,28672,86016
62,0.2,2,24576,54568
62,0.2,3,28672,66560
62,0.2,4,28672,38408
62,0.2,5,24576,38168
63,0.2,1,24576,24488
63,0.2,2,20480,24144
63,0.2,3,24576,53984
63,0.2,4,24576,34896
63,0.2,5,24576,21520
64,0.2,1,28672,28768
64,0.2,2,24576,57512
64,0.2,3,24576,33416
64,0.2,4,24576,30160
64,0.2,5,24576,25280
65,0.2,1,24576,53000
65,0.2,2,24576,21008
65,0.2,3,28672,22496
65,0.2,4,28672,42240
65,0.2,5,24576,28416
66,0.2,1,24576,33728
66,0.2,2,24576,64304
66,0.2,3,28672,48272
66,0.2,4,24576,37920
66,0.2,5,24576,30272
67,0.2,1,24576,102184
67,0.2,2,28672,24424
67,0.2,3,24576,47424
67,0.2,4,24576,79112
67,0.2,5,28672,88064
68,0.2,1,28672,22768
68,0.2,2,24576,30432
68,0.2,3,24576,34152
68,0.2,4,28672,92064
68,0.2,5,24576,14248
69,0.2,1,24576,57672
69,0.2,2,28672,29456
69,0.2,3,28672,98840
69,0.2,4,28672,44960
69,0.2,5,28672,43064
70,0.2,1,24576,23016
70,0.2,2,24576,25424
70,0.2,3,24576,40312
70,0.2,4,28672,89816
70,0.2,5,28672,27608
71,0.2,1,24576,35768
71,0.2,2,24576,26352
71,0.2,3,24576,35064
71,0.2,4,28672,38904
71,0.2,5,28672,77544
72,0.2,1,28672,57248
72,0.2,2,28672,59312
72,0.2,3,24576,41568
72,0.2,4,28672,33168
72,0.2,5,24576,82472
73,0.2,1,32768,35176
73,0.2,2,24576,33696
73,0.2,3,28672,26744
73,0.2,4,28672,67712
73,0.2,5,24576,54656
74,0.2,1,24576,18984
74,0.2,2,24576,36376
74,0.2,3,28672,93240
74,0.2,4,28672,32608
74,0.2,5,24576,54864
75,0.2,1,24576,37856
75,0.2,2,28672,62648
75,0.2,3,28672,57720
75,0.2,4,24576,65896
75,0.2,5,24576,70632
76,0.2,1,32768,35816
76,0.2,2,28672,66448
76,0.2,3,24576,65384
76,0.2,4,32768,31832
76,0.2,5,28672,54304
77,0.2,1,28672,63328
77,0.2,2,28672,53824
77,0.2,3,28672,59376
77,0.2,4,28672,37528
77,0.2,5,28672,23568
78,0.2,1,28672,95576
78,0.2,2,28672,40888
78,0.2,3,28672,25184
78,0.2,4,28672,30640
78,0.2,5,24576,66224
79,0.2,1,28672,21400
79,0.2,2,28672,87480
79,0.2,3,24576,43312
79,0.2,4,28672,35056
79,0.2,5,32768,75672
80,0.2,1,28672,75680
80,0.2,2,28672,28680
80,0.2,3,28672,23024
80,0.2,4,28672,32944
80,0.2,5,24576,37464
81,0.2,1,32768,68096
81,0.2,2,32768,32216
81,0.2,3,24576,36232
81,0.2,4,24576,19408
81,0.2,5,32768,52328
82,0.2,1,32768,48232
82,0.2,2,28672,26464
82,0.2,3,28672,91768
82,0.2,4,32768,68296
82,0.2,5,28672,52688
83,0.2,1,28672,72296
83,0.2,2,32768,92512
83,0.2,3,28672,62448
83,0.2,4,28672,21040
83,0.2,5,28672,65152
84,0.2,1,24576,47568
84,0.2,2,28672,23120
84,0.2,3,28672,59184
84,0.2,4,36864,122904
84,0.2,5,28672,61080
85,0.2,1,28672,20672
85,0.2,2,28672,40256
85,0.2,3,28672,53904
85,0.2,4,28672,59128
85,0.2,5,28672,37096
86,0.2,1,32768,48888
86,0.2,2,28672,38416
86,0.2,3,28672,44808
86,0.2,4,32768,58488
86,0.2,5,28672,49296
87,0.2,1,32768,35024
87,0.2,2,28672,28200
87,0.2,3,28672,43192
87,0.2,4,28672,67368
87,0.2,5,32768,34992
88,0.2,1,32768,84472
88,0.2,2,32768,41928
88,0.2,3,28672,62168
88,0.2,4,28672,32888
88,0.2,5,32768,28816
89,0.2,1,28672,30624
89,0.2,2,32768,32304
89,0.2,3,32768,71000
89,0.2,4,32768,86568
89,0.2,5,28672,73328
90,0.2,1,32768,53648
90,0.2,2,28672,61888
90,0.2,3,28672,25512
90,0.2,4,28672,72344
90,0.2,5,32768,49888
91,0.2,1,32768,29424
91,0.2,2,28672,103200
91,0.2,3,28672,33704
91,0.2,4,32768,41528
91,0.2,5,32768,25528
92,0.2,1,28672,81608
92,0.2,2,28672,31448
92,0.2,3,32768,59384
92,0.2,4,32768,47432
92,0.2,5,28672,60304
93,0.2,1,28672,53584
93,0.2,2,36864,159008
93,0.2,3,36864,40008
93,0.2,4,28672,66520
93,0.2,5,32768,93752
94,0.2,1,36864,64800
94,0.2,2,28672,35904
94,0.2,3,32768,29288
94,0.2,4,32768,82264
94,0.2,5,28672,27504
95,0.2,1,32768,88248
95,0.2,2,28672,31864
95,0.2,3,32768,60664
95,0.2,4,32768,46832
95,0.2,5,32768,53152
96,0.2,1,32768,113880
96,0.2,2,32768,31784
96,0.2,3,32768,68184
96,0.2,4,28672,52208
96,0.2,5,28672,62600
97,0.2,1,32768,26456
97,0.2,2,28672,37520
97,0.2,3,32768,38104
97,0.2,4,40960,40072
97,0.2,5,28672,78072
98,0.2,1,32768,49536
98,0.2,2,32768,27976
98,0.2,3,28672,50288
98,0.2,4,40960,44632
98,0.2,5,32768,93040
99,0.2,1,36864,53384
99,0.2,2,28672,49080
99,0.2,3,36864,48320
99,0.2,4,32768,85784
99,0.2,5,32768,23248
100,0.2,1,36864,48280
100,0.2,2,32768,72856
100,0.2,3,32768,59200
100,0.2,4,32768,28536
100,0.2,5,28672,33952
1,0.3,1,12288,16
1,0.3,2,12288,16
1,0.3,3,12288,16
1,0.3,4,12288,16
1,0.3,5,12288,16
2,0.3,1,12288,4032
2,0.3,2,12288,3640
2,0.3,3,12288,6168
2,0.3,4,12288,3824
2,0.3,5,12288,5616
3,0.3,1,12288,5280
3,0.3,2,12288,6192
3,0.3,3,12288,5408
3,0.3,4,12288,4816
3,0.3,5,12288,5328
4,0.3,1,12288,8720
4,0.3,2,12288,6448
4,0.3,3,12288,5976
4,0.3,4,12288,5800
4,0.3,5,12288,5664
5,0.3,1,12288,8752
5,0.3,2,12288,9144
5,0.3,3,12288,6568
5,0.3,4,12288,6880
5,0.3,5,12288,6560
6,0.3,1,12288,6296
6,0.3,2,12288,9072
6,0.3,3,12288,6480
6,0.3,4,12288,7664
6,0.3,5,12288,8624
7,0.3,1,12288,9016
7,0.3,2,12288,10536
7,0.3,3,12288,8480
7,0.3,4,12288,9048
7,0.3,5,12288,5720
8,0.3,1,12288,11208
8,0.3,2,12288,10072
8,0.3,3,12288,12872
8,0.3,4,12288,8224
8,0.3,5,12288,8128
9,0.3,1,12288,14392
9,0.3,2,12288,10496
9,0.3,3,12288,11256
9,0.3,4,12288,8376
9,0.3,5,12288,12912
10,0.3,1,12288,8680
10,0.3,2,12288,11064
10,0.3,3,12288,12736
10,0.3,4,12288,11424
10,0.3,5,12288,10592
11,0.3,1,12288,11784
11,0.3,2,12288,11976
11,0.3,3,12288,14328
11,0.3,4,12288,15704
11,0.3,5,12288,11736
12,0.3,1,12288,10048
12,0.3,2,12288,15632
12,0.3,3,12288,9344
12,0.3,4,12288,10072
12,0.3,5,12288,7288
13,0.3,1,12288,13648
13,0.3,2,12288,11760
13,0.3,3,12288,12800
13,0.3,4,12288,14280
13,0.3,5,12288,15344
14,0.3,1,12288,10008
14,0.3,2,12288,9808
14,0.3,3,12288,13448
14,0.3,4,12288,11176
14,0.3,5,12288,11088
15,0.3,1,12288,11928
15,0.3,2,12288,13024
15,0.3,3,12288,10944
15,0.3,4,12288,21480
15,0.3,5,12288,14232
16,0.3,1,12288,12984
16,0.3,2,12288,19496
16,0.3,3,12288,11672
16,0.3,4,12288,9528
16,0.3,5,12288,23504
17,0.3,1,12288,17168
17,0.3,2,12288,9768
17,0.3,3,12288,17104
17,0.3,4,12288,9824
17,0.3,5,12288,9320
18,0.3,1,12288,24200
18,0.3,2,12288,11072
18,0.3,3,12288,9720
18,0.3,4,12288,17544
18,0.3,5,12288,11560
19,0.3,1,12288,13944
19,0.3,2,12288,14200
19,0.3,3,12288,20152
19,0.3,4,12288,28112
19,0.3,5,12288,13288
20,0.3,1,12288,12088
20,0.3,2,12288,23640
20,0.3,3,20480,37232
20,0.3,4,12288,9448
20,0.3,5,12288,12456
21,0.3,1,12288,16968
21,0.3,2,12288,14384
21,0.3,3,12288,11792
21,0.3,4,12288,28208
21,0.3,5,12288,12536
22,0.3,1,20480,28904
22,0.3,2,12288,13928
22,0.3,3,12288,15320
22,0.3,4,12288,18552
22,0.3,5,12288,17464
23,0.3,1,12288,15368
23,0.3,2,20480,26856
23,0.3,3,12288,20224
23,0.3,4,12288,49832
23,0.3,5,12288,17080
24,0.3,1,12288,28176
24,0.3,2,20480,22168
24,0.3,3,12288,13448
24,0.3,4,20480,26512
24,0.3,5,12288,14352
25,0.3,1,12288,26760
25,0.3,2,20480,52448
25,0.3,3,12288,25328
25,0.3,4,12288,26480
25,0.3,5,12288,17096
26,0.3,1,20480,29216
26,0.3,2,20480,26528
26,0.3,3,12288,23152
26,0.3,4,12288,17336
26,0.3,5,12288,16840
27,0.3,1,12288,28008
27,0.3,2,12288,17880
27,0.3,3,12288,28744
27,0.3,4,12288,14568
27,0.3,5,12288,27352
28,0.3,1,20480,26360
28,0.3,2,20480,37272
28,0.3,3,20480,26056
28,0.3,4,20480,32384
28,0.3,5,12288,21776
29,0.3,1,20480,33760
29,0.3,2,12288,20080
29,0.3,3,12288,13024
29,0.3,4,12288,15696
29,0.3,5,20480,25728
30,0.3,1,20480,20128
30,0.3,2,20480,28256
30,0.3,3,20480,17080
30,0.3,4,12288,17824
30,0.3,5,12288,14008
31,0.3,1,12288,12520
31,0.3,2,20480,20784
31,0.3,3,20480,46216
31,0.3,4,20480,23496
31,0.3,5,20480,25344
32,0.3,1,20480,29840
32,0.3,2,20480,37256
32,0.3,3,20480,13312
32,0.3,4,20480,17984
32,0.3,5,12288,18648
33,0.3,1,20480,33328
33,0.3,2,20480,32952
33,0.3,3,20480,28208
33,0.3,4,20480,31864
33,0.3,5,20480,26520
34,0.3,1,20480,23984
34,0.3,2,12288,17920
34,0.3,3,20480,24632
34,0.3,4,20480,33488
34,0.3,5,20480,15976
35,0.3,1,20480,42136
35,0.3,2,20480,51088
35,0.3,3,20480,16144
35,0.3,4,20480,12960
35,0.3,5,20480,36312
36,0.3,1,20480,23824
36,0.3,2,20480,30376
36,0.3,3,20480,63224
36,0.3,4,20480,20168
36,0.3,5,20480,17480
37,0.3,1,20480,29040
37,0.3,2,20480,23920
37,0.3,3,20480,16440
37,0.3,4,20480,26160
37,0.3,5,12288,18688
38,0.3,1,20480,32432
38,0.3,2,20480,43456
38,0.3,3,20480,22008
38,0.3,4,20480,44664
38,0.3,5,20480,49120
39,0.3,1,20480,41320
39,0.3,2,20480,34976
39,0.3,3,20480,21368
39,0.3,4,20480,23936
39,0.3,5,20480,17512
40,0.3,1,20480,27872
40,0.3,2,20480,36144
40,0.3,3,20480,41456
40,0.3,4,20480,14304
40,0.3,5,20480,43872
41,0.3,1,20480,20000
41,0.3,2,20480,17376
41,0.3,3,20480,27088
41,0.3,4,20480,21560
41,0.3,5,20480,29264
42,0.3,1,20480,37688
42,0.3,2,12288,22856
42,0.3,3,20480,19312
42,0.3,4,20480,22944
42,0.3,5,20480,24272
43,0.3,1,20480,19864
43,0.3,2,24576,32256
43,0.3,3,20480,33168
43,0.3,4,20480,14944
43,0.3,5,20480,68064
44,0.3,1,20480,36456
44,0.3,2,20480,33000
44,0.3,3,20480,27256
44,0.3,4,20480,30472
44,0.3,5,20480,40640
45,0.3,1,20480,31024
45,0.3,2,20480,21472
45,0.3,3,20480,51296
45,0.3,4,24576,20112
45,0.3,5,20480,53824
46,0.3,1,20480,23624
46,0.3,2,20480,26368
46,0.3,3,24576,58528
46,0.3,4,20480,52528
46,0.3,5,20480,35312
47,0.3,1,24576,63384
47,0.3,2,20480,44288
47,0.3,3,24576,36328
47,0.3,4,24576,21624
47,0.3,5,20480,31032
48,0.3,1,24576,56776
48,0.3,2,24576,38624
48,0.3,3,24576,34168
48,0.3,4,20480,28704
48,0.3,5,20480,18432
49,0.3,1,20480,26776
49,0.3,2,24576,44488
49,0.3,3,24576,71872
49,0.3,4,24576,17600
49,0.3,5,20480,36512
50,0.3,1,24576,22056
50,0.3,2,24576,83272
50,0.3,3,20480,40400
50,0.3,4,24576,66312
50,0.3,5,24576,37048
51,0.3,1,20480,25152
51,0.3,2,24576,23560
51,0.3,3,20480,40648
51,0.3,4,24576,34840
51,0.3,5,28672,23896
52,0.3,1,24576,54664
52,0.3,2,20480,20992
52,0.3,3,20480,21000
52,0.3,4,24576,44552
52,0.3,5,20480,29520
53,0.3,1,20480,39672
53,0.3,2,24576,27136
53,0.3,3,24576,39792
53,0.3,4,20480,38240
53,0.3,5,20480,29040
54,0.3,1,24576,42504
54,0.3,2,24576,37304
54,0.3,3,24576,29064
54,0.3,4,20480,66072
54,0.3,5,24576,35368
55,0.3,1,24576,67608
55,0.3,2,20480,18120
55,0.3,3,24576,52256
55,0.3,4,24576,73112
55,0.3,5,24576,55848
56,0.3,1,24576,30216
56,0.3,2,24576,42488
56,0.3,3,24576,13624
56,0.3,4,24576,27952
56,0.3,5,20480,32312
57,0.3,1,24576,73688
57,0.3,2,24576,81960
57,0.3,3,24576,42896
57,0.3,4,24576,35952
57,0.3,5,24576,59920
58,0.3,1,28672,62072
58,0.3,2,24576,30880
58,0.3,3,20480,43704
58,0.3,4,20480,21344
58,0.3,5,24576,54584
59,0.3,1,24576,39760
59,0.3,2,24576,24128
59,0.3,3,24576,58664
59,0.3,4,24576,14744
59,0.3,5,20480,61352
60,0.3,1,24576,95992
60,0.3,2,24576,60728
60,0.3,3,24576,36376
60,0.3,4,24576,30120
60,0.3,5,20480,45072
61,0.3,1,24576,109680
61,0.3,2,24576,33528
61,0.3,3,24576,17840
61,0.3,4,24576,87296
61,0.3,5,28672,60664
62,0.3,1,24576,46392
62,0.3,2,28672,23504
62,0.3,3,24576,56360
62,0.3,4,24576,45624
62,0.3,5,28672,112104
63,0.3,1,24576,33744
63,0.3,2,24576,43336
63,0.3,3,24576,45928
63,0.3,4,24576,27552
63,0.3,5,24576,38688
64,0.3,1,28672,35008
64,0.3,2,24576,105048
64,0.3,3,32768,104616
64,0.3,4,24576,26632
64,0.3,5,28672,52544
65,0.3,1,24576,70808
65,0.3,2,28672,71568
65,0.3,3,20480,50928
65,0.3,4,24576,61376
65,0.3,5,24576,27808
66,0.3,1,24576,60312
66,0.3,2,24576,51768
66,0.3,3,24576,32456
66,0.3,4,28672,64680
66,0.3,5,28672,46824
67,0.3,1,24576,65512
67,0.3,2,24576,30944
67,0.3,3,24576,32272
67,0.3,4,28672,126680
67,0.3,5,28672,35648
68,0.3,1,24576,57840
68,0.3,2,28672,94776
68,0.3,3,24576,41360
68,0.3,4,28672,42224
68,0.3,5,24576,74736
69,0.3,1,24576,24600
69,0.3,2,24576,35760
69,0.3,3,24576,24728
69,0.3,4,24576,34248
69,0.3,5,24576,57424
70,0.3,1,24576,64000
70,0.3,2,28672,99560
70,0.3,3,24576,26976
70,0.3,4,24576,76760
70,0.3,5,28672,19816
71,0.3,1,24576,25552
71,0.3,2,24576,25704
71,0.3,3,24576,51280
71,0.3,4,24576,72088
71,0.3,5,28672,104352
72,0.3,1,28672,41896
72,0.3,2,24576,56152
72,0.3,3,28672,39480
72,0.3,4,28672,39024
72,0.3,5,28672,32192
73,0.3,1,32768,101064
73,0.3,2,24576,20960
73,0.3,3,24576,32896
73,0.3,4,24576,60704
73,0.3,5,32768,43872
74,0.3,1,24576,25456
74,0.3,2,24576,46232
74,0.3,3,24576,36672
74,0.3,4,28672,84896
74,0.3,5,24576,55512
75,0.3,1,28672,69096
75,0.3,2,28672,24872
75,0.3,3,32768,59992
75,0.3,4,28672,69480
75,0.3,5,24576,75464
76,0.3,1,24576,27744
76,0.3,2,28672,50640
76,0.3,3,28672,42856
76,0.3,4,24576,23936
76,0.3,5,28672,85416
77,0.3,1,28672,28832
77,0.3,2,24576,38920
77,0.3,3,28672,56464
77,0.3,4,28672,94048
77,0.3,5,28672,39408
78,0.3,1,28672,75664
78,0.3,2,24576,77560
78,0.3,3,28672,67048
78,0.3,4,28672,148984
78,0.3,5,28672,47488
79,0.3,1,24576,37472
79,0.3,2,28672,61024
79,0.3,3,28672,40136
79,0.3,4,28672,40448
79,0.3,5,24576,37552
80,0.3,1,28672,40688
80,0.3,2,28672,41936
80,0.3,3,28672,78048
80,0.3,4,28672,29656
80,0.3,5,24576,44672
81,0.3,1,32768,32808
81,0.3,2,28672,33648
81,0.3,3,28672,44344
81,0.3,4,28672,54800
81,0.3,5,24576,41016
82,0.3,1,28672,65072
82,0.3,2,24576,80576
82,0.3,3,28672,73720
82,0.3,4,32768,147216
82,0.3,5,32768,76960
83,0.3,1,24576,52312
83,0.3,2,28672,41760
83,0.3,3,28672,65744
83,0.3,4,28672,78296
83,0.3,5,32768,99728
84,0.3,1,28672,23568
84,0.3,2,28672,37032
84,0.3,3,32768,43640
84,0.3,4,28672,48880
84,0.3,5,28672,37624
85,0.3,1,28672,106112
85,0.3,2,28672,60616
85,0.3,3,32768,120296
85,0.3,4,28672,107048
85,0.3,5,28672,47600
86,0.3,1,32768,112440
86,0.3,2,24576,26832
86,0.3,3,32768,95968
86,0.3,4,28672,76640
86,0.3,5,32768,108200
87,0.3,1,28672,34664
87,0.3,2,32768,83040
87,0.3,3,28672,28184
87,0.3,4,32768,84608
87,0.3,5,36864,62744
88,0.3,1,28672,61392
88,0.3,2,32768,53840
88,0.3,3,28672,35448
88,0.3,4,28672,50440
88,0.3,5,32768,44160
89,0.3,1,28672,58360
89,0.3,2,32768,137216
89,0.3,3,32768,109912
89,0.3,4,36864,105240
89,0.3,5,32768,54392
90,0.3,1,32768,46872
90,0.3,2,32768,38488
90,0.3,3,32768,42120
90,0.3,4,32768,137488
90,0.3,5,32768,95184
91,0.3,1,28672,51264
91,0.3,2,28672,61360
91,0.3,3,32768,57624
91,0.3,4,28672,22040
91,0.3,5,32768,65272
92,0.3,1,28672,49952
92,0.3,2,32768,50936
92,0.3,3,28672,104736
92,0.3,4,32768,38744
92,0.3,5,32768,72568
93,0.3,1,32768,111928
93,0.3,2,32768,71000
93,0.3,3,28672,38744
93,0.3,4,32768,55976
93,0.3,5,28672,52360
94,0.3,1,32768,54992
94,0.3,2,28672,55280
94,0.3,3,32768,43528
94,0.3,4,28672,31104
94,0.3,5,32768,56368
95,0.3,1,32768,53944
95,0.3,2,32768,44808
95,0.3,3,32768,49256
95,0.3,4,32768,40824
95,0.3,5,28672,53800
96,0.3,1,28672,97784
96,0.3,2,28672,50848
96,0.3,3,32768,51424
96,0.3,4,28672,30968
96,0.3,5,32768,45760
97,0.3,1,28672,35264
97,0.3,2,32768,71800
97,0.3,3,32768,30568
97,0.3,4,32768,105432
97,0.3,5,28672,65464
98,0.3,1,32768,78176
98,0.3,2,32768,101768
98,0.3,3,32768,41056
98,0.3,4,32768,75608
98,0.3,5,36864,72768
99,0.3,1,32768,33680
99,0.3,2,32768,26480
99,0.3,3,32768,35584
99,0.3,4,32768,47648
99,0.3,5,32768,55800
100,0.3,1,32768,31856
100,0.3,2,36864,62952
100,0.3,3,32768,36192
100,0.3,4,32768,50936
100,0.3,5,32768,46384
1,0.4,1,12288,16
1,0.4,2,12288,16
1,0.4,3,12288,16
1,0.4,4,12288,16
1,0.4,5,12288,16
2,0.4,1,12288,3680
2,0.4,2,12288,4856
2,0.4,3,12288,3864
2,0.4,4,12288,3600
2,0.4,5,12288,5088
3,0.4,1,12288,5024
3,0.4,2,12288,7368
3,0.4,3,12288,3912
3,0.4,4,12288,6016
3,0.4,5,12288,4296
4,0.4,1,12288,6096
4,0.4,2,12288,7312
4,0.4,3,12288,5960
4,0.4,4,12288,6824
4,0.4,5,12288,4512
5,0.4,1,12288,8792
5,0.4,2,12288,6800
5,0.4,3,12288,7664
5,0.4,4,12288,6736
5,0.4,5,12288,6992
6,0.4,1,12288,6832
6,0.4,2,12288,8256
6,0.4,3,12288,5752
6,0.4,4,12288,6320
6,0.4,5,12288,7352
7,0.4,1,12288,6976
7,0.4,2,12288,9952
7,0.4,3,12288,8832
7,0.4,4,12288,7088
7,0.4,5,12288,6616
8,0.4,1,12288,9368
8,0.4,2,12288,10376
8,0.4,3,12288,8944
8,0.4,4,12288,9936
8,0.4,5,12288,9016
9,0.4,1,12288,10272
9,0.4,2,12288,9648
9,0.4,3,12288,10952
9,0.4,4,12288,10248
9,0.4,5,12288,11680
10,0.4,1,12288,7864
10,0.4,2,12288,17176
10,0.4,3,12288,12528
10,0.4,4,12288,13064
10,0.4,5,12288,11584
11,0.4,1,12288,12504
11,0.4,2,12288,9624
11,0.4,3,12288,13176
11,0.4,4,12288,12056
11,0.4,5,12288,12256
12,0.4,1,12288,12968
12,0.4,2,12288,12952
12,0.4,3,12288,12880
12,0.4,4,12288,11144
12,0.4,5,12288,11712
13,0.4,1,12288,14408
13,0.4,2,12288,14072
13,0.4,3,12288,16824
13,0.4,4,12288,12480
13,0.4,5,12288,16256
14,0.4,1,12288,16024
14,0.4,2,12288,11584
14,0.4,3,12288,13568
14,0.4,4,12288,10376
14,0.4,5,12288,11656
15,0.4,1,12288,9608
15,0.4,2,12288,14752
15,0.4,3,12288,10448
15,0.4,4,12288,10184
15,0.4,5,12288,17968
16,0.4,1,12288,12384
16,0.4,2,12288,15288
16,0.4,3,12288,13880
16,0.4,4,12288,41096
16,0.4,5,12288,11976
17,0.4,1,12288,14840
17,0.4,2,12288,15272
17,0.4,3,12288,14744
17,0.4,4,12288,12440
17,0.4,5,12288,13472
18,0.4,1,12288,27232
18,0.4,2,12288,11624
18,0.4,3,12288,17448
18,0.4,4,12288,16896
18,0.4,5,12288,15184
19,0.4,1,12288,14160
19,0.4,2,12288,28920
19,0.4,3,12288,10952
19,0.4,4,12288,23304
19,0.4,5,12288,16752
20,0.4,1,12288,11760
20,0.4,2,12288,30704
20,0.4,3,12288,13048
20,0.4,4,12288,28072
20,0.4,5,12288,15312
21,0.4,1,20480,29168
21,0.4,2,12288,26312
21,0.4,3,12288,19008
21,0.4,4,12288,21944
21,0.4,5,12288,18432
22,0.4,1,12288,21512
22,0.4,2,12288,14624
22,0.4,3,12288,28256
22,0.4,4,20480,60744
22,0.4,5,12288,24992
23,0.4,1,12288,17328
23,0.4,2,20480,15328
23,0.4,3,12288,23504
23,0.4,4,12288,16096
23,0.4,5,12288,26008
24,0.4,1,20480,24616
24,0.4,2,12288,19704
24,0.4,3,12288,24920
24,0.4,4,12288,27056
24,0.4,5,12288,26664
25,0.4,1,20480,20328
25,0.4,2,20480,28200
25,0.4,3,12288,26152
25,0.4,4,12288,33672
25,0.4,5,20480,19952
26,0.4,1,20480,23896
26,0.4,2,12288,17544
26,0.4,3,12288,11952
26,0.4,4,20480,26448
26,0.4,5,12288,33104
27,0.4,1,20480,23904
27,0.4,2,12288,33512
27,0.4,3,12288,23168
27,0.4,4,20480,26672
27,0.4,5,12288,23600
28,0.4,1,12288,27680
28,0.4,2,20480,24920
28,0.4,3,12288,26192
28,0.4,4,12288,17320
28,0.4,5,12288,31464
29,0.4,1,20480,22640
29,0.4,2,20480,30192
29,0.4,3,12288,24488
29,0.4,4,20480,35920
29,0.4,5,20480,26632
30,0.4,1,20480,25408
30,0.4,2,20480,30944
30,0.4,3,20480,15960
30,0.4,4,20480,35952
30,0.4,5,20480,28152
31,0.4,1,20480,30512
31,0.4,2,20480,38680
31,0.4,3,20480,20488
31,0.4,4,20480,38456
31,0.4,5,20480,28816
32,0.4,1,12288,23936
32,0.4,2,20480,37952
32,0.4,3,20480,38600
32,0.4,4,20480,23976
32,0.4,5,20480,57048
33,0.4,1,20480,45552
33,0.4,2,20480,28080
33,0.4,3,20480,22264
33,0.4,4,20480,62120
33,0.4,5,20480,30008
34,0.4,1,20480,34504
34,0.4,2,20480,21544
34,0.4,3,20480,31624
34,0.4,4,12288,31600
34,0.4,5,20480,18216
35,0.4,1,20480,44648
35,0.4,2,20480,20088
35,0.4,3,20480,27464
35,0.4,4,20480,27368
35,0.4,5,20480,22280
36,0.4,1,20480,26880
36,0.4,2,20480,35680
36,0.4,3,20480,19880
36,0.4,4,20480,43792
36,0.4,5,20480,21056
37,0.4,1,20480,32624
37,0.4,2,20480,38608
37,0.4,3,20480,25216
37,0.4,4,20480,20680
37,0.4,5,12288,22544
38,0.4,1,20480,30768
38,0.4,2,20480,38248
38,0.4,3,20480,28960
38,0.4,4,20480,30328
38,0.4,5,20480,23656
39,0.4,1,20480,20296
39,0.4,2,20480,31312
39,0.4,3,20480,46520
39,0.4,4,20480,29456
39,0.4,5,20480,47096
40,0.4,1,20480,37592
40,0.4,2,20480,40976
40,0.4,3,20480,64712
40,0.4,4,20480,32904
40,0.4,5,24576,51704
41,0.4,1,20480,44104
41,0.4,2,24576,95720
41,0.4,3,24576,44024
41,0.4,4,20480,34328
41,0.4,5,20480,14624
42,0.4,1,20480,27720
42,0.4,2,20480,22344
42,0.4,3,20480,31696
42,0.4,4,20480,70632
42,0.4,5,20480,30976
43,0.4,1,20480,49552
43,0.4,2,20480,26248
43,0.4,3,20480,48888
43,0.4,4,20480,39360
43,0.4,5,20480,18144
44,0.4,1,20480,28280
44,0.4,2,20480,31432
44,0.4,3,20480,22200
44,0.4,4,24576,40456
44,0.4,5,20480,39608
45,0.4,1,20480,27480
45,0.4,2,20480,15328
45,0.4,3,24576,61088
45,0.4,4,20480,30864
45,0.4,5,20480,29336
46,0.4,1,20480,47368
46,0.4,2,20480,25608
46,0.4,3,24576,52608
46,0.4,4,24576,65136
46,0.4,5,20480,38456
47,0.4,1,24576,27784
47,0.4,2,24576,33336
47,0.4,3,20480,17696
47,0.4,4,20480,17040
47,0.4,5,20480,95576
48,0.4,1,20480,53696
48,0.4,2,20480,44656
48,0.4,3,20480,25544
48,0.4,4,24576,108312
48,0.4,5,20480,26952
49,0.4,1,20480,37560
49,0.4,2,24576,44384
49,0.4,3,20480,24904
49,0.4,4,24576,35856
49,0.4,5,24576,27512
50,0.4,1,20480,33904
50,0.4,2,24576,48656
50,0.4,3,20480,28608
50,0.4,4,20480,42344
50,0.4,5,20480,26304
51,0.4,1,24576,46168
51,0.4,2,20480,23912
51,0.4,3,24576,41912
51,0.4,4,20480,27880
51,0.4,5,24576,24824
52,0.4,1,24576,110456
52,0.4,2,20480,21472
52,0.4,3,20480,27752
52,0.4,4,24576,43056
52,0.4,5,20480,23864
53,0.4,1,20480,33480
53,0.4,2,20480,15336
53,0.4,3,24576,83392
53,0.4,4,24576,94784
53,0.4,5,24576,68624
54,0.4,1,24576,61504
54,0.4,2,24576,66248
54,0.4,3,20480,27360
54,0.4,4,20480,29352
54,0.4,5,24576,43312
55,0.4,1,20480,70696
55,0.4,2,24576,43296
55,0.4,3,24576,42880
55,0.4,4,24576,32336
55,0.4,5,24576,67904
56,0.4,1,24576,35888
56,0.4,2,24576,98520
56,0.4,3,20480,37672
56,0.4,4,24576,40320
56,0.4,5,24576,31208
57,0.4,1,28672,49560
57,0.4,2,24576,62424
57,0.4,3,24576,36928
57,0.4,4,24576,60776
57,0.4,5,24576,51112
58,0.4,1,24576,43584
58,0.4,2,24576,65048
58,0.4,3,24576,64648
58,0.4,4,24576,33456
58,0.4,5,24576,29152
59,0.4,1,24576,13760
59,0.4,2,24576,30880
59,0.4,3,24576,52192
59,0.4,4,24576,45168
59,0.4,5,24576,34800
60,0.4,1,28672,33112
60,0.4,2,24576,52536
60,0.4,3,24576,44144
60,0.4,4,24576,37896
60,0.4,5,28672,75032
61,0.4,1,24576,56480
61,0.4,2,28672,55104
61,0.4,3,24576,35336
61,0.4,4,24576,37992
61,0.4,5,24576,54200
62,0.4,1,24576,44744
62,0.4,2,28672,52336
62,0.4,3,20480,22432
62,0.4,4,24576,18776
62,0.4,5,24576,50480
63,0.4,1,24576,50160
63,0.4,2,24576,33696
63,0.4,3,24576,23336
63,0.4,4,28672,22528
63,0.4,5,24576,33432
64,0.4,1,28672,51968
64,0.4,2,24576,48032
64,0.4,3,24576,32784
64,0.4,4,24576,21440
64,0.4,5,24576,20248
65,0.4,1,28672,50648
65,0.4,2,24576,73832
65,0.4,3,24576,49920
65,0.4,4,24576,47008
65,0.4,5,24576,63072
66,0.4,1,28672,98416
66,0.4,2,28672,84360
66,0.4,3,24576,47288
66,0.4,4,24576,28672
66,0.4,5,24576,41136
67,0.4,1,24576,17000
67,0.4,2,24576,67752
67,0.4,3,24576,51784
67,0.4,4,28672,47160
67,0.4,5,28672,112152
68,0.4,1,24576,35472
68,0.4,2,24576,49320
68,0.4,3,24576,35232
68,0.4,4,20480,38584
68,0.4,5,24576,67432
69,0.4,1,24576,62152
69,0.4,2,28672,39592
69,0.4,3,24576,36552
69,0.4,4,24576,48592
69,0.4,5,24576,46488
70,0.4,1,24576,49872
70,0.4,2,24576,54624
70,0.4,3,28672,57192
70,0.4,4,24576,28992
70,0.4,5,28672,94032
71,0.4,1,24576,39696
71,0.4,2,28672,37536
71,0.4,3,28672,45584
71,0.4,4,28672,73144
71,0.4,5,28672,52800
72,0.4,1,24576,39008
72,0.4,2,28672,39128
72,0.4,3,28672,71488
72,0.4,4,28672,136432
72,0.4,5,24576,29352
73,0.4,1,24576,47744
73,0.4,2,24576,55224
73,0.4,3,24576,38864
73,0.4,4,24576,48088
73,0.4,5,28672,52912
74,0.4,1,28672,26080
74,0.4,2,24576,56792
74,0.4,3,24576,29392
74,0.4,4,24576,62456
74,0.4,5,28672,37360
75,0.4,1,24576,48432
75,0.4,2,28672,138776
75,0.4,3,32768,103016
75,0.4,4,24576,31920
75,0.4,5,24576,54992
76,0.4,1,24576,21888
76,0.4,2,28672,82232
76,0.4,3,28672,33744
76,0.4,4,28672,98552
76,0.4,5,28672,61520
77,0.4,1,28672,56968
77,0.4,2,28672,40296
77,0.4,3,24576,77104
77,0.4,4,28672,84072
77,0.4,5,36864,65344
78,0.4,1,28672,55816
78,0.4,2,24576,53344
78,0.4,3,28672,42840
78,0.4,4,24576,64808
78,0.4,5,28672,33176
79,0.4,1,24576,48848
79,0.4,2,28672,40736
79,0.4,3,28672,73240
79,0.4,4,24576,38232
79,0.4,5,24576,76240
80,0.4,1,28672,89960
80,0.4,2,28672,30944
80,0.4,3,28672,77456
80,0.4,4,24576,55008
80,0.4,5,32768,108576
81,0.4,1,28672,66800
81,0.4,2,32768,143224
81,0.4,3,24576,91480
81,0.4,4,32768,51504
81,0.4,5,24576,37624
82,0.4,1,28672,56880
82,0.4,2,24576,107896
82,0.4,3,28672,97912
82,0.4,4,28672,114448
82,0.4,5,28672,52104
83,0.4,1,24576,65352
83,0.4,2,32768,48208
83,0.4,3,28672,90800
83,0.4,4,24576,25872
83,0.4,5,28672,103080
84,0.4,1,28672,72000
84,0.4,2,28672,69648
84,0.4,3,24576,24632
84,0.4,4,28672,37416
84,0.4,5,28672,63696
85,0.4,1,28672,56384
85,0.4,2,28672,77136
85,0.4,3,32768,39744
85,0.4,4,28672,35768
85,0.4,5,28672,46200
86,0.4,1,36864,86568
86,0.4,2,32768,102344
86,0.4,3,36864,68000
86,0.4,4,28672,47344
86,0.4,5,28672,49576
87,0.4,1,28672,42856
87,0.4,2,28672,35368
87,0.4,3,32768,75600
87,0.4,4,32768,32760
87,0.4,5,28672,67264
88,0.4,1,28672,73760
88,0.4,2,28672,68024
88,0.4,3,28672,50184
88,0.4,4,32768,66848
88,0.4,5,32768,105664
89,0.4,1,28672,79448
89,0.4,2,32768,38840
89,0.4,3,36864,95864
89,0.4,4,28672,85336
89,0.4,5,28672,86992
90,0.4,1,32768,84352
90,0.4,2,28672,124216
90,0.4,3,32768,111600
90,0.4,4,28672,37880
90,0.4,5,32768,116864
91,0.4,1,36864,79896
91,0.4,2,28672,39592
91,0.4,3,36864,40440
91,0.4,4,32768,109696
91,0.4,5,24576,87944
92,0.4,1,32768,52992
92,0.4,2,28672,45592
92,0.4,3,40960,54192
92,0.4,4,28672,48544
92,0.4,5,32768,62728
93,0.4,1,36864,135720
93,0.4,2,32768,59312
93,0.4,3,28672,123808
93,0.4,4,32768,97808
93,0.4,5,28672,68088
94,0.4,1,32768,50112
94,0.4,2,28672,83864
94,0.4,3,28672,71288
94,0.4,4,28672,81776
94,0.4,5,28672,79184
95,0.4,1,32768,147272
95,0.4,2,36864,57032
95,0.4,3,32768,61128
95,0.4,4,32768,40840
95,0.4,5,32768,40344
96,0.4,1,28672,64264
96,0.4,2,32768,118512
96,0.4,3,32768,42456
96,0.4,4,32768,59152
96,0.4,5,36864,75520
97,0.4,1,36864,71856
97,0.4,2,32768,47144
97,0.4,3,32768,115312
97,0.4,4,32768,131784
97,0.4,5,32768,120776
98,0.4,1,32768,60488
98,0.4,2,32768,84120
98,0.4,3,32768,31136
98,0.4,4,32768,66072
98,0.4,5,32768,89472
99,0.4,1,28672,25576
99,0.4,2,32768,45880
99,0.4,3,36864,71816
99,0.4,4,36864,122520
99,0.4,5,28672,37256
100,0.4,1,32768,84880
100,0.4,2,32768,33040
100,0.4,3,28672,50544
100,0.4,4,36864,88112
100,0.4,5,32768,88056
1,0.5,1,12288,16
1,0.5,2,12288,16
1,0.5,3,12288,16
1,0.5,4,12288,16
1,0.5,5,12288,16
2,0.5,1,12288,3640
2,0.5,2,12288,4296
2,0.5,3,12288,3680
2,0.5,4,12288,3664
2,0.5,5,12288,4488
3,0.5,1,12288,7040
3,0.5,2,12288,7336
3,0.5,3,12288,5768
3,0.5,4,12288,5792
3,0.5,5,12288,5840
4,0.5,1,12288,6240
4,0.5,2,12288,6544
4,0.5,3,12288,5528
4,0.5,4,12288,7232
4,0.5,5,12288,6192
5,0.5,1,12288,6992
5,0.5,2,12288,5136
5,0.5,3,12288,8552
5,0.5,4,12288,9112
5,0.5,5,12288,6832
6,0.5,1,12288,6472
6,0.5,2,12288,6848
6,0.5,3,12288,8424
6,0.5,4,12288,6976
6,0.5,5,12288,9912
7,0.5,1,12288,9376
7,0.5,2,12288,11376
7,0.5,3,12288,8640
7,0.5,4,12288,7400
7,0.5,5,12288,8768
8,0.5,1,12288,9520
8,0.5,2,12288,8640
8,0.5,3,12288,8624
8,0.5,4,12288,12224
8,0.5,5,12288,10664
9,0.5,1,12288,12472
9,0.5,2,12288,9872
9,0.5,3,12288,10568
9,0.5,4,12288,10504
9,0.5,5,12288,11088
10,0.5,1,12288,10320
10,0.5,2,12288,10512
10,0.5,3,12288,14952
10,0.5,4,12288,11096
10,0.5,5,12288,10456
11,0.5,1,12288,11952
11,0.5,2,12288,12824
11,0.5,3,12288,10184
11,0.5,4,12288,13760
11,0.5,5,12288,10200
12,0.5,1,12288,14240
12,0.5,2,12288,9784
12,0.5,3,12288,11296
12,0.5,4,12288,9720
12,0.5,5,12288,13640
13,0.5,1,12288,14608
13,0.5,2,12288,14784
13,0.5,3,12288,8408
13,0.5,4,12288,12592
13,0.5,5,12288,12232
14,0.5,1,12288,15424
14,0.5,2,12288,12064
14,0.5,3,12288,13856
14,0.5,4,12288,13664
14,0.5,5,12288,14696
15,0.5,1,12288,11512
15,0.5,2,12288,14920
15,0.5,3,12288,9432
15,0.5,4,12288,14872
15,0.5,5,12288,12112
16,0.5,1,12288,10928
16,0.5,2,12288,16272
16,0.5,3,12288,20832
16,0.5,4,12288,11976
16,0.5,5,12288,12296
17,0.5,1,12288,18104
17,0.5,2,12288,15248
17,0.5,3,12288,17056
17,0.5,4,12288,10184
17,0.5,5,12288,17336
18,0.5,1,12288,15488
18,0.5,2,12288,22904
18,0.5,3,12288,20832
18,0.5,4,12288,13888
18,0.5,5,12288,12920
19,0.5,1,12288,11496
19,0.5,2,12288,15592
19,0.5,3,12288,23512
19,0.5,4,12288,15416
19,0.5,5,12288,12184
20,0.5,1,12288,11256
20,0.5,2,12288,14512
20,0.5,3,12288,12536
20,0.5,4,12288,12688
20,0.5,5,12288,11696
21,0.5,1,12288,24472
21,0.5,2,12288,30904
21,0.5,3,12288,10232
21,0.5,4,12288,24776
21,0.5,5,12288,14280
22,0.5,1,12288,24584
22,0.5,2,12288,14216
22,0.5,3,12288,34352
22,0.5,4,20480,26872
22,0.5,5,12288,21832
23,0.5,1,12288,29808
23,0.5,2,12288,14352
23,0.5,3,12288,18304
23,0.5,4,12288,19376
23,0.5,5,12288,39600
24,0.5,1,12288,25288
24,0.5,2,12288,26080
24,0.5,3,12288,13392
24,0.5,4,12288,38744
24,0.5,5,12288,22704
25,0.5,1,12288,25120
25,0.5,2,12288,16864
25,0.5,3,20480,21512
25,0.5,4,20480,22384
25,0.5,5,12288,26040
26,0.5,1,20480,23344
26,0.5,2,12288,20976
26,0.5,3,20480,23216
26,0.5,4,12288,20232
26,0.5,5,12288,36064
27,0.5,1,20480,25280
27,0.5,2,12288,20120
27,0.5,3,12288,30288
27,0.5,4,20480,31656
27,0.5,5,12288,20424
28,0.5,1,12288,20784
28,0.5,2,12288,38240
28,0.5,3,20480,38168
28,0.5,4,12288,26200
28,0.5,5,20480,36624
29,0.5,1,12288,29064
29,0.5,2,20480,25128
29,0.5,3,20480,20200
29,0.5,4,12288,29712
29,0.5,5,20480,25792
30,0.5,1,20480,21520
30,0.5,2,20480,19704
30,0.5,3,12288,21584
30,0.5,4,20480,25368
30,0.5,5,20480,27584
31,0.5,1,20480,19432
31,0.5,2,20480,14296
31,0.5,3,20480,17704
31,0.5,4,20480,20928
31,0.5,5,12288,16304
32,0.5,1,20480,24672
32,0.5,2,20480,23032
32,0.5,3,20480,23104
32,0.5,4,20480,31832
32,0.5,5,20480,13208
33,0.5,1,20480,36768
33,0.5,2,20480,33640
33,0.5,3,20480,18392
33,0.5,4,20480,23968
33,0.5,5,20480,56232
34,0.5,1,20480,46096
34,0.5,2,20480,36328
34,0.5,3,20480,21584
34,0.5,4,20480,17704
34,0.5,5,20480,31120
35,0.5,1,20480,39080
35,0.5,2,20480,22368
35,0.5,3,20480,29144
35,0.5,4,20480,16968
35,0.5,5,12288,9472
36,0.5,1,20480,17680
36,0.5,2,20480,21432
36,0.5,3,20480,13248
36,0.5,4,20480,44104
36,0.5,5,20480,34360
37,0.5,1,20480,41112
37,0.5,2,20480,19608
37,0.5,3,24576,34824
37,0.5,4,20480,35704
37,0.5,5,20480,27616
38,0.5,1,20480,22608
38,0.5,2,20480,34528
38,0.5,3,20480,15232
38,0.5,4,20480,50480
38,0.5,5,20480,40040
39,0.5,1,20480,45120
39,0.5,2,20480,35056
39,0.5,3,20480,27312
39,0.5,4,20480,35056
39,0.5,5,20480,49360
40,0.5,1,20480,43064
40,0.5,2,20480,37160
40,0.5,3,20480,31120
40,0.5,4,20480,23120
40,0.5,5,20480,43224
41,0.5,1,20480,37464
41,0.5,2,20480,36648
41,0.5,3,20480,45464
41,0.5,4,20480,50888
41,0.5,5,20480,18224
42,0.5,1,20480,54152
42,0.5,2,20480,37000
42,0.5,3,20480,22560
42,0.5,4,20480,25936
42,0.5,5,20480,31976
43,0.5,1,20480,32752
43,0.5,2,20480,41448
43,0.5,3,20480,31048
43,0.5,4,20480,19272
43,0.5,5,20480,56120
44,0.5,1,20480,64768
44,0.5,2,20480,30104
44,0.5,3,20480,63384
44,0.5,4,20480,25568
44,0.5,5,20480,50360
45,0.5,1,24576,58048
45,0.5,2,20480,46400
45,0.5,3,24576,66008
45,0.5,4,20480,27800
45,0.5,5,20480,40344
46,0.5,1,20480,26408
46,0.5,2,20480,24368
46,0.5,3,24576,61960
46,0.5,4,20480,27832
46,0.5,5,24576,67736
47,0.5,1,20480,18344
47,0.5,2,24576,64648
47,0.5,3,24576,52856
47,0.5,4,24576,75072
47,0.5,5,20480,40872
48,0.5,1,20480,36080
48,0.5,2,20480,57944
48,0.5,3,20480,37296
48,0.5,4,24576,64352
48,0.5,5,24576,50696
49,0.5,1,24576,39544
49,0.5,2,20480,37104
49,0.5,3,20480,63568
49,0.5,4,20480,34536
49,0.5,5,20480,40288
50,0.5,1,24576,57520
50,0.5,2,20480,56752
50,0.5,3,20480,30112
50,0.5,4,20480,67872
50,0.5,5,24576,67912
51,0.5,1,24576,82304
51,0.5,2,20480,36648
51,0.5,3,20480,26424
51,0.5,4,24576,44824
51,0.5,5,24576,32728
52,0.5,1,20480,40072
52,0.5,2,20480,37544
52,0.5,3,20480,16584
52,0.5,4,20480,55584
52,0.5,5,20480,41272
53,0.5,1,20480,40040
53,0.5,2,20480,26264
53,0.5,3,20480,53728
53,0.5,4,24576,61584
53,0.5,5,24576,29768
54,0.5,1,20480,66864
54,0.5,2,24576,54360
54,0.5,3,20480,33680
54,0.5,4,20480,37816
54,0.5,5,20480,32464
55,0.5,1,24576,29664
55,0.5,2,24576,49400
55,0.5,3,24576,28928
55,0.5,4,24576,127008
55,0.5,5,24576,102008
56,0.5,1,24576,47576
56,0.5,2,24576,61352
56,0.5,3,24576,37096
56,0.5,4,24576,32728
56,0.5,5,20480,43320
57,0.5,1,24576,31384
57,0.5,2,28672,88480
57,0.5,3,20480,28016
57,0.5,4,24576,33688
57,0.5,5,24576,46288
58,0.5,1,24576,46104
58,0.5,2,24576,63200
58,0.5,3,20480,34160
58,0.5,4,20480,48720
58,0.5,5,24576,32744
59,0.5,1,24576,45376
59,0.5,2,24576,26800
59,0.5,3,24576,74040
59,0.5,4,24576,56464
59,0.5,5,24576,51896
60,0.5,1,24576,33504
60,0.5,2,20480,25232
60,0.5,3,24576,66920
60,0.5,4,24576,139752
60,0.5,5,24576,38056
61,0.5,1,28672,43216
61,0.5,2,28672,82456
61,0.5,3,24576,46216
61,0.5,4,24576,68664
61,0.5,5,24576,41520
62,0.5,1,24576,27208
62,0.5,2,24576,49680
62,0.5,3,20480,69112
62,0.5,4,24576,90352
62,0.5,5,24576,105824
63,0.5,1,24576,29168
63,0.5,2,24576,46656
63,0.5,3,28672,65728
63,0.5,4,24576,56368
63,0.5,5,24576,92912
64,0.5,1,28672,49424
64,0.5,2,28672,63440
64,0.5,3,28672,78616
64,0.5,4,24576,44576
64,0.5,5,24576,57592
65,0.5,1,24576,56168
65,0.5,2,24576,55632
65,0.5,3,24576,48112
65,0.5,4,24576,38864
65,0.5,5,24576,46560
66,0.5,1,24576,52872
66,0.5,2,28672,74128
66,0.5,3,24576,26264
66,0.5,4,24576,85128
66,0.5,5,28672,43008
67,0.5,1,24576,73008
67,0.5,2,24576,28184
67,0.5,3,24576,30848
67,0.5,4,24576,29568
67,0.5,5,24576,66640
68,0.5,1,28672,116464
68,0.5,2,24576,81704
68,0.5,3,24576,37216
68,0.5,4,28672,33232
68,0.5,5,24576,47152
69,0.5,1,24576,42136
69,0.5,2,28672,62928
69,0.5,3,28672,38008
69,0.5,4,24576,50824
69,0.5,5,24576,27568
70,0.5,1,28672,44496
70,0.5,2,24576,26064
70,0.5,3,24576,57360
70,0.5,4,28672,71368
70,0.5,5,24576,43072
71,0.5,1,24576,46888
71,0.5,2,28672,32872
71,0.5,3,24576,51616
71,0.5,4,28672,95016
71,0.5,5,24576,60608
72,0.5,1,24576,49752
72,0.5,2,24576,90240
72,0.5,3,24576,44624
72,0.5,4,28672,80488
72,0.5,5,24576,36248
73,0.5,1,28672,63256
73,0.5,2,28672,66728
73,0.5,3,24576,48992
73,0.5,4,24576,73336
73,0.5,5,24576,78848
74,0.5,1,28672,94360
74,0.5,2,24576,36936
74,0.5,3,28672,38592
74,0.5,4,28672,39144
74,0.5,5,28672,59024
75,0.5,1,24576,94184
75,0.5,2,24576,31000
75,0.5,3,28672,50136
75,0.5,4,28672,115264
75,0.5,5,24576,40256
76,0.5,1,28672,104384
76,0.5,2,28672,47352
76,0.5,3,28672,52192
76,0.5,4,24576,43712
76,0.5,5,28672,67760
77,0.5,1,24576,127296
77,0.5,2,28672,169312
77,0.5,3,24576,50136
77,0.5,4,24576,35944
77,0.5,5,28672,93328
78,0.5,1,28672,26720
78,0.5,2,28672,100776
78,0.5,3,24576,57184
78,0.5,4,24576,35032
78,0.5,5,32768,125616
79,0.5,1,28672,67264
79,0.5,2,32768,171480
79,0.5,3,32768,91968
79,0.5,4,28672,38312
79,0.5,5,28672,91496
80,0.5,1,28672,70824
80,0.5,2,24576,67248
80,0.5,3,28672,89056
80,0.5,4,28672,37704
80,0.5,5,28672,58808
81,0.5,1,28672,91112
81,0.5,2,28672,43792
81,0.5,3,28672,59664
81,0.5,4,28672,55296
81,0.5,5,24576,83872
82,0.5,1,28672,87192
82,0.5,2,28672,79208
82,0.5,3,28672,97096
82,0.5,4,28672,45456
82,0.5,5,28672,53184
83,0.5,1,28672,111056
83,0.5,2,24576,31616
83,0.5,3,28672,50024
83,0.5,4,32768,124328
83,0.5,5,28672,72920
84,0.5,1,32768,113488
84,0.5,2,28672,62872
84,0.5,3,28672,28592
84,0.5,4,32768,64504
84,0.5,5,24576,70800
85,0.5,1,28672,91456
85,0.5,2,28672,43640
85,0.5,3,32768,71264
85,0.5,4,28672,45072
85,0.5,5,28672,66904
86,0.5,1,28672,34488
86,0.5,2,28672,71416
86,0.5,3,28672,82752
86,0.5,4,28672,62872
86,0.5,5,28672,95000
87,0.5,1,32768,82736
87,0.5,2,36864,99816
87,0.5,3,24576,21848
87,0.5,4,32768,80032
87,0.5,5,36864,75296
88,0.5,1,28672,64048
88,0.5,2,28672,41800
88,0.5,3,32768,34032
88,0.5,4,24576,25040
88,0.5,5,32768,53872
89,0.5,1,32768,80888
89,0.5,2,32768,36672
89,0.5,3,28672,135560
89,0.5,4,28672,30760
89,0.5,5,28672,58568
90,0.5,1,28672,27256
90,0.5,2,28672,39608
90,0.5,3,36864,120856
90,0.5,4,32768,39360
90,0.5,5,32768,49088
91,0.5,1,32768,73560
91,0.5,2,32768,38472
91,0.5,3,28672,111824
91,0.5,4,36864,33488
91,0.5,5,32768,54152
92,0.5,1,32768,76600
92,0.5,2,28672,49784
92,0.5,3,28672,38040
92,0.5,4,32768,41904
92,0.5,5,28672,60408
93,0.5,1,28672,48632
93,0.5,2,32768,62640
93,0.5,3,28672,44496
93,0.5,4,32768,80072
93,0.5,5,32768,84456
94,0.5,1,28672,140584
94,0.5,2,32768,42128
94,0.5,3,28672,50640
94,0.5,4,32768,67064
94,0.5,5,28672,33432
95,0.5,1,28672,36424
95,0.5,2,28672,33560
95,0.5,3,36864,57240
95,0.5,4,28672,79224
95,0.5,5,28672,75864
96,0.5,1,32768,36848
96,0.5,2,28672,32896
96,0.5,3,32768,111064
96,0.5,4,32768,67896
96,0.5,5,32768,99456
97,0.5,1,32768,74696
97,0.5,2,32768,41816
97,0.5,3,32768,51888
97,0.5,4,28672,55744
97,0.5,5,32768,62016
98,0.5,1,28672,110816
98,0.5,2,32768,76416
98,0.5,3,32768,72840
98,0.5,4,36864,55752
98,0.5,5,28672,38296
99,0.5,1,36864,57016
99,0.5,2,32768,32536
99,0.5,3,32768,47488
99,0.5,4,32768,56304
99,0.5,5,28672,50600
100,0.5,1,32768,121192
100,0.5,2,28672,42480
100,0.5,3,28672,168368
100,0.5,4,32768,76160
100,0.5,5,32768,38112
1,0.6,1,12288,16
1,0.6,2,12288,16
1,0.6,3,12288,16
1,0.6,4,12288,16
1,0.6,5,12288,16
2,0.6,1,12288,3640
2,0.6,2,12288,4336
2,0.6,3,12288,4288
2,0.6,4,12288,3960
2,0.6,5,12288,4848
3,0.6,1,12288,5496
3,0.6,2,12288,4584
3,0.6,3,12288,4296
3,0.6,4,12288,4632
3,0.6,5,12288,7024
4,0.6,1,12288,4592
4,0.6,2,12288,9856
4,0.6,3,12288,4784
4,0.6,4,12288,5968
4,0.6,5,12288,4688
5,0.6,1,12288,6040
5,0.6,2,12288,7688
5,0.6,3,12288,6952
5,0.6,4,12288,5400
5,0.6,5,12288,5016
6,0.6,1,12288,10256
6,0.6,2,12288,8240
6,0.6,3,12288,9616
6,0.6,4,12288,6312
6,0.6,5,12288,9296
7,0.6,1,12288,11224
7,0.6,2,12288,8592
7,0.6,3,12288,8720
7,0.6,4,12288,13832
7,0.6,5,12288,7624
8,0.6,1,12288,8904
8,0.6,2,12288,7544
8,0.6,3,12288,13288
8,0.6,4,12288,7864
8,0.6,5,12288,8488
9,0.6,1,12288,9104
9,0.6,2,12288,14320
9,0.6,3,12288,7920
9,0.6,4,12288,8008
9,0.6,5,12288,11992
10,0.6,1,12288,7472
10,0.6,2,12288,12520
10,0.6,3,12288,10032
10,0.6,4,12288,11160
10,0.6,5,12288,13824
11,0.6,1,12288,14368
11,0.6,2,12288,11544
11,0.6,3,12288,11992
11,0.6,4,12288,12184
11,0.6,5,12288,9400
12,0.6,1,12288,11712
12,0.6,2,12288,15048
12,0.6,3,12288,14136
12,0.6,4,12288,10464
12,0.6,5,12288,10896
13,0.6,1,12288,12600
13,0.6,2,12288,11592
13,0.6,3,12288,11120
13,0.6,4,12288,15432
13,0.6,5,12288,14128
14,0.6,1,12288,16600
14,0.6,2,12288,10744
14,0.6,3,12288,12704
14,0.6,4,12288,13632
14,0.6,5,12288,13792
15,0.6,1,12288,19008
15,0.6,2,12288,10176
15,0.6,3,12288,9824
15,0.6,4,12288,17368
15,0.6,5,12288,15312
16,0.6,1,12288,41512
16,0.6,2,12288,14584
16,0.6,3,12288,12408
16,0.6,4,12288,11832
16,0.6,5,12288,17200
17,0.6,1,12288,14736
17,0.6,2,12288,10168
17,0.6,3,12288,15824
17,0.6,4,12288,16376
17,0.6,5,12288,16816
18,0.6,1,12288,14632
18,0.6,2,12288,17448
18,0.6,3,12288,22624
18,0.6,4,12288,12512
18,0.6,5,12288,12192
19,0.6,1,12288,11576
19,0.6,2,12288,15968
19,0.6,3,12288,25576
19,0.6,4,12288,12384
19,0.6,5,12288,19456
20,0.6,1,12288,11424
20,0.6,2,12288,10048
20,0.6,3,12288,17824
20,0.6,4,12288,17160
20,0.6,5,12288,20792
21,0.6,1,12288,18064
21,0.6,2,12288,14840
21,0.6,3,12288,22848
21,0.6,4,12288,11120
21,0.6,5,12288,21832
22,0.6,1,12288,24496
22,0.6,2,12288,29528
22,0.6,3,12288,17088
22,0.6,4,12288,30032
22,0.6,5,12288,23184
23,0.6,1,12288,15520
23,0.6,2,12288,22584
23,0.6,3,12288,23096
23,0.6,4,12288,34176
23,0.6,5,12288,29664
24,0.6,1,20480,38104
24,0.6,2,12288,18656
24,0.6,3,12288,15536
24,0.6,4,12288,30440
24,0.6,5,12288,18432
25,0.6,1,12288,24200
25,0.6,2,12288,13848
25,0.6,3,12288,27280
25,0.6,4,20480,22824
25,0.6,5,12288,22528
26,0.6,1,12288,26016
26,0.6,2,20480,33312
26,0.6,3,20480,26880
26,0.6,4,20480,19624
26,0.6,5,12288,20984
27,0.6,1,12288,28360
27,0.6,2,12288,34688
27,0.6,3,20480,26952
27,0.6,4,12288,29416
27,0.6,5,12288,18920
28,0.6,1,12288,21616
28,0.6,2,20480,43432
28,0.6,3,12288,18304
28,0.6,4,20480,22752
28,0.6,5,12288,30784
29,0.6,1,20480,21512
29,0.6,2,20480,18904
29,0.6,3,20480,52208
29,0.6,4,20480,20104
29,0.6,5,20480,30872
30,0.6,1,20480,43512
30,0.6,2,12288,25600
30,0.6,3,12288,20632
30,0.6,4,20480,44608
30,0.6,5,20480,36792
31,0.6,1,20480,49672
31,0.6,2,12288,32672
31,0.6,3,12288,30096
31,0.6,4,12288,19960
31,0.6,5,20480,41720
32,0.6,1,20480,52128
32,0.6,2,20480,36400
32,0.6,3,20480,26616
32,0.6,4,20480,41000
32,0.6,5,20480,42200
33,0.6,1,20480,23920
33,0.6,2,20480,73664
33,0.6,3,20480,28032
33,0.6,4,12288,19960
33,0.6,5,20480,27760
34,0.6,1,20480,62264
34,0.6,2,20480,40168
34,0.6,3,20480,38480
34,0.6,4,20480,27488
34,0.6,5,20480,47416
35,0.6,1,20480,45376
35,0.6,2,20480,84144
35,0.6,3,20480,40184
35,0.6,4,20480,28120
35,0.6,5,20480,24584
36,0.6,1,20480,50120
36,0.6,2,20480,46496
36,0.6,3,12288,21152
36,0.6,4,20480,19640
36,0.6,5,20480,20424
37,0.6,1,20480,46624
37,0.6,2,12288,34816
37,0.6,3,20480,44512
37,0.6,4,20480,29320
37,0.6,5,20480,78992
38,0.6,1,20480,32296
38,0.6,2,20480,27896
38,0.6,3,20480,43656
38,0.6,4,20480,34712
38,0.6,5,20480,42240
39,0.6,1,20480,33776
39,0.6,2,20480,77248
39,0.6,3,20480,20784
39,0.6,4,24576,43168
39,0.6,5,20480,41488
40,0.6,1,20480,33912
40,0.6,2,20480,35552
40,0.6,3,20480,28344
40,0.6,4,20480,27672
40,0.6,5,20480,57112
41,0.6,1,20480,40072
41,0.6,2,20480,28120
41,0.6,3,24576,81880
41,0.6,4,20480,45424
41,0.6,5,20480,35480
42,0.6,1,20480,24776
42,0.6,2,24576,79712
42,0.6,3,20480,35688
42,0.6,4,24576,96832
42,0.6,5,20480,39200
43,0.6,1,20480,34616
43,0.6,2,20480,52352
43,0.6,3,20480,58392
43,0.6,4,20480,31104
43,0.6,5,20480,32144
44,0.6,1,20480,74984
44,0.6,2,20480,40432
44,0.6,3,20480,22560
44,0.6,4,20480,31464
44,0.6,5,20480,38088
45,0.6,1,20480,61632
45,0.6,2,24576,100440
45,0.6,3,20480,20504
45,0.6,4,20480,53856
45,0.6,5,20480,47368
46,0.6,1,20480,51768
46,0.6,2,24576,36176
46,0.6,3,20480,38152
46,0.6,4,20480,26288
46,0.6,5,24576,58864
47,0.6,1,24576,49064
47,0.6,2,20480,41208
47,0.6,3,20480,36192
47,0.6,4,24576,32864
47,0.6,5,24576,42024
48,0.6,1,24576,31144
48,0.6,2,24576,39952
48,0.6,3,24576,61888
48,0.6,4,20480,37232
48,0.6,5,24576,69336
49,0.6,1,24576,42656
49,0.6,2,24576,52976
49,0.6,3,20480,39104
49,0.6,4,20480,56088
49,0.6,5,24576,36784
50,0.6,1,24576,42936
50,0.6,2,24576,34432
50,0.6,3,24576,56144
50,0.6,4,20480,26192
50,0.6,5,20480,74608
51,0.6,1,20480,37432
51,0.6,2,24576,68112
51,0.6,3,24576,55768
51,0.6,4,24576,31512
51,0.6,5,20480,27000
52,0.6,1,24576,36768
52,0.6,2,24576,39560
52,0.6,3,20480,24232
52,0.6,4,20480,31464
52,0.6,5,24576,30280
53,0.6,1,24576,55408
53,0.6,2,20480,21144
53,0.6,3,24576,61552
53,0.6,4,24576,44088
53,0.6,5,20480,50224
54,0.6,1,24576,31880
54,0.6,2,24576,59224
54,0.6,3,24576,66512
54,0.6,4,24576,24736
54,0.6,5,24576,56512
55,0.6,1,24576,34888
55,0.6,2,20480,42216
55,0.6,3,20480,35184
55,0.6,4,20480,82672
55,0.6,5,20480,39312
56,0.6,1,24576,42600
56,0.6,2,24576,30496
56,0.6,3,24576,62528
56,0.6,4,28672,38664
56,0.6,5,24576,47800
57,0.6,1,24576,73120
57,0.6,2,24576,52424
57,0.6,3,24576,72768
57,0.6,4,24576,42936
57,0.6,5,24576,34224
58,0.6,1,20480,35184
58,0.6,2,28672,79808
58,0.6,3,20480,24344
58,0.6,4,20480,20952
58,0.6,5,24576,82328
59,0.6,1,24576,58624
59,0.6,2,24576,48952
59,0.6,3,20480,37648
59,0.6,4,28672,157376
59,0.6,5,24576,32416
60,0.6,1,28672,36680
60,0.6,2,24576,100208
60,0.6,3,24576,31872
60,0.6,4,24576,72464
60,0.6,5,24576,50912
61,0.6,1,24576,27392
61,0.6,2,24576,35832
61,0.6,3,20480,33424
61,0.6,4,24576,57040
61,0.6,5,20480,67056
62,0.6,1,24576,74208
62,0.6,2,24576,30128
62,0.6,3,20480,32912
62,0.6,4,24576,60952
62,0.6,5,24576,62048
63,0.6,1,20480,29720
63,0.6,2,24576,29136
63,0.6,3,24576,44304
63,0.6,4,28672,79304
63,0.6,5,24576,41448
64,0.6,1,24576,65472
64,0.6,2,24576,45888
64,0.6,3,24576,27912
64,0.6,4,24576,42608
64,0.6,5,24576,73504
65,0.6,1,24576,41064
65,0.6,2,24576,55936
65,0.6,3,24576,36280
65,0.6,4,24576,82120
65,0.6,5,24576,40360
66,0.6,1,24576,68808
66,0.6,2,24576,63504
66,0.6,3,28672,100616
66,0.6,4,24576,52120
66,0.6,5,24576,99120
67,0.6,1,24576,69872
67,0.6,2,24576,87008
67,0.6,3,28672,49048
67,0.6,4,24576,54480
67,0.6,5,24576,48744
68,0.6,1,24576,46864
68,0.6,2,24576,39088
68,0.6,3,28672,75448
68,0.6,4,24576,49640
68,0.6,5,28672,69800
69,0.6,1,24576,49840
69,0.6,2,28672,58144
69,0.6,3,28672,33072
69,0.6,4,24576,64072
69,0.6,5,24576,39808
70,0.6,1,24576,63344
70,0.6,2,24576,39488
70,0.6,3,24576,73448
70,0.6,4,24576,53264
70,0.6,5,28672,64448
71,0.6,1,28672,50512
71,0.6,2,28672,77528
71,0.6,3,24576,57848
71,0.6,4,28672,44624
71,0.6,5,28672,61568
72,0.6,1,32768,96560
72,0.6,2,24576,28560
72,0.6,3,24576,104272
72,0.6,4,28672,59528
72,0.6,5,24576,49680
73,0.6,1,24576,57536
73,0.6,2,28672,58272
73,0.6,3,24576,48224
73,0.6,4,24576,91040
73,0.6,5,28672,68496
74,0.6,1,24576,46112
74,0.6,2,28672,45576
74,0.6,3,24576,52400
74,0.6,4,24576,105856
74,0.6,5,24576,40736
75,0.6,1,24576,56792
75,0.6,2,28672,36968
75,0.6,3,28672,39752
75,0.6,4,24576,47784
75,0.6,5,24576,31648
76,0.6,1,28672,52264
76,0.6,2,28672,57784
76,0.6,3,28672,64304
76,0.6,4,28672,79264
76,0.6,5,28672,73256
77,0.6,1,28672,75624
77,0.6,2,28672,35968
77,0.6,3,32768,140504
77,0.6,4,28672,41960
77,0.6,5,28672,56712
78,0.6,1,24576,51064
78,0.6,2,24576,42728
78,0.6,3,28672,69536
78,0.6,4,24576,34640
78,0.6,5,28672,59104
79,0.6,1,28672,38280
79,0.6,2,24576,51680
79,0.6,3,28672,31808
79,0.6,4,28672,76848
79,0.6,5,24576,66864
80,0.6,1,28672,57360
80,0.6,2,28672,111280
80,0.6,3,24576,146344
80,0.6,4,28672,47320
80,0.6,5,28672,77808
81,0.6,1,32768,81224
81,0.6,2,28672,64304
81,0.6,3,28672,97376
81,0.6,4,28672,42464
81,0.6,5,28672,92224
82,0.6,1,28672,47312
82,0.6,2,28672,32040
82,0.6,3,32768,56520
82,0.6,4,32768,82816
82,0.6,5,32768,125632
83,0.6,1,28672,79552
83,0.6,2,28672,86904
83,0.6,3,28672,41656
83,0.6,4,32768,61624
83,0.6,5,32768,95760
84,0.6,1,32768,82936
84,0.6,2,28672,49160
84,0.6,3,28672,75888
84,0.6,4,28672,62880
84,0.6,5,28672,53600
85,0.6,1,28672,49808
85,0.6,2,32768,42560
85,0.6,3,28672,32712
85,0.6,4,28672,53696
85,0.6,5,32768,65640
86,0.6,1,32768,67440
86,0.6,2,28672,53344
86,0.6,3,28672,105528
86,0.6,4,28672,56912
86,0.6,5,36864,102128
87,0.6,1,28672,49104
87,0.6,2,28672,94792
87,0.6,3,28672,79816
87,0.6,4,28672,68384
87,0.6,5,36864,142856
88,0.6,1,32768,71000
88,0.6,2,28672,54568
88,0.6,3,32768,71400
88,0.6,4,36864,163784
88,0.6,5,32768,98424
89,0.6,1,28672,51480
89,0.6,2,28672,56136
89,0.6,3,28672,38416
89,0.6,4,28672,75320
89,0.6,5,28672,83416
90,0.6,1,28672,46144
90,0.6,2,28672,43904
90,0.6,3,32768,105096
90,0.6,4,28672,72368
90,0.6,5,36864,139888
91,0.6,1,28672,35664
91,0.6,2,28672,52696
91,0.6,3,28672,91920
91,0.6,4,28672,56288
91,0.6,5,28672,46720
92,0.6,1,32768,75888
92,0.6,2,32768,52824
92,0.6,3,28672,88584
92,0.6,4,28672,67704
92,0.6,5,28672,52912
93,0.6,1,28672,65608
93,0.6,2,28672,42848
93,0.6,3,28672,84808
93,0.6,4,32768,108880
93,0.6,5,28672,107904
94,0.6,1,32768,79840
94,0.6,2,28672,41368
94,0.6,3,32768,161320
94,0.6,4,24576,42704
94,0.6,5,32768,80376
95,0.6,1,32768,42464
95,0.6,2,32768,92520
95,0.6,3,32768,84464
95,0.6,4,28672,79568
95,0.6,5,32768,115968
96,0.6,1,36864,109800
96,0.6,2,32768,59912
96,0.6,3,32768,173008
96,0.6,4,36864,159824
96,0.6,5,28672,63128
97,0.6,1,28672,102720
97,0.6,2,32768,81168
97,0.6,3,28672,34664
97,0.6,4,32768,80192
97,0.6,5,28672,45008
98,0.6,1,32768,86184
98,0.6,2,32768,80288
98,0.6,3,32768,141232
98,0.6,4,32768,69648
98,0.6,5,32768,58544
99,0.6,1,36864,66848
99,0.6,2,32768,46472
99,0.6,3,32768,72600
99,0.6,4,32768,71904
99,0.6,5,36864,98416
100,0.6,1,32768,44896
100,0.6,2,28672,58088
100,0.6,3,32768,60696
100,0.6,4,32768,76016
100,0.6,5,32768,47072
1,0.7,1,12288,16
1,0.7,2,12288,16
1,0.7,3,12288,16
1,0.7,4,12288,16
1,0.7,5,12288,16
2,0.7,1,12288,4304
2,0.7,2,12288,5528
2,0.7,3,12288,4440
2,0.7,4,12288,3960
2,0.7,5,12288,5520
3,0.7,1,12288,4160
3,0.7,2,12288,4856
3,0.7,3,12288,5648
3,0.7,4,12288,5056
3,0.7,5,12288,3984
4,0.7,1,12288,6344
4,0.7,2,12288,6616
4,0.7,3,12288,5336
4,0.7,4,12288,7696
4,0.7,5,12288,6504
5,0.7,1,12288,7136
5,0.7,2,12288,7608
5,0.7,3,12288,9000
5,0.7,4,12288,7448
5,0.7,5,12288,5264
6,0.7,1,12288,8952
6,0.7,2,12288,6848
6,0.7,3,12288,6392
6,0.7,4,12288,6584
6,0.7,5,12288,5856
7,0.7,1,12288,6768
7,0.7,2,12288,10280
7,0.7,3,12288,10288
7,0.7,4,12288,7664
7,0.7,5,12288,11512
8,0.7,1,12288,8304
8,0.7,2,12288,10776
8,0.7,3,12288,11112
8,0.7,4,12288,9320
8,0.7,5,12288,7848
9,0.7,1,12288,14568
9,0.7,2,12288,13896
9,0.7,3,12288,9664
9,0.7,4,12288,11584
9,0.7,5,12288,8512
10,0.7,1,12288,12768
10,0.7,2,12288,10984
10,0.7,3,12288,14584
10,0.7,4,12288,11672
10,0.7,5,12288,8464
11,0.7,1,12288,10808
11,0.7,2,12288,11744
11,0.7,3,12288,13048
11,0.7,4,12288,11816
11,0.7,5,12288,15488
12,0.7,1,12288,9808
12,0.7,2,12288,15456
12,0.7,3,12288,8688
12,0.7,4,12288,12864
12,0.7,5,12288,8488
13,0.7,1,12288,14152
13,0.7,2,12288,15008
13,0.7,3,12288,17312
13,0.7,4,12288,7672
13,0.7,5,12288,12896
14,0.7,1,12288,11880
14,0.7,2,12288,11912
14,0.7,3,12288,12088
14,0.7,4,12288,11368
14,0.7,5,12288,11648
15,0.7,1,12288,17384
15,0.7,2,12288,13624
15,0.7,3,12288,15848
15,0.7,4,12288,19880
15,0.7,5,12288,15992
16,0.7,1,12288,17592
16,0.7,2,12288,15136
16,0.7,3,12288,22904
16,0.7,4,12288,12024
16,0.7,5,12288,24512
17,0.7,1,12288,16728
17,0.7,2,12288,15768
17,0.7,3,12288,17040
17,0.7,4,12288,15264
17,0.7,5,12288,16448
18,0.7,1,12288,34728
18,0.7,2,12288,17976
18,0.7,3,12288,11088
18,0.7,4,12288,13848
18,0.7,5,12288,20184
19,0.7,1,12288,17296
19,0.7,2,12288,16720
19,0.7,3,12288,25504
19,0.7,4,12288,9360
19,0.7,5,12288,17672
20,0.7,1,12288,17192
20,0.7,2,12288,19816
20,0.7,3,12288,49736
20,0.7,4,12288,19688
20,0.7,5,12288,20424
21,0.7,1,12288,29664
21,0.7,2,12288,23040
21,0.7,3,12288,24760
21,0.7,4,12288,19256
21,0.7,5,12288,10240
22,0.7,1,20480,24064
22,0.7,2,12288,19624
22,0.7,3,12288,21960
22,0.7,4,12288,37496
22,0.7,5,20480,44320
23,0.7,1,12288,17872
23,0.7,2,12288,25256
23,0.7,3,12288,20784
23,0.7,4,12288,14816
23,0.7,5,12288,16200
24,0.7,1,12288,24672
24,0.7,2,20480,25072
24,0.7,3,20480,47592
24,0.7,4,12288,27904
24,0.7,5,12288,19080
25,0.7,1,12288,12704
25,0.7,2,12288,37672
25,0.7,3,12288,23640
25,0.7,4,12288,29776
25,0.7,5,12288,17544
26,0.7,1,20480,40552
26,0.7,2,12288,16160
26,0.7,3,12288,20624
26,0.7,4,12288,20880
26,0.7,5,20480,35120
27,0.7,1,12288,20520
27,0.7,2,20480,43896
27,0.7,3,20480,48064
27,0.7,4,20480,45712
27,0.7,5,12288,17776
28,0.7,1,20480,33904
28,0.7,2,12288,17480
28,0.7,3,12288,29392
28,0.7,4,12288,20184
28,0.7,5,12288,18600
29,0.7,1,20480,22184
29,0.7,2,20480,34632
29,0.7,3,20480,33832
29,0.7,4,12288,27128
29,0.7,5,12288,29264
30,0.7,1,20480,34312
30,0.7,2,20480,18544
30,0.7,3,12288,21200
30,0.7,4,20480,24504
30,0.7,5,20480,43088
31,0.7,1,20480,41376
31,0.7,2,20480,30384
31,0.7,3,20480,25960
31,0.7,4,20480,38040
31,0.7,5,20480,30856
32,0.7,1,12288,28168
32,0.7,2,20480,27728
32,0.7,3,20480,26096
32,0.7,4,20480,24688
32,0.7,5,20480,34208
33,0.7,1,20480,36640
33,0.7,2,20480,28432
33,0.7,3,20480,39144
33,0.7,4,20480,56064
33,0.7,5,20480,43864
34,0.7,1,20480,27840
34,0.7,2,20480,33136
34,0.7,3,20480,55464
34,0.7,4,20480,41416
34,0.7,5,20480,74624
35,0.7,1,20480,47424
35,0.7,2,20480,31032
35,0.7,3,20480,24136
35,0.7,4,20480,28384
35,0.7,5,20480,43376
36,0.7,1,20480,28672
36,0.7,2,20480,38008
36,0.7,3,20480,30512
36,0.7,4,20480,37072
36,0.7,5,20480,28352
37,0.7,1,20480,38288
37,0.7,2,20480,21960
37,0.7,3,20480,36416
37,0.7,4,20480,40736
37,0.7,5,20480,34760
38,0.7,1,20480,42656
38,0.7,2,20480,23536
38,0.7,3,20480,30976
38,0.7,4,20480,46680
38,0.7,5,12288,21320
39,0.7,1,20480,54528
39,0.7,2,20480,51272
39,0.7,3,20480,45632
39,0.7,4,20480,75112
39,0.7,5,20480,50880
40,0.7,1,20480,30088
40,0.7,2,20480,32040
40,0.7,3,20480,30040
40,0.7,4,20480,33296
40,0.7,5,20480,29896
41,0.7,1,20480,53824
41,0.7,2,20480,23456
41,0.7,3,20480,37072
41,0.7,4,24576,24328
41,0.7,5,20480,22528
42,0.7,1,20480,37224
42,0.7,2,20480,16960
42,0.7,3,20480,40224
42,0.7,4,20480,43024
42,0.7,5,24576,62824
43,0.7,1,20480,53560
43,0.7,2,20480,31848
43,0.7,3,20480,28216
43,0.7,4,20480,50752
43,0.7,5,20480,67560
44,0.7,1,20480,26784
44,0.7,2,20480,24104
44,0.7,3,20480,31008
44,0.7,4,20480,56168
44,0.7,5,20480,25496
45,0.7,1,20480,32040
45,0.7,2,24576,48832
45,0.7,3,20480,42576
45,0.7,4,20480,41600
45,0.7,5,20480,48824
46,0.7,1,20480,32464
46,0.7,2,20480,86888
46,0.7,3,24576,44824
46,0.7,4,20480,28816
46,0.7,5,20480,28264
47,0.7,1,20480,52072
47,0.7,2,24576,46424
47,0.7,3,20480,42184
47,0.7,4,24576,61704
47,0.7,5,20480,35752
48,0.7,1,20480,27528
48,0.7,2,20480,49144
48,0.7,3,20480,82208
48,0.7,4,20480,24504
48,0.7,5,20480,51320
49,0.7,1,20480,49024
49,0.7,2,20480,42640
49,0.7,3,24576,56304
49,0.7,4,20480,51376
49,0.7,5,20480,28304
50,0.7,1,20480,34496
50,0.7,2,24576,43560
50,0.7,3,20480,54464
50,0.7,4,20480,80008
50,0.7,5,24576,51400
51,0.7,1,24576,77800
51,0.7,2,20480,29200
51,0.7,3,24576,55632
51,0.7,4,24576,53216
51,0.7,5,20480,55616
52,0.7,1,20480,46696
52,0.7,2,24576,50360
52,0.7,3,24576,43528
52,0.7,4,24576,46208
52,0.7,5,20480,44128
53,0.7,1,20480,70280
53,0.7,2,24576,72960
53,0.7,3,24576,28136
53,0.7,4,20480,43744
53,0.7,5,20480,35848
54,0.7,1,20480,30840
54,0.7,2,24576,59376
54,0.7,3,24576,37400
54,0.7,4,24576,41304
54,0.7,5,20480,60592
55,0.7,1,20480,41640
55,0.7,2,24576,73040
55,0.7,3,28672,124200
55,0.7,4,24576,64504
55,0.7,5,20480,29720
56,0.7,1,24576,60272
56,0.7,2,24576,41112
56,0.7,3,24576,50944
56,0.7,4,20480,47376
56,0.7,5,24576,53304
57,0.7,1,24576,40208
57,0.7,2,20480,23288
57,0.7,3,28672,86664
57,0.7,4,24576,44288
57,0.7,5,24576,36048
58,0.7,1,24576,51096
58,0.7,2,28672,132280
58,0.7,3,24576,56256
58,0.7,4,24576,40920
58,0.7,5,28672,55608
59,0.7,1,28672,61360
59,0.7,2,24576,54184
59,0.7,3,24576,45960
59,0.7,4,24576,29448
59,0.7,5,28672,34960
60,0.7,1,24576,100432
60,0.7,2,24576,66464
60,0.7,3,24576,65760
60,0.7,4,24576,44472
60,0.7,5,24576,44304
61,0.7,1,24576,53400
61,0.7,2,28672,85480
61,0.7,3,24576,118376
61,0.7,4,24576,75712
61,0.7,5,24576,52800
62,0.7,1,24576,52160
62,0.7,2,24576,47112
62,0.7,3,24576,36352
62,0.7,4,24576,72080
62,0.7,5,24576,57552
63,0.7,1,24576,39320
63,0.7,2,24576,39064
63,0.7,3,24576,34184
63,0.7,4,24576,38088
63,0.7,5,24576,56728
64,0.7,1,20480,46496
64,0.7,2,24576,79856
64,0.7,3,24576,50168
64,0.7,4,24576,63408
64,0.7,5,28672,72216
65,0.7,1,28672,154736
65,0.7,2,24576,37632
65,0.7,3,24576,19688
65,0.7,4,24576,113200
65,0.7,5,24576,77088
66,0.7,1,24576,43424
66,0.7,2,24576,89088
66,0.7,3,28672,57936
66,0.7,4,28672,77768
66,0.7,5,24576,55784
67,0.7,1,28672,70912
67,0.7,2,24576,55800
67,0.7,3,28672,97320
67,0.7,4,24576,32336
67,0.7,5,28672,79368
68,0.7,1,24576,42160
68,0.7,2,32768,89784
68,0.7,3,24576,43376
68,0.7,4,24576,86536
68,0.7,5,24576,46680
69,0.7,1,24576,40456
69,0.7,2,28672,52152
69,0.7,3,24576,99608
69,0.7,4,28672,70560
69,0.7,5,24576,71520
70,0.7,1,28672,110880
70,0.7,2,28672,139352
70,0.7,3,24576,56976
70,0.7,4,24576,47264
70,0.7,5,24576,46304
71,0.7,1,28672,47576
71,0.7,2,28672,40416
71,0.7,3,28672,50608
71,0.7,4,28672,53344
71,0.7,5,24576,47040
72,0.7,1,28672,52576
72,0.7,2,28672,69640
72,0.7,3,28672,77888
72,0.7,4,28672,50640
72,0.7,5,24576,102528
73,0.7,1,28672,57336
73,0.7,2,24576,57984
73,0.7,3,24576,62864
73,0.7,4,32768,100936
73,0.7,5,28672,89560
74,0.7,1,24576,75256
74,0.7,2,24576,53160
74,0.7,3,32768,72576
74,0.7,4,24576,114640
74,0.7,5,28672,76272
75,0.7,1,24576,48720
75,0.7,2,24576,37256
75,0.7,3,24576,55648
75,0.7,4,24576,78608
75,0.7,5,24576,58528
76,0.7,1,28672,44768
76,0.7,2,28672,79608
76,0.7,3,24576,26488
76,0.7,4,24576,63184
76,0.7,5,28672,81952
77,0.7,1,24576,26624
77,0.7,2,28672,60936
77,0.7,3,24576,75600
77,0.7,4,28672,61936
77,0.7,5,28672,60856
78,0.7,1,28672,36456
78,0.7,2,28672,39632
78,0.7,3,24576,47424
78,0.7,4,28672,51296
78,0.7,5,32768,76864
79,0.7,1,24576,69512
79,0.7,2,28672,66416
79,0.7,3,28672,61880
79,0.7,4,28672,58024
79,0.7,5,24576,67424
80,0.7,1,32768,55256
80,0.7,2,28672,98840
80,0.7,3,28672,72408
80,0.7,4,28672,114872
80,0.7,5,32768,50888
81,0.7,1,32768,64416
81,0.7,2,28672,70472
81,0.7,3,28672,65496
81,0.7,4,32768,67944
81,0.7,5,28672,75200
82,0.7,1,28672,130208
82,0.7,2,28672,74912
82,0.7,3,28672,65392
82,0.7,4,28672,68392
82,0.7,5,28672,61088
83,0.7,1,28672,65976
83,0.7,2,28672,63680
83,0.7,3,28672,40232
83,0.7,4,28672,99624
83,0.7,5,28672,66776
84,0.7,1,28672,50328
84,0.7,2,32768,108480
84,0.7,3,28672,39584
84,0.7,4,24576,51240
84,0.7,5,28672,34984
85,0.7,1,28672,54768
85,0.7,2,24576,35728
85,0.7,3,32768,78768
85,0.7,4,28672,31264
85,0.7,5,24576,43256
86,0.7,1,32768,80336
86,0.7,2,24576,62880
86,0.7,3,28672,35768
86,0.7,4,28672,83088
86,0.7,5,36864,144768
87,0.7,1,28672,117352
87,0.7,2,28672,32448
87,0.7,3,28672,85152
87,0.7,4,32768,125184
87,0.7,5,28672,50256
88,0.7,1,28672,39432
88,0.7,2,32768,44568
88,0.7,3,32768,90120
88,0.7,4,28672,69416
88,0.7,5,32768,43184
89,0.7,1,28672,59264
89,0.7,2,36864,48088
89,0.7,3,28672,37312
89,0.7,4,32768,103336
89,0.7,5,28672,124792
90,0.7,1,28672,43584
90,0.7,2,32768,90240
90,0.7,3,28672,69248
90,0.7,4,28672,93456
90,0.7,5,32768,109304
91,0.7,1,32768,84160
91,0.7,2,32768,55448
91,0.7,3,28672,93336
91,0.7,4,32768,87560
91,0.7,5,28672,87304
92,0.7,1,28672,185832
92,0.7,2,28672,91192
92,0.7,3,24576,53640
92,0.7,4,28672,62352
92,0.7,5,32768,109264
93,0.7,1,28672,116200
93,0.7,2,28672,52768
93,0.7,3,32768,69256
93,0.7,4,28672,98512
93,0.7,5,32768,53256
94,0.7,1,32768,75944
94,0.7,2,32768,40744
94,0.7,3,28672,70072
94,0.7,4,32768,73392
94,0.7,5,28672,76856
95,0.7,1,32768,87544
95,0.7,2,32768,141712
95,0.7,3,32768,113304
95,0.7,4,28672,52408
95,0.7,5,28672,55104
96,0.7,1,32768,50008
96,0.7,2,28672,44496
96,0.7,3,32768,55616
96,0.7,4,36864,78120
96,0.7,5,36864,118464
97,0.7,1,32768,45968
97,0.7,2,32768,91184
97,0.7,3,32768,96520
97,0.7,4,32768,118728
97,0.7,5,36864,85392
98,0.7,1,32768,43952
98,0.7,2,32768,56312
98,0.7,3,28672,27872
98,0.7,4,32768,78080
98,0.7,5,36864,129632
99,0.7,1,32768,128008
99,0.7,2,32768,71512
99,0.7,3,32768,93464
99,0.7,4,28672,90088
99,0.7,5,32768,58328
100,0.7,1,28672,65264
100,0.7,2,32768,60040
100,0.7,3,36864,66144
100,0.7,4,24576,63984
100,0.7,5,32768,57448
1,0.8,1,12288,16
1,0.8,2,12288,16
1,0.8,3,12288,16
1,0.8,4,12288,16
1,0.8,5,12288,16
2,0.8,1,12288,5784
2,0.8,2,12288,5816
2,0.8,3,12288,4216
2,0.8,4,12288,4184
2,0.8,5,12288,3624
3,0.8,1,12288,5200
3,0.8,2,12288,8816
3,0.8,3,12288,3816
3,0.8,4,12288,5784
3,0.8,5,12288,5680
4,0.8,1,12288,10912
4,0.8,2,12288,6920
4,0.8,3,12288,8328
4,0.8,4,12288,6112
4,0.8,5,12288,6856
5,0.8,1,12288,8992
5,0.8,2,12288,7176
5,0.8,3,12288,6288
5,0.8,4,12288,5496
5,0.8,5,12288,8088
6,0.8,1,12288,5400
6,0.8,2,12288,11040
6,0.8,3,12288,8336
6,0.8,4,12288,7888
6,0.8,5,12288,7664
7,0.8,1,12288,7512
7,0.8,2,12288,8216
7,0.8,3,12288,7336
7,0.8,4,12288,7848
7,0.8,5,12288,8112
8,0.8,1,12288,9048
8,0.8,2,12288,9400
8,0.8,3,12288,12536
8,0.8,4,12288,12896
8,0.8,5,12288,8816
9,0.8,1,12288,10872
9,0.8,2,12288,11080
9,0.8,3,12288,10256
9,0.8,4,12288,12232
9,0.8,5,12288,9728
10,0.8,1,12288,10568
10,0.8,2,12288,10248
10,0.8,3,12288,11920
10,0.8,4,12288,10640
10,0.8,5,12288,9440
11,0.8,1,12288,14728
11,0.8,2,12288,9896
11,0.8,3,12288,13088
11,0.8,4,12288,15840
11,0.8,5,12288,14936
12,0.8,1,12288,11488
12,0.8,2,12288,18232
12,0.8,3,12288,14416
12,0.8,4,12288,14760
12,0.8,5,12288,11848
13,0.8,1,12288,15064
13,0.8,2,12288,14800
13,0.8,3,12288,14320
13,0.8,4,12288,12928
13,0.8,5,12288,12968
14,0.8,1,12288,7864
14,0.8,2,12288,13272
14,0.8,3,12288,12776
14,0.8,4,12288,15472
14,0.8,5,12288,16080
15,0.8,1,12288,13280
15,0.8,2,12288,26800
15,0.8,3,12288,9808
15,0.8,4,12288,15256
15,0.8,5,12288,12072
16,0.8,1,12288,18744
16,0.8,2,12288,22080
16,0.8,3,12288,16000
16,0.8,4,12288,10648
16,0.8,5,12288,14216
17,0.8,1,12288,13312
17,0.8,2,12288,28536
17,0.8,3,12288,15104
17,0.8,4,12288,13176
17,0.8,5,12288,13792
18,0.8,1,12288,33264
18,0.8,2,12288,25840
18,0.8,3,12288,27224
18,0.8,4,12288,17896
18,0.8,5,12288,21928
19,0.8,1,12288,22392
19,0.8,2,12288,11304
19,0.8,3,12288,11960
19,0.8,4,12288,17680
19,0.8,5,12288,31888
20,0.8,1,12288,15472
20,0.8,2,12288,16904
20,0.8,3,12288,28368
20,0.8,4,12288,16936
20,0.8,5,12288,17376
21,0.8,1,12288,31416
21,0.8,2,12288,23304
21,0.8,3,12288,13632
21,0.8,4,20480,39856
21,0.8,5,12288,26088
22,0.8,1,12288,24736
22,0.8,2,12288,23704
22,0.8,3,12288,18936
22,0.8,4,12288,21944
22,0.8,5,12288,22008
23,0.8,1,12288,14440
23,0.8,2,12288,21760
23,0.8,3,20480,27200
23,0.8,4,12288,22952
23,0.8,5,12288,22280
24,0.8,1,12288,41288
24,0.8,2,12288,12992
24,0.8,3,12288,17992
24,0.8,4,20480,43288
24,0.8,5,12288,22920
25,0.8,1,12288,22216
25,0.8,2,12288,75688
25,0.8,3,12288,23824
25,0.8,4,12288,15520
25,0.8,5,12288,18064
26,0.8,1,12288,20400
26,0.8,2,12288,15792
26,0.8,3,20480,34752
26,0.8,4,20480,31328
26,0.8,5,12288,22352
27,0.8,1,20480,35992
27,0.8,2,12288,22352
27,0.8,3,20480,36936
27,0.8,4,20480,37648
27,0.8,5,12288,16224
28,0.8,1,20480,22320
28,0.8,2,20480,47040
28,0.8,3,12288,28048
28,0.8,4,20480,34304
28,0.8,5,20480,55216
29,0.8,1,20480,42440
29,0.8,2,20480,53672
29,0.8,3,12288,21576
29,0.8,4,12288,29096
29,0.8,5,12288,22120
30,0.8,1,20480,40352
30,0.8,2,20480,58304
30,0.8,3,20480,35568
30,0.8,4,12288,19208
30,0.8,5,12288,25344
31,0.8,1,12288,20272
31,0.8,2,12288,16776
31,0.8,3,20480,36896
31,0.8,4,20480,30736
31,0.8,5,20480,27480
32,0.8,1,20480,30568
32,0.8,2,20480,41840
32,0.8,3,20480,25440
32,0.8,4,20480,42120
32,0.8,5,20480,41256
33,0.8,1,12288,21056
33,0.8,2,20480,39176
33,0.8,3,20480,29360
33,0.8,4,20480,29216
33,0.8,5,20480,40408
34,0.8,1,20480,21200
34,0.8,2,20480,44736
34,0.8,3,20480,49256
34,0.8,4,20480,25216
34,0.8,5,20480,56024
35,0.8,1,20480,18336
35,0.8,2,20480,26088
35,0.8,3,20480,27736
35,0.8,4,20480,26024
35,0.8,5,12288,22400
36,0.8,1,20480,35664
36,0.8,2,20480,38080
36,0.8,3,24576,122200
36,0.8,4,20480,39360
36,0.8,5,20480,21944
37,0.8,1,20480,38680
37,0.8,2,20480,46864
37,0.8,3,20480,57968
37,0.8,4,20480,35264
37,0.8,5,20480,44728
38,0.8,1,20480,27880
38,0.8,2,20480,41848
38,0.8,3,24576,71440
38,0.8,4,20480,59464
38,0.8,5,20480,54104
39,0.8,1,20480,18904
39,0.8,2,24576,56088
39,0.8,3,20480,45320
39,0.8,4,20480,45368
39,0.8,5,20480,77328
40,0.8,1,20480,39376
40,0.8,2,20480,34936
40,0.8,3,20480,14904
40,0.8,4,20480,27800
40,0.8,5,20480,22752
41,0.8,1,20480,54984
41,0.8,2,20480,50432
41,0.8,3,20480,54744
41,0.8,4,20480,30728
41,0.8,5,20480,34824
42,0.8,1,20480,36328
42,0.8,2,20480,57496
42,0.8,3,20480,22792
42,0.8,4,20480,35592
42,0.8,5,20480,29216
43,0.8,1,20480,36784
43,0.8,2,20480,42232
43,0.8,3,20480,31232
43,0.8,4,20480,42976
43,0.8,5,20480,25056
44,0.8,1,20480,35608
44,0.8,2,20480,37776
44,0.8,3,20480,44736
44,0.8,4,20480,92848
44,0.8,5,20480,31672
45,0.8,1,20480,30440
45,0.8,2,20480,43064
45,0.8,3,24576,47624
45,0.8,4,20480,29920
45,0.8,5,20480,31072
46,0.8,1,20480,64168
46,0.8,2,20480,25776
46,0.8,3,20480,41560
46,0.8,4,20480,31376
46,0.8,5,24576,53128
47,0.8,1,20480,49816
47,0.8,2,20480,58440
47,0.8,3,20480,43920
47,0.8,4,20480,32288
47,0.8,5,20480,30736
48,0.8,1,20480,45664
48,0.8,2,20480,89640
48,0.8,3,24576,56472
48,0.8,4,20480,29208
48,0.8,5,24576,26360
49,0.8,1,24576,54272
49,0.8,2,24576,41640
49,0.8,3,24576,33768
49,0.8,4,24576,67304
49,0.8,5,24576,41816
50,0.8,1,24576,54448
50,0.8,2,20480,28992
50,0.8,3,20480,49760
50,0.8,4,24576,56016
50,0.8,5,24576,55152
51,0.8,1,24576,49784
51,0.8,2,20480,35176
51,0.8,3,24576,109976
51,0.8,4,24576,67880
51,0.8,5,24576,44792
52,0.8,1,20480,28504
52,0.8,2,24576,71232
52,0.8,3,20480,28064
52,0.8,4,24576,38944
52,0.8,5,24576,47200
53,0.8,1,24576,33320
53,0.8,2,24576,98080
53,0.8,3,20480,29680
53,0.8,4,20480,37208
53,0.8,5,24576,60096
54,0.8,1,20480,39056
54,0.8,2,24576,64296
54,0.8,3,24576,33184
54,0.8,4,20480,27088
54,0.8,5,20480,32408
55,0.8,1,24576,51112
55,0.8,2,24576,40976
55,0.8,3,20480,44824
55,0.8,4,20480,50752
55,0.8,5,24576,54600
56,0.8,1,20480,31640
56,0.8,2,20480,40176
56,0.8,3,24576,35608
56,0.8,4,24576,91816
56,0.8,5,24576,51632
57,0.8,1,24576,51472
57,0.8,2,24576,72560
57,0.8,3,24576,59776
57,0.8,4,24576,102176
57,0.8,5,24576,77248
58,0.8,1,24576,52312
58,0.8,2,24576,57880
58,0.8,3,24576,33632
58,0.8,4,24576,92288
58,0.8,5,20480,39656
59,0.8,1,24576,85976
59,0.8,2,28672,74360
59,0.8,3,24576,70128
59,0.8,4,24576,62680
59,0.8,5,24576,47912
60,0.8,1,24576,49544
60,0.8,2,24576,46568
60,0.8,3,24576,29768
60,0.8,4,24576,60992
60,0.8,5,28672,49888
61,0.8,1,24576,23872
61,0.8,2,20480,36768
61,0.8,3,24576,61432
61,0.8,4,24576,55264
61,0.8,5,24576,24128
62,0.8,1,24576,67208
62,0.8,2,24576,65984
62,0.8,3,24576,70224
62,0.8,4,24576,53360
62,0.8,5,24576,42464
63,0.8,1,24576,70080
63,0.8,2,24576,51728
63,0.8,3,28672,51432
63,0.8,4,24576,34576
63,0.8,5,24576,26744
64,0.8,1,24576,26400
64,0.8,2,24576,40272
64,0.8,3,24576,95056
64,0.8,4,20480,40936
64,0.8,5,28672,36200
65,0.8,1,28672,75944
65,0.8,2,24576,42280
65,0.8,3,24576,29096
65,0.8,4,24576,47728
65,0.8,5,24576,60776
66,0.8,1,24576,32552
66,0.8,2,28672,89272
66,0.8,3,24576,59184
66,0.8,4,24576,34816
66,0.8,5,24576,31632
67,0.8,1,24576,52848
67,0.8,2,28672,47640
67,0.8,3,24576,48584
67,0.8,4,24576,39344
67,0.8,5,28672,85656
68,0.8,1,24576,49688
68,0.8,2,28672,50024
68,0.8,3,28672,61128
68,0.8,4,24576,53432
68,0.8,5,24576,79792
69,0.8,1,24576,99816
69,0.8,2,24576,57024
69,0.8,3,24576,57320
69,0.8,4,28672,64432
69,0.8,5,24576,94624
70,0.8,1,32768,67728
70,0.8,2,24576,82688
70,0.8,3,28672,60704
70,0.8,4,24576,46480
70,0.8,5,32768,91296
71,0.8,1,24576,74408
71,0.8,2,24576,53176
71,0.8,3,28672,108128
71,0.8,4,24576,75488
71,0.8,5,24576,66296
72,0.8,1,28672,40480
72,0.8,2,28672,79464
72,0.8,3,28672,53496
72,0.8,4,24576,103280
72,0.8,5,28672,97408
73,0.8,1,28672,44280
73,0.8,2,24576,77968
73,0.8,3,28672,64744
73,0.8,4,28672,73656
73,0.8,5,20480,35336
74,0.8,1,24576,56560
74,0.8,2,24576,44176
74,0.8,3,28672,42896
74,0.8,4,28672,86960
74,0.8,5,28672,144776
75,0.8,1,24576,69400
75,0.8,2,24576,87944
75,0.8,3,24576,61888
75,0.8,4,32768,93024
75,0.8,5,28672,108560
76,0.8,1,28672,38912
76,0.8,2,28672,44776
76,0.8,3,28672,101536
76,0.8,4,28672,60312
76,0.8,5,28672,115632
77,0.8,1,28672,97984
77,0.8,2,28672,62184
77,0.8,3,28672,83336
77,0.8,4,28672,78312
77,0.8,5,24576,30408
78,0.8,1,32768,63960
78,0.8,2,28672,59792
78,0.8,3,28672,70088
78,0.8,4,28672,61880
78,0.8,5,28672,71328
79,0.8,1,28672,46872
79,0.8,2,28672,61032
79,0.8,3,28672,72144
79,0.8,4,28672,49800
79,0.8,5,28672,75680
80,0.8,1,24576,70040
80,0.8,2,24576,77480
80,0.8,3,28672,86272
80,0.8,4,32768,58416
80,0.8,5,32768,74952
81,0.8,1,28672,132352
81,0.8,2,28672,88776
81,0.8,3,28672,43216
81,0.8,4,24576,90640
81,0.8,5,28672,75224
82,0.8,1,28672,79832
82,0.8,2,32768,80952
82,0.8,3,28672,91424
82,0.8,4,28672,73928
82,0.8,5,28672,53104
83,0.8,1,28672,47568
83,0.8,2,32768,80816
83,0.8,3,28672,86712
83,0.8,4,28672,38224
83,0.8,5,28672,89528
84,0.8,1,24576,79904
84,0.8,2,28672,55696
84,0.8,3,28672,70624
84,0.8,4,28672,87488
84,0.8,5,32768,111168
85,0.8,1,28672,33424
85,0.8,2,28672,61312
85,0.8,3,28672,66120
85,0.8,4,28672,112312
85,0.8,5,28672,48408
86,0.8,1,28672,45992
86,0.8,2,28672,31048
86,0.8,3,28672,91696
86,0.8,4,28672,98904
86,0.8,5,28672,92168
87,0.8,1,28672,87480
87,0.8,2,28672,85256
87,0.8,3,32768,141288
87,0.8,4,32768,70904
87,0.8,5,28672,87704
88,0.8,1,32768,81592
88,0.8,2,28672,83472
88,0.8,3,28672,129992
88,0.8,4,28672,103440
88,0.8,5,32768,101752
89,0.8,1,28672,88536
89,0.8,2,32768,73544
89,0.8,3,32768,75600
89,0.8,4,28672,71272
89,0.8,5,28672,44808
90,0.8,1,32768,83112
90,0.8,2,32768,50120
90,0.8,3,32768,83368
90,0.8,4,28672,59712
90,0.8,5,32768,156528
91,0.8,1,32768,102856
91,0.8,2,28672,83872
91,0.8,3,28672,35496
91,0.8,4,28672,75568
91,0.8,5,32768,54600
92,0.8,1,32768,73608
92,0.8,2,28672,53000
92,0.8,3,36864,112624
92,0.8,4,32768,61848
92,0.8,5,32768,65976
93,0.8,1,28672,107112
93,0.8,2,28672,34824
93,0.8,3,36864,105568
93,0.8,4,32768,53496
93,0.8,5,36864,90472
94,0.8,1,32768,58608
94,0.8,2,32768,59744
94,0.8,3,28672,29064
94,0.8,4,36864,120808
94,0.8,5,32768,108400
95,0.8,1,28672,68672
95,0.8,2,32768,60344
95,0.8,3,32768,103808
95,0.8,4,28672,47832
95,0.8,5,36864,105656
96,0.8,1,36864,105288
96,0.8,2,28672,48984
96,0.8,3,28672,59320
96,0.8,4,32768,34824
96,0.8,5,32768,38280
97,0.8,1,32768,54168
97,0.8,2,36864,106496
97,0.8,3,28672,45024
97,0.8,4,32768,100008
97,0.8,5,36864,95592
98,0.8,1,32768,61488
98,0.8,2,32768,119328
98,0.8,3,36864,74024
98,0.8,4,32768,75352
98,0.8,5,36864,140416
99,0.8,1,36864,110104
99,0.8,2,32768,49568
99,0.8,3,28672,73048
99,0.8,4,32768,40328
99,0.8,5,32768,69720
100,0.8,1,32768,101384
100,0.8,2,28672,41008
100,0.8,3,32768,49112
100,0.8,4,32768,70144
100,0.8,5,28672,38160
1,0.9,1,12288,16
1,0.9,2,12288,16
1,0.9,3,12288,16
1,0.9,4,12288,16
1,0.9,5,12288,16
2,0.9,1,12288,3784
2,0.9,2,12288,5208
2,0.9,3,12288,4408
2,0.9,4,12288,3768
2,0.9,5,12288,3904
3,0.9,1,12288,6512
3,0.9,2,12288,4352
3,0.9,3,12288,4520
3,0.9,4,12288,5656
3,0.9,5,12288,5760
4,0.9,1,12288,6472
4,0.9,2,12288,6048
4,0.9,3,12288,6312
4,0.9,4,12288,6904
4,0.9,5,12288,5648
5,0.9,1,12288,6192
5,0.9,2,12288,8184
5,0.9,3,12288,6888
5,0.9,4,12288,8624
5,0.9,5,12288,7344
6,0.9,1,12288,8888
6,0.9,2,12288,7552
6,0.9,3,12288,8880
6,0.9,4,12288,11216
6,0.9,5,12288,8224
7,0.9,1,12288,11032
7,0.9,2,12288,7552
7,0.9,3,12288,6912
7,0.9,4,12288,13984
7,0.9,5,12288,8112
8,0.9,1,12288,11112
8,0.9,2,12288,12472
8,0.9,3,12288,10048
8,0.9,4,12288,8440
8,0.9,5,12288,8632
9,0.9,1,12288,6056
9,0.9,2,12288,7720
9,0.9,3,12288,11808
9,0.9,4,12288,11640
9,0.9,5,12288,9480
10,0.9,1,12288,11592
10,0.9,2,12288,9640
10,0.9,3,12288,12424
10,0.9,4,12288,9680
10,0.9,5,12288,12640
11,0.9,1,12288,11376
11,0.9,2,12288,8904
11,0.9,3,12288,9896
11,0.9,4,12288,12496
11,0.9,5,12288,12536
12,0.9,1,12288,10624
12,0.9,2,12288,12944
12,0.9,3,12288,11680
12,0.9,4,12288,8520
12,0.9,5,12288,10224
13,0.9,1,12288,13600
13,0.9,2,12288,11872
13,0.9,3,12288,13424
13,0.9,4,12288,18064
13,0.9,5,12288,10664
14,0.9,1,12288,13216
14,0.9,2,12288,8456
14,0.9,3,12288,23200
14,0.9,4,12288,11488
14,0.9,5,12288,12464
15,0.9,1,12288,12056
15,0.9,2,12288,13288
15,0.9,3,12288,14520
15,0.9,4,12288,9320
15,0.9,5,12288,12760
16,0.9,1,12288,11792
16,0.9,2,12288,11872
16,0.9,3,12288,13272
16,0.9,4,12288,20072
16,0.9,5,12288,25080
17,0.9,1,12288,23480
17,0.9,2,12288,15944
17,0.9,3,12288,18272
17,0.9,4,12288,13168
17,0.9,5,12288,17504
18,0.9,1,12288,18408
18,0.9,2,12288,16048
18,0.9,3,12288,25704
18,0.9,4,12288,14784
18,0.9,5,12288,15472
19,0.9,1,12288,18184
19,0.9,2,12288,12264
19,0.9,3,12288,18888
19,0.9,4,12288,13008
19,0.9,5,12288,14824
20,0.9,1,12288,44896
20,0.9,2,12288,30960
20,0.9,3,12288,9144
20,0.9,4,12288,19816
20,0.9,5,12288,16984
21,0.9,1,12288,21224
21,0.9,2,12288,30800
21,0.9,3,12288,17904
21,0.9,4,20480,30720
21,0.9,5,20480,14536
22,0.9,1,12288,37280
22,0.9,2,12288,20504
22,0.9,3,12288,31960
22,0.9,4,12288,27832
22,0.9,5,12288,23720
23,0.9,1,12288,29008
23,0.9,2,12288,20856
23,0.9,3,12288,22856
23,0.9,4,12288,17600
23,0.9,5,12288,25040
24,0.9,1,12288,39000
24,0.9,2,12288,30952
24,0.9,3,12288,46832
24,0.9,4,20480,37864
24,0.9,5,20480,33192
25,0.9,1,12288,32464
25,0.9,2,12288,33200
25,0.9,3,12288,33144
25,0.9,4,12288,20488
25,0.9,5,20480,47536
26,0.9,1,12288,16352
26,0.9,2,20480,40376
26,0.9,3,20480,20864
26,0.9,4,12288,19568
26,0.9,5,20480,40144
27,0.9,1,20480,29488
27,0.9,2,20480,54400
27,0.9,3,20480,35840
27,0.9,4,20480,48520
27,0.9,5,20480,28704
28,0.9,1,12288,32096
28,0.9,2,20480,30984
28,0.9,3,12288,37848
28,0.9,4,12288,31144
28,0.9,5,12288,21760
29,0.9,1,20480,36736
29,0.9,2,12288,19272
29,0.9,3,20480,52816
29,0.9,4,12288,28192
29,0.9,5,20480,27664
30,0.9,1,20480,21824
30,0.9,2,20480,31688
30,0.9,3,20480,88168
30,0.9,4,20480,26432
30,0.9,5,12288,16944
31,0.9,1,20480,76840
31,0.9,2,20480,48072
31,0.9,3,20480,23784
31,0.9,4,12288,15224
31,0.9,5,20480,32848
32,0.9,1,20480,61368
32,0.9,2,20480,47416
32,0.9,3,20480,32288
32,0.9,4,20480,31928
32,0.9,5,20480,35680
33,0.9,1,20480,29176
33,0.9,2,20480,46744
33,0.9,3,20480,77280
33,0.9,4,20480,25288
33,0.9,5,20480,45288
34,0.9,1,20480,31728
34,0.9,2,12288,22104
34,0.9,3,20480,29704
34,0.9,4,20480,79280
34,0.9,5,20480,28448
35,0.9,1,20480,45592
35,0.9,2,20480,37848
35,0.9,3,20480,43704
35,0.9,4,20480,59664
35,0.9,5,20480,43640
36,0.9,1,20480,38240
36,0.9,2,20480,49640
36,0.9,3,20480,29088
36,0.9,4,20480,38272
36,0.9,5,20480,30176
37,0.9,1,20480,77472
37,0.9,2,20480,38512
37,0.9,3,20480,34344
37,0.9,4,20480,31088
37,0.9,5,20480,29592
38,0.9,1,20480,41552
38,0.9,2,20480,43176
38,0.9,3,20480,22032
38,0.9,4,20480,42232
38,0.9,5,20480,52448
39,0.9,1,20480,53072
39,0.9,2,20480,51472
39,0.9,3,20480,77064
39,0.9,4,20480,25832
39,0.9,5,20480,67304
40,0.9,1,20480,32064
40,0.9,2,20480,22768
40,0.9,3,20480,37504
40,0.9,4,20480,53432
40,0.9,5,20480,43512
41,0.9,1,20480,81512
41,0.9,2,20480,28928
41,0.9,3,20480,35880
41,0.9,4,20480,30592
41,0.9,5,20480,45320
42,0.9,1,20480,25408
42,0.9,2,20480,41216
42,0.9,3,20480,59600
42,0.9,4,20480,39312
42,0.9,5,20480,37816
43,0.9,1,20480,33656
43,0.9,2,20480,35760
43,0.9,3,20480,24176
43,0.9,4,24576,77848
43,0.9,5,20480,40848
44,0.9,1,20480,27056
44,0.9,2,20480,42504
44,0.9,3,24576,59328
44,0.9,4,20480,38160
44,0.9,5,20480,36968
45,0.9,1,24576,41696
45,0.9,2,20480,33440
45,0.9,3,20480,30504
45,0.9,4,20480,49328
45,0.9,5,20480,25176
46,0.9,1,20480,62232
46,0.9,2,20480,52056
46,0.9,3,20480,27208
46,0.9,4,20480,55136
46,0.9,5,20480,30744
47,0.9,1,24576,42432
47,0.9,2,20480,24208
47,0.9,3,20480,41200
47,0.9,4,24576,56656
47,0.9,5,20480,35440
48,0.9,1,20480,18024
48,0.9,2,24576,56392
48,0.9,3,20480,50952
48,0.9,4,20480,40320
48,0.9,5,20480,28576
49,0.9,1,24576,53792
49,0.9,2,24576,64616
49,0.9,3,24576,67392
49,0.9,4,20480,27360
49,0.9,5,20480,16928
50,0.9,1,24576,65632
50,0.9,2,24576,53280
50,0.9,3,24576,54832
50,0.9,4,20480,32768
50,0.9,5,24576,35280
51,0.9,1,24576,60136
51,0.9,2,20480,46984
51,0.9,3,24576,51016
51,0.9,4,24576,68968
51,0.9,5,20480,40552
52,0.9,1,20480,35784
52,0.9,2,24576,43424
52,0.9,3,24576,89320
52,0.9,4,20480,43616
52,0.9,5,24576,39488
53,0.9,1,20480,35192
53,0.9,2,20480,45640
53,0.9,3,20480,24064
53,0.9,4,24576,58800
53,0.9,5,24576,53536
54,0.9,1,24576,49768
54,0.9,2,24576,61592
54,0.9,3,24576,59096
54,0.9,4,20480,28272
54,0.9,5,24576,62352
55,0.9,1,24576,40824
55,0.9,2,24576,68160
55,0.9,3,24576,41760
55,0.9,4,24576,79008
55,0.9,5,24576,96744
56,0.9,1,24576,86520
56,0.9,2,28672,81808
56,0.9,3,24576,38360
56,0.9,4,24576,69824
56,0.9,5,24576,80056
57,0.9,1,24576,45168
57,0.9,2,24576,56280
57,0.9,3,24576,85816
57,0.9,4,20480,68416
57,0.9,5,24576,46008
58,0.9,1,24576,31984
58,0.9,2,24576,61920
58,0.9,3,28672,70448
58,0.9,4,24576,80168
58,0.9,5,24576,47512
59,0.9,1,20480,41008
59,0.9,2,24576,74928
59,0.9,3,24576,78920
59,0.9,4,20480,17304
59,0.9,5,24576,60952
60,0.9,1,24576,24392
60,0.9,2,24576,41816
60,0.9,3,24576,62272
60,0.9,4,24576,52536
60,0.9,5,24576,54520
61,0.9,1,24576,99472
61,0.9,2,24576,92728
61,0.9,3,24576,73504
61,0.9,4,24576,82280
61,0.9,5,24576,51320
62,0.9,1,24576,36728
62,0.9,2,24576,35368
62,0.9,3,24576,45496
62,0.9,4,24576,41008
62,0.9,5,24576,64584
63,0.9,1,28672,73232
63,0.9,2,24576,37344
63,0.9,3,24576,77528
63,0.9,4,24576,38240
63,0.9,5,24576,32008
64,0.9,1,28672,39464
64,0.9,2,24576,80368
64,0.9,3,20480,68296
64,0.9,4,28672,78520
64,0.9,5,24576,39560
65,0.9,1,28672,61760
65,0.9,2,24576,44424
65,0.9,3,24576,112328
65,0.9,4,24576,39728
65,0.9,5,24576,68488
66,0.9,1,28672,79480
66,0.9,2,24576,38904
66,0.9,3,24576,82664
66,0.9,4,24576,51184
66,0.9,5,24576,50448
67,0.9,1,28672,94816
67,0.9,2,24576,84488
67,0.9,3,24576,106840
67,0.9,4,20480,32464
67,0.9,5,24576,64104
68,0.9,1,24576,49272
68,0.9,2,24576,38008
68,0.9,3,24576,50608
68,0.9,4,28672,158360
68,0.9,5,28672,91104
69,0.9,1,24576,34416
69,0.9,2,28672,52400
69,0.9,3,24576,64600
69,0.9,4,24576,48504
69,0.9,5,24576,30408
70,0.9,1,24576,74040
70,0.9,2,24576,62896
70,0.9,3,24576,84632
70,0.9,4,24576,61056
70,0.9,5,28672,63824
71,0.9,1,24576,48912
71,0.9,2,28672,85296
71,0.9,3,28672,95968
71,0.9,4,28672,48176
71,0.9,5,28672,111352
72,0.9,1,28672,106664
72,0.9,2,28672,62296
72,0.9,3,32768,77360
72,0.9,4,24576,72376
72,0.9,5,24576,27824
73,0.9,1,28672,78816
73,0.9,2,28672,38016
73,0.9,3,28672,33488
73,0.9,4,24576,35328
73,0.9,5,24576,36696
74,0.9,1,28672,80296
74,0.9,2,24576,67520
74,0.9,3,24576,47296
74,0.9,4,24576,32840
74,0.9,5,24576,56048
75,0.9,1,24576,41712
75,0.9,2,32768,81224
75,0.9,3,28672,172640
75,0.9,4,24576,69624
75,0.9,5,28672,66408
76,0.9,1,24576,63536
76,0.9,2,24576,39336
76,0.9,3,28672,119480
76,0.9,4,24576,63576
76,0.9,5,32768,52816
77,0.9,1,32768,61800
77,0.9,2,28672,43536
77,0.9,3,32768,91008
77,0.9,4,28672,36152
77,0.9,5,24576,44176
78,0.9,1,28672,88976
78,0.9,2,28672,79616
78,0.9,3,28672,40728
78,0.9,4,24576,82472
78,0.9,5,28672,31008
79,0.9,1,24576,76728
79,0.9,2,28672,69336
79,0.9,3,28672,49032
79,0.9,4,28672,54792
79,0.9,5,28672,44616
80,0.9,1,28672,108000
80,0.9,2,28672,98016
80,0.9,3,24576,187064
80,0.9,4,28672,71256
80,0.9,5,32768,66936
81,0.9,1,24576,50960
81,0.9,2,28672,42864
81,0.9,3,28672,74024
81,0.9,4,28672,106136
81,0.9,5,28672,51728
82,0.9,1,28672,54080
82,0.9,2,28672,81696
82,0.9,3,28672,151096
82,0.9,4,32768,58368
82,0.9,5,28672,61344
83,0.9,1,28672,64736
83,0.9,2,28672,73888
83,0.9,3,28672,53760
83,0.9,4,24576,38872
83,0.9,5,28672,48672
84,0.9,1,32768,93768
84,0.9,2,32768,91560
84,0.9,3,28672,102128
84,0.9,4,28672,48592
84,0.9,5,28672,133400
85,0.9,1,24576,64952
85,0.9,2,28672,84224
85,0.9,3,28672,87632
85,0.9,4,28672,74160
85,0.9,5,28672,42912
86,0.9,1,32768,114656
86,0.9,2,32768,103576
86,0.9,3,28672,75288
86,0.9,4,32768,40880
86,0.9,5,32768,111448
87,0.9,1,28672,42976
87,0.9,2,24576,45672
87,0.9,3,32768,77440
87,0.9,4,32768,110120
87,0.9,5,28672,79736
88,0.9,1,32768,45016
88,0.9,2,28672,86352
88,0.9,3,28672,88344
88,0.9,4,28672,111952
88,0.9,5,32768,51688
89,0.9,1,28672,78240
89,0.9,2,32768,126160
89,0.9,3,36864,100160
89,0.9,4,28672,66760
89,0.9,5,28672,95872
90,0.9,1,28672,80456
90,0.9,2,32768,121240
90,0.9,3,32768,96144
90,0.9,4,28672,72472
90,0.9,5,32768,149416
91,0.9,1,28672,51256
91,0.9,2,28672,47480
91,0.9,3,28672,77808
91,0.9,4,28672,113488
91,0.9,5,28672,111536
92,0.9,1,36864,100136
92,0.9,2,36864,75336
92,0.9,3,32768,71376
92,0.9,4,36864,131608
92,0.9,5,28672,54320
93,0.9,1,28672,60848
93,0.9,2,28672,59552
93,0.9,3,32768,63984
93,0.9,4,32768,51816
93,0.9,5,36864,141456
94,0.9,1,28672,57720
94,0.9,2,28672,41024
94,0.9,3,32768,73664
94,0.9,4,32768,61936
94,0.9,5,32768,149488
95,0.9,1,32768,52240
95,0.9,2,32768,81128
95,0.9,3,36864,171760
95,0.9,4,32768,87144
95,0.9,5,36864,200712
96,0.9,1,32768,83992
96,0.9,2,28672,100400
96,0.9,3,32768,74936
96,0.9,4,36864,108728
96,0.9,5,32768,48680
97,0.9,1,32768,91704
97,0.9,2,32768,98552
97,0.9,3,36864,117120
97,0.9,4,28672,58512
97,0.9,5,32768,123784
98,0.9,1,32768,123936
98,0.9,2,28672,53400
98,0.9,3,32768,87752
98,0.9,4,36864,73416
98,0.9,5,28672,65488
99,0.9,1,36864,127824
99,0.9,2,28672,74176
99,0.9,3,36864,103928
99,0.9,4,36864,110024
99,0.9,5,32768,80480
100,0.9,1,28672,53488
100,0.9,2,28672,169416
100,0.9,3,28672,104328
100,0.9,4,32768,71736
100,0.9,5,32768,94760
1,1.0,1,12288,16
1,1.0,2,12288,16
1,1.0,3,12288,16
1,1.0,4,12288,16
1,1.0,5,12288,16
2,1.0,1,12288,4120
2,1.0,2,12288,3768
2,1.0,3,12288,3944
2,1.0,4,12288,3920
2,1.0,5,12288,5528
3,1.0,1,12288,4248
3,1.0,2,12288,5080
3,1.0,3,12288,5416
3,1.0,4,12288,5504
3,1.0,5,12288,5216
4,1.0,1,12288,5136
4,1.0,2,12288,6568
4,1.0,3,12288,4736
4,1.0,4,12288,7448
4,1.0,5,12288,7032
5,1.0,1,12288,5760
5,1.0,2,12288,4872
5,1.0,3,12288,5880
5,1.0,4,12288,7280
5,1.0,5,12288,7072
6,1.0,1,12288,7480
6,1.0,2,12288,9944
6,1.0,3,12288,9712
6,1.0,4,12288,10784
6,1.0,5,12288,8200
7,1.0,1,12288,11064
7,1.0,2,12288,7008
7,1.0,3,12288,9856
7,1.0,4,12288,10376
7,1.0,5,12288,9304
8,1.0,1,12288,9000
8,1.0,2,12288,9736
8,1.0,3,12288,11216
8,1.0,4,12288,12688
8,1.0,5,12288,9960
9,1.0,1,12288,14064
9,1.0,2,12288,13072
9,1.0,3,12288,12824
9,1.0,4,12288,10248
9,1.0,5,12288,9424
10,1.0,1,12288,14128
10,1.0,2,12288,9944
10,1.0,3,12288,12440
10,1.0,4,12288,9360
10,1.0,5,12288,11936
11,1.0,1,12288,12504
11,1.0,2,12288,12624
11,1.0,3,12288,13472
11,1.0,4,12288,13528
11,1.0,5,12288,11512
12,1.0,1,12288,15632
12,1.0,2,12288,14584
12,1.0,3,12288,8912
12,1.0,4,12288,11872
12,1.0,5,12288,17800
13,1.0,1,12288,8056
13,1.0,2,12288,11216
13,1.0,3,12288,14568
13,1.0,4,12288,10616
13,1.0,5,12288,14304
14,1.0,1,12288,9272
14,1.0,2,12288,14944
14,1.0,3,12288,13128
14,1.0,4,12288,10808
14,1.0,5,12288,11848
15,1.0,1,12288,17904
15,1.0,2,12288,15552
15,1.0,3,12288,19696
15,1.0,4,12288,20992
15,1.0,5,12288,12776
16,1.0,1,12288,18696
16,1.0,2,12288,23208
16,1.0,3,12288,15584
16,1.0,4,12288,13744
16,1.0,5,12288,14784
17,1.0,1,12288,21352
17,1.0,2,12288,19256
17,1.0,3,12288,17400
17,1.0,4,12288,18320
17,1.0,5,12288,12952
18,1.0,1,12288,14040
18,1.0,2,12288,11808
18,1.0,3,12288,11280
18,1.0,4,12288,17208
18,1.0,5,12288,14008
19,1.0,1,12288,15128
19,1.0,2,12288,12840
19,1.0,3,12288,25184
19,1.0,4,12288,31848
19,1.0,5,20480,20928
20,1.0,1,12288,25496
20,1.0,2,12288,27008
20,1.0,3,12288,21424
20,1.0,4,12288,54840
20,1.0,5,12288,16576
21,1.0,1,12288,24168
21,1.0,2,12288,16400
21,1.0,3,12288,17864
21,1.0,4,12288,24480
21,1.0,5,12288,50960
22,1.0,1,12288,23640
22,1.0,2,12288,34128
22,1.0,3,12288,33808
22,1.0,4,12288,28536
22,1.0,5,20480,36632
23,1.0,1,12288,29792
23,1.0,2,20480,82144
23,1.0,3,12288,22880
23,1.0,4,12288,19688
23,1.0,5,12288,41200
24,1.0,1,20480,22992
24,1.0,2,12288,19672
24,1.0,3,12288,37184
24,1.0,4,20480,28496
24,1.0,5,12288,20120
25,1.0,1,20480,20072
25,1.0,2,12288,27976
25,1.0,3,12288,31296
25,1.0,4,12288,21272
25,1.0,5,20480,61664
26,1.0,1,12288,28120
26,1.0,2,20480,34424
26,1.0,3,12288,21336
26,1.0,4,12288,16456
26,1.0,5,20480,41992
27,1.0,1,12288,33864
27,1.0,2,20480,43560
27,1.0,3,20480,30088
27,1.0,4,20480,37448
27,1.0,5,12288,19320
28,1.0,1,12288,36168
28,1.0,2,20480,32920
28,1.0,3,12288,33480
28,1.0,4,20480,39728
28,1.0,5,12288,19928
29,1.0,1,20480,26824
29,1.0,2,20480,44016
29,1.0,3,20480,37488
29,1.0,4,20480,45296
29,1.0,5,20480,33856
30,1.0,1,20480,43872
30,1.0,2,12288,34184
30,1.0,3,20480,27512
30,1.0,4,12288,29552
30,1.0,5,20480,41528
31,1.0,1,12288,24856
31,1.0,2,20480,41720
31,1.0,3,20480,47960
31,1.0,4,20480,36816
31,1.0,5,20480,49888
32,1.0,1,20480,31664
32,1.0,2,20480,33304
32,1.0,3,20480,26552
32,1.0,4,20480,32568
32,1.0,5,20480,28248
33,1.0,1,20480,27600
33,1.0,2,20480,37720
33,1.0,3,20480,57640
33,1.0,4,20480,36856
33,1.0,5,20480,32304
34,1.0,1,20480,63824
34,1.0,2,20480,34480
34,1.0,3,20480,28344
34,1.0,4,20480,33592
34,1.0,5,20480,30728
35,1.0,1,20480,54072
35,1.0,2,20480,45520
35,1.0,3,20480,37672
35,1.0,4,20480,39720
35,1.0,5,20480,31344
36,1.0,1,20480,37624
36,1.0,2,20480,36320
36,1.0,3,20480,20304
36,1.0,4,20480,57736
36,1.0,5,20480,30736
37,1.0,1,20480,30296
37,1.0,2,24576,63808
37,1.0,3,12288,37048
37,1.0,4,20480,30784
37,1.0,5,20480,25392
38,1.0,1,20480,34584
38,1.0,2,20480,64056
38,1.0,3,20480,71840
38,1.0,4,20480,22312
38,1.0,5,20480,34048
39,1.0,1,20480,31768
39,1.0,2,20480,35456
39,1.0,3,20480,54056
39,1.0,4,20480,56976
39,1.0,5,20480,20832
40,1.0,1,20480,49760
40,1.0,2,20480,33864
40,1.0,3,20480,35960
40,1.0,4,20480,48176
40,1.0,5,20480,29952
41,1.0,1,20480,64144
41,1.0,2,20480,44864
41,1.0,3,20480,56720
41,1.0,4,20480,26080
41,1.0,5,20480,47216
42,1.0,1,24576,43144
42,1.0,2,20480,65896
42,1.0,3,20480,50912
42,1.0,4,20480,57776
42,1.0,5,20480,38168
43,1.0,1,20480,36384
43,1.0,2,20480,61944
43,1.0,3,20480,66520
43,1.0,4,20480,29800
43,1.0,5,20480,47024
44,1.0,1,20480,58232
44,1.0,2,20480,28376
44,1.0,3,20480,59664
44,1.0,4,24576,61240
44,1.0,5,24576,126280
45,1.0,1,20480,38160
45,1.0,2,20480,51952
45,1.0,3,20480,47728
45,1.0,4,24576,43528
45,1.0,5,24576,38544
46,1.0,1,20480,36600
46,1.0,2,20480,47312
46,1.0,3,20480,43624
46,1.0,4,24576,43440
46,1.0,5,20480,28792
47,1.0,1,20480,36904
47,1.0,2,20480,68952
47,1.0,3,20480,67864
47,1.0,4,20480,46200
47,1.0,5,20480,39648
48,1.0,1,20480,26736
48,1.0,2,24576,56752
48,1.0,3,24576,47488
48,1.0,4,20480,35368
48,1.0,5,24576,54312
49,1.0,1,24576,41128
49,1.0,2,20480,64560
49,1.0,3,24576,75936
49,1.0,4,24576,56392
49,1.0,5,20480,26704
50,1.0,1,24576,104224
50,1.0,2,20480,58416
50,1.0,3,24576,49208
50,1.0,4,24576,42176
50,1.0,5,20480,54280
51,1.0,1,20480,37616
51,1.0,2,20480,38896
51,1.0,3,24576,49304
51,1.0,4,20480,56640
51,1.0,5,20480,23240
52,1.0,1,24576,29296
52,1.0,2,20480,57776
52,1.0,3,20480,32888
52,1.0,4,24576,100016
52,1.0,5,24576,36880
53,1.0,1,20480,70152
53,1.0,2,20480,58600
53,1.0,3,24576,49032
53,1.0,4,24576,97592
53,1.0,5,24576,62656
54,1.0,1,24576,68512
54,1.0,2,24576,64040
54,1.0,3,24576,61464
54,1.0,4,20480,37232
54,1.0,5,24576,51448
55,1.0,1,20480,44664
55,1.0,2,24576,94656
55,1.0,3,24576,91552
55,1.0,4,24576,57912
55,1.0,5,20480,48096
56,1.0,1,20480,44016
56,1.0,2,24576,95096
56,1.0,3,24576,71040
56,1.0,4,24576,76272
56,1.0,5,20480,62304
57,1.0,1,24576,31576
57,1.0,2,24576,43040
57,1.0,3,24576,33112
57,1.0,4,24576,44576
57,1.0,5,20480,48648
58,1.0,1,24576,65416
58,1.0,2,24576,58040
58,1.0,3,28672,71184
58,1.0,4,24576,96296
58,1.0,5,24576,51048
59,1.0,1,24576,61776
59,1.0,2,24576,17960
59,1.0,3,24576,35744
59,1.0,4,24576,84176
59,1.0,5,24576,91360
60,1.0,1,24576,38312
60,1.0,2,24576,66976
60,1.0,3,24576,56320
60,1.0,4,24576,81560
60,1.0,5,24576,52376
61,1.0,1,24576,43472
61,1.0,2,28672,66528
61,1.0,3,24576,37168
61,1.0,4,24576,83664
61,1.0,5,24576,39504
62,1.0,1,24576,83704
62,1.0,2,24576,64336
62,1.0,3,24576,47344
62,1.0,4,24576,33216
62,1.0,5,24576,73696
63,1.0,1,24576,71632
63,1.0,2,28672,97784
63,1.0,3,24576,34792
63,1.0,4,24576,108984
63,1.0,5,24576,55456
64,1.0,1,24576,97136
64,1.0,2,24576,34600
64,1.0,3,24576,26568
64,1.0,4,24576,100296
64,1.0,5,24576,72672
65,1.0,1,24576,63664
65,1.0,2,28672,51672
65,1.0,3,24576,73808
65,1.0,4,24576,68984
65,1.0,5,24576,50576
66,1.0,1,24576,58680
66,1.0,2,24576,37488
66,1.0,3,24576,83480
66,1.0,4,24576,76240
66,1.0,5,28672,61728
67,1.0,1,28672,116816
67,1.0,2,24576,82872
67,1.0,3,24576,23512
67,1.0,4,24576,53848
67,1.0,5,24576,67880
68,1.0,1,24576,57624
68,1.0,2,24576,55968
68,1.0,3,28672,51696
68,1.0,4,24576,57000
68,1.0,5,24576,45688
69,1.0,1,24576,46392
69,1.0,2,28672,127208
69,1.0,3,24576,59936
69,1.0,4,20480,45896
69,1.0,5,24576,41376
70,1.0,1,28672,50664
70,1.0,2,28672,45600
70,1.0,3,24576,58416
70,1.0,4,28672,68024
70,1.0,5,24576,112056
71,1.0,1,28672,110264
71,1.0,2,24576,59360
71,1.0,3,28672,82672
71,1.0,4,28672,78416
71,1.0,5,24576,33888
72,1.0,1,28672,46672
72,1.0,2,28672,83648
72,1.0,3,24576,76904
72,1.0,4,24576,45392
72,1.0,5,24576,34728
73,1.0,1,28672,63000
73,1.0,2,24576,60744
73,1.0,3,28672,81168
73,1.0,4,28672,79552
73,1.0,5,24576,74568
74,1.0,1,28672,70888
74,1.0,2,24576,43032
74,1.0,3,28672,83856
74,1.0,4,24576,59520
74,1.0,5,28672,57680
75,1.0,1,32768,107408
75,1.0,2,28672,34608
75,1.0,3,28672,57984
75,1.0,4,24576,29144
75,1.0,5,24576,46280
76,1.0,1,28672,67184
76,1.0,2,24576,74512
76,1.0,3,28672,77616
76,1.0,4,28672,106688
76,1.0,5,28672,78680
77,1.0,1,28672,88520
77,1.0,2,24576,103808
77,1.0,3,24576,35656
77,1.0,4,32768,76176
77,1.0,5,28672,59592
78,1.0,1,32768,87576
78,1.0,2,28672,88392
78,1.0,3,28672,111504
78,1.0,4,28672,39024
78,1.0,5,24576,36768
79,1.0,1,32768,129584
79,1.0,2,28672,56296
79,1.0,3,24576,69752
79,1.0,4,24576,42048
79,1.0,5,28672,63248
80,1.0,1,28672,39080
80,1.0,2,28672,68528
80,1.0,3,28672,91176
80,1.0,4,32768,138344
80,1.0,5,32768,116064
81,1.0,1,28672,26376
81,1.0,2,28672,40288
81,1.0,3,28672,73288
81,1.0,4,32768,68248
81,1.0,5,24576,42168
82,1.0,1,28672,116632
82,1.0,2,28672,47696
82,1.0,3,28672,63032
82,1.0,4,28672,86160
82,1.0,5,28672,55520
83,1.0,1,32768,175272
83,1.0,2,24576,54984
83,1.0,3,28672,104216
83,1.0,4,32768,40840
83,1.0,5,28672,40392
84,1.0,1,28672,78440
84,1.0,2,28672,53400
84,1.0,3,32768,90824
84,1.0,4,28672,110992
84,1.0,5,28672,35448
85,1.0,1,32768,126256
85,1.0,2,28672,41960
85,1.0,3,28672,65160
85,1.0,4,32768,102504
85,1.0,5,32768,63912
86,1.0,1,32768,80144
86,1.0,2,32768,70328
86,1.0,3,28672,46688
86,1.0,4,28672,60584
86,1.0,5,28672,63976
87,1.0,1,28672,71040
87,1.0,2,28672,38408
87,1.0,3,28672,73472
87,1.0,4,32768,67872
87,1.0,5,28672,51136
88,1.0,1,28672,60672
88,1.0,2,28672,45808
88,1.0,3,32768,56216
88,1.0,4,28672,78512
88,1.0,5,32768,97496
89,1.0,1,32768,69680
89,1.0,2,28672,79816
89,1.0,3,28672,38656
89,1.0,4,36864,76704
89,1.0,5,28672,81496
90,1.0,1,32768,55304
90,1.0,2,28672,48576
90,1.0,3,24576,26904
90,1.0,4,32768,135712
90,1.0,5,28672,58384
91,1.0,1,28672,77968
91,1.0,2,28672,69424
91,1.0,3,28672,102016
91,1.0,4,36864,66224
91,1.0,5,36864,180912
92,1.0,1,28672,102808
92,1.0,2,32768,32432
92,1.0,3,28672,53200
92,1.0,4,28672,50312
92,1.0,5,28672,88312
93,1.0,1,28672,46808
93,1.0,2,32768,93768
93,1.0,3,28672,67024
93,1.0,4,28672,50016
93,1.0,5,28672,89608
94,1.0,1,28672,50688
94,1.0,2,36864,99792
94,1.0,3,28672,112344
94,1.0,4,28672,105656
94,1.0,5,32768,76696
95,1.0,1,32768,93208
95,1.0,2,32768,105088
95,1.0,3,24576,47776
95,1.0,4,32768,75584
95,1.0,5,32768,85576
96,1.0,1,32768,60368
96,1.0,2,32768,95664
96,1.0,3,32768,163896
96,1.0,4,32768,112768
96,1.0,5,28672,94472
97,1.0,1,36864,111984
97,1.0,2,28672,46232
97,1.0,3,32768,84136
97,1.0,4,36864,103480
97,1.0,5,28672,52248
98,1.0,1,32768,79920
98,1.0,2,28672,89368
98,1.0,3,32768,65968
98,1.0,4,32768,95144
98,1.0,5,36864,130088
99,1.0,1,32768,62744
99,1.0,2,32768,90104
99,1.0,3,32768,54496
99,1.0,4,36864,106872
99,1.0,5,32768,75392
100,1.0,1,28672,96248
100,1.0,2,36864,110592
100,1.0,3,28672,32256
100,1.0,4,32768,186208
100,1.0,5,32768,87032
