N,P,X,Cmap,Parents,Children
1,0.0,1,3976,16,16
1,0.0,2,3992,16,16
1,0.0,3,3960,16,16
1,0.0,4,3976,16,16
1,0.0,5,3992,16,16
2,0.0,1,4208,280,304
2,0.0,2,4360,480,504
2,0.0,3,4328,688,712
2,0.0,4,4344,216,240
2,0.0,5,4296,680,704
3,0.0,1,4592,992,1056
3,0.0,2,4560,520,568
3,0.0,3,4424,376,424
3,0.0,4,4584,696,744
3,0.0,5,4664,552,600
4,0.0,1,5048,1800,1872
4,0.0,2,4872,1136,1208
4,0.0,3,7176,5792,5864
4,0.0,4,4944,952,1024
4,0.0,5,4928,832,904
5,0.0,1,7160,7312,7392
5,0.0,2,5312,1776,1872
5,0.0,3,6792,4336,4432
5,0.0,4,5248,1256,1352
5,0.0,5,5208,1472,1568
6,0.0,1,7504,6800,6920
6,0.0,2,7832,11464,11600
6,0.0,3,5560,9320,9456
6,0.0,4,5416,7512,7648
6,0.0,5,5624,2208,2328
7,0.0,1,7248,5056,5200
7,0.0,2,12208,12888,13032
7,0.0,3,7464,5168,5312
7,0.0,4,5912,2304,2448
7,0.0,5,9680,9360,9504
8,0.0,1,9208,8176,8360
8,0.0,2,8688,9280,9448
8,0.0,3,11888,10576,10728
8,0.0,4,8616,8192,8360
8,0.0,5,6328,3032,3200
9,0.0,1,10320,14000,14176
9,0.0,2,9936,8288,8496
9,0.0,3,12832,12768,12944
9,0.0,4,6488,2880,3072
9,0.0,5,7480,4944,5136
10,0.0,1,8864,6704,6920
10,0.0,2,7320,4176,4408
10,0.0,3,7744,5128,5344
10,0.0,4,10096,9880,10112
10,0.0,5,6720,7768,8000
11,0.0,1,9000,7112,7368
11,0.0,2,7448,7328,7568
11,0.0,3,12488,16752,16992
11,0.0,4,20280,26128,26352
11,0.0,5,7304,4264,4504
12,0.0,1,9472,9888,10136
12,0.0,2,11824,13832,14080
12,0.0,3,9808,8512,8776
12,0.0,4,7848,5336,5600
12,0.0,5,12672,15096,15360
13,0.0,1,17320,19968,20240
13,0.0,2,8376,4800,5088
13,0.0,3,12712,16744,17032
13,0.0,4,10000,8384,8672
13,0.0,5,8288,6512,6784
14,0.0,1,12232,9256,9584
14,0.0,2,21488,19064,19376
14,0.0,3,13384,22160,22456
14,0.0,4,14016,21320,21632
14,0.0,5,8800,8360,8672
15,0.0,1,11664,10712,11032
15,0.0,2,9320,12392,12728
15,0.0,3,18352,17032,17368
15,0.0,4,21544,18344,18680
15,0.0,5,27024,23480,23816
16,0.0,1,18528,22528,22904
16,0.0,2,19168,22312,22672
16,0.0,3,10192,11288,11664
16,0.0,4,16496,21768,22128
16,0.0,5,18968,15808,16152
17,0.0,1,21368,27016,27416
17,0.0,2,18000,16240,16640
17,0.0,3,17488,18112,18496
17,0.0,4,14312,13176,13560
17,0.0,5,20792,29496,29896
18,0.0,1,19184,17920,18344
18,0.0,2,19960,15504,15912
18,0.0,3,12760,12192,12600
18,0.0,4,19752,27488,27912
18,0.0,5,20200,14464,14872
19,0.0,1,16792,13280,13712
19,0.0,2,14008,13184,13616
19,0.0,3,15024,15776,16208
19,0.0,4,19800,16952,17384
19,0.0,5,15688,15192,15640
20,0.0,1,19040,15768,16240
20,0.0,2,19288,20056,20528
20,0.0,3,21664,25096,25568
20,0.0,4,17560,21760,22232
20,0.0,5,13712,12408,12864
21,0.0,1,26344,21480,21976
21,0.0,2,16560,13744,14224
21,0.0,3,28336,25752,26248
21,0.0,4,17632,19696,20176
21,0.0,5,18952,16256,16752
22,0.0,1,18376,19128,19648
22,0.0,2,27776,21392,21912
22,0.0,3,20568,22584,23104
22,0.0,4,14224,12112,12616
22,0.0,5,16200,15584,16104
23,0.0,1,31064,27456,28000
23,0.0,2,21976,18544,19088
23,0.0,3,26464,22680,23224
23,0.0,4,27224,24808,25352
23,0.0,5,27776,25184,25728
24,0.0,1,19512,17008,17560
24,0.0,2,46304,34840,35408
24,0.0,3,16648,18128,18696
24,0.0,4,17184,17384,17952
24,0.0,5,16104,19552,20120
25,0.0,1,26936,29288,29880
25,0.0,2,24040,18408,18984
25,0.0,3,32736,27328,27920
25,0.0,4,16032,12176,12752
25,0.0,5,25264,21552,22144
26,0.0,1,25784,18248,18848
26,0.0,2,20944,17984,18600
26,0.0,3,41656,35952,36568
26,0.0,4,31120,29912,30528
26,0.0,5,26416,23256,23872
27,0.0,1,43400,37344,37984
27,0.0,2,21760,15152,15776
27,0.0,3,30672,32664,33288
27,0.0,4,37912,30424,31064
27,0.0,5,24816,18352,18992
28,0.0,1,33560,43336,44000
28,0.0,2,30096,31280,31944
28,0.0,3,38912,32248,32912
28,0.0,4,39168,29224,29888
28,0.0,5,51600,41984,42648
29,0.0,1,32664,29312,30000
29,0.0,2,30112,24744,25432
29,0.0,3,17432,13824,14512
29,0.0,4,24688,16240,16928
29,0.0,5,44168,30120,30808
30,0.0,1,28896,19680,20376
30,0.0,2,27760,24040,24736
30,0.0,3,33376,26712,27424
30,0.0,4,47712,41040,41752
30,0.0,5,27344,21008,21720
31,0.0,1,42944,33384,34120
31,0.0,2,34368,32304,33040
31,0.0,3,49712,38792,39528
31,0.0,4,20728,24744,25480
31,0.0,5,19936,17272,18008
32,0.0,1,32944,26640,27400
32,0.0,2,25240,33592,34352
32,0.0,3,39224,33304,34048
32,0.0,4,20816,17792,18536
32,0.0,5,31320,33552,34312
33,0.0,1,49080,36352,37136
33,0.0,2,52192,40512,41296
33,0.0,3,27672,27120,27904
33,0.0,4,39608,35040,35824
33,0.0,5,56928,50464,51248
34,0.0,1,44280,38480,39288
34,0.0,2,41056,25896,26704
34,0.0,3,50224,47712,48520
34,0.0,4,45544,38600,39408
34,0.0,5,33488,22904,23696
35,0.0,1,54640,44040,44872
35,0.0,2,35808,33000,33832
35,0.0,3,23320,16368,17184
35,0.0,4,36872,36848,37680
35,0.0,5,48744,35136,35968
36,0.0,1,37840,27200,28056
36,0.0,2,28808,19656,20512
36,0.0,3,25720,21368,22208
36,0.0,4,33768,33056,33912
36,0.0,5,43056,37664,38520
37,0.0,1,32240,26808,27688
37,0.0,2,39248,25904,26784
37,0.0,3,33480,22872,23736
37,0.0,4,62448,50616,51480
37,0.0,5,45264,39032,39912
38,0.0,1,48168,35664,36568
38,0.0,2,35320,22072,22976
38,0.0,3,61152,50552,51456
38,0.0,4,41056,29480,30384
38,0.0,5,47824,41408,42312
39,0.0,1,47168,34856,35784
39,0.0,2,60120,39024,39952
39,0.0,3,40904,28920,29848
39,0.0,4,45200,42104,43032
39,0.0,5,51112,28296,29224
40,0.0,1,41536,31376,32312
40,0.0,2,68152,51288,52240
40,0.0,3,37048,27760,28712
40,0.0,4,46784,41456,42408
40,0.0,5,83936,58512,59464
41,0.0,1,47192,40208,41168
41,0.0,2,64016,47624,48600
41,0.0,3,51280,33712,34688
41,0.0,4,52720,41176,42152
41,0.0,5,84784,67016,67992
42,0.0,1,72792,40368,41368
42,0.0,2,53104,41752,42752
42,0.0,3,52360,37384,38384
42,0.0,4,53432,39704,40688
42,0.0,5,53112,40064,41064
43,0.0,1,60048,37400,38424
43,0.0,2,45872,32296,33320
43,0.0,3,67720,55280,56304
43,0.0,4,50384,29720,30728
43,0.0,5,62680,51888,52912
44,0.0,1,87536,54768,55816
44,0.0,2,66160,38456,39504
44,0.0,3,53280,43416,44464
44,0.0,4,60584,38912,39960
44,0.0,5,50968,37320,38368
45,0.0,1,54520,31608,32664
45,0.0,2,44016,27272,28344
45,0.0,3,59296,43944,45016
45,0.0,4,53200,38056,39128
45,0.0,5,54632,31784,32840
46,0.0,1,44904,33640,34736
46,0.0,2,69120,54816,55912
46,0.0,3,43648,25512,26608
46,0.0,4,62752,44344,45440
46,0.0,5,64456,40624,41720
47,0.0,1,59432,36736,37856
47,0.0,2,51480,35088,36208
47,0.0,3,70456,40800,41920
47,0.0,4,72528,54208,55328
47,0.0,5,61376,42384,43504
48,0.0,1,72072,52056,53200
48,0.0,2,86512,62608,63752
48,0.0,3,55760,37008,38152
48,0.0,4,42152,33216,34360
48,0.0,5,93216,55592,56736
49,0.0,1,81152,53256,54424
49,0.0,2,76272,64352,65520
49,0.0,3,67984,40688,41856
49,0.0,4,74256,44904,46072
49,0.0,5,58672,37152,38320
50,0.0,1,91104,63488,64680
50,0.0,2,108016,66504,67696
50,0.0,3,63848,50680,51872
50,0.0,4,65912,45680,46872
50,0.0,5,81872,53760,54952
51,0.0,1,61504,42720,43936
51,0.0,2,66704,38344,39560
51,0.0,3,92160,50984,52200
51,0.0,4,87912,70224,71440
51,0.0,5,48952,43792,45008
52,0.0,1,58776,45040,46280
52,0.0,2,66568,44976,46216
52,0.0,3,75688,47544,48784
52,0.0,4,61184,54016,55256
52,0.0,5,77320,45616,46856
53,0.0,1,92984,53736,55000
53,0.0,2,74992,44456,45720
53,0.0,3,69888,45256,46520
53,0.0,4,102424,63152,64416
53,0.0,5,93464,70632,71896
54,0.0,1,91592,44960,46248
54,0.0,2,53792,31240,32528
54,0.0,3,72480,48424,49712
54,0.0,4,103456,48248,49536
54,0.0,5,72272,42168,43456
55,0.0,1,113720,60944,62256
55,0.0,2,58280,36624,37936
55,0.0,3,83688,44864,46176
55,0.0,4,114984,73984,75296
55,0.0,5,72736,48976,50288
56,0.0,1,62008,49112,50448
56,0.0,2,60032,42000,43336
56,0.0,3,90640,48192,49528
56,0.0,4,90560,56320,57656
56,0.0,5,86488,54624,55960
57,0.0,1,86712,46624,47984
57,0.0,2,97240,61904,63264
57,0.0,3,79720,46760,48120
57,0.0,4,102672,64328,65688
57,0.0,5,108176,60440,61800
58,0.0,1,110536,79872,81256
58,0.0,2,75000,47376,48760
58,0.0,3,66264,54160,55544
58,0.0,4,109992,60384,61768
58,0.0,5,77336,53096,54480
59,0.0,1,126512,60232,61640
59,0.0,2,81072,39976,41384
59,0.0,3,88904,50208,51616
59,0.0,4,69176,41520,42928
59,0.0,5,87936,57704,59112
60,0.0,1,116952,67608,69040
60,0.0,2,86072,52200,53616
60,0.0,3,95408,67648,69080
60,0.0,4,117384,66840,68272
60,0.0,5,80384,58592,60024
61,0.0,1,101360,55928,57384
61,0.0,2,148920,67576,69032
61,0.0,3,97888,61056,62512
61,0.0,4,117856,63760,65216
61,0.0,5,59328,36496,37952
62,0.0,1,107576,51064,52544
62,0.0,2,82208,46848,48328
62,0.0,3,103440,82680,84160
62,0.0,4,103592,49264,50744
62,0.0,5,111384,58568,60048
63,0.0,1,101960,44504,46008
63,0.0,2,118728,69336,70840
63,0.0,3,92336,61104,62608
63,0.0,4,87336,57760,59264
63,0.0,5,100440,49768,51272
64,0.0,1,137104,75952,77480
64,0.0,2,76992,48984,50512
64,0.0,3,80416,40472,41984
64,0.0,4,79880,47704,49216
64,0.0,5,104384,70520,72048
65,0.0,1,76296,44688,46240
65,0.0,2,88024,46416,47968
65,0.0,3,138032,85384,86936
65,0.0,4,128296,65984,67536
65,0.0,5,111536,54576,56128
66,0.0,1,84216,46768,48328
66,0.0,2,85112,53240,54816
66,0.0,3,72104,52976,54552
66,0.0,4,109600,58336,59912
66,0.0,5,111528,60304,61880
67,0.0,1,112528,58768,60368
67,0.0,2,80376,32072,33672
67,0.0,3,131552,70912,72512
67,0.0,4,148760,75432,77032
67,0.0,5,99544,52464,54064
68,0.0,1,86560,52752,54376
68,0.0,2,116072,57528,59152
68,0.0,3,135616,70984,72608
68,0.0,4,143200,65784,67408
68,0.0,5,94936,61584,63208
69,0.0,1,113728,49656,51304
69,0.0,2,137248,71928,73576
69,0.0,3,86496,77520,79168
69,0.0,4,163808,80584,82232
69,0.0,5,85480,56872,58520
70,0.0,1,90304,50008,51680
70,0.0,2,123024,71288,72960
70,0.0,3,99632,51184,52856
70,0.0,4,157272,65968,67640
70,0.0,5,114816,76336,78008
71,0.0,1,114632,60824,62520
71,0.0,2,107520,65040,66736
71,0.0,3,141392,65752,67448
71,0.0,4,100256,59992,61688
71,0.0,5,151840,80712,82408
72,0.0,1,114560,62248,63968
72,0.0,2,163224,76792,78512
72,0.0,3,137472,69912,71632
72,0.0,4,129232,58784,60504
72,0.0,5,86608,56296,58016
73,0.0,1,125144,57064,58808
73,0.0,2,132712,64960,66688
73,0.0,3,117688,68440,70184
73,0.0,4,151520,82528,84272
73,0.0,5,109312,54256,56000
74,0.0,1,103736,57776,59544
74,0.0,2,110976,66736,68504
74,0.0,3,170912,84144,85912
74,0.0,4,115808,71512,73280
74,0.0,5,146048,68864,70632
75,0.0,1,144048,92040,93832
75,0.0,2,156880,83392,85184
75,0.0,3,156080,78800,80592
75,0.0,4,125928,67464,69256
75,0.0,5,117120,63752,65544
76,0.0,1,169608,85712,87528
76,0.0,2,194248,86280,88096
76,0.0,3,179616,71752,73568
76,0.0,4,148424,74704,76520
76,0.0,5,169920,76880,78696
77,0.0,1,193760,72528,74368
77,0.0,2,127104,60688,62528
77,0.0,3,163128,96960,98800
77,0.0,4,151976,82920,84744
77,0.0,5,101552,46944,48784
78,0.0,1,169824,76584,78448
78,0.0,2,167496,72336,74200
78,0.0,3,134264,63776,65640
78,0.0,4,141640,81272,83136
78,0.0,5,110920,60648,62512
79,0.0,1,140576,77032,78920
79,0.0,2,109280,46528,48416
79,0.0,3,159320,71392,73280
79,0.0,4,195640,73824,75712
79,0.0,5,170672,75032,76920
80,0.0,1,175624,74688,76600
80,0.0,2,189544,75920,77832
80,0.0,3,104896,64560,66472
80,0.0,4,173024,74408,76320
80,0.0,5,173520,82024,83936
81,0.0,1,132648,61392,63328
81,0.0,2,172272,88816,90752
81,0.0,3,163280,64520,66456
81,0.0,4,133000,61112,63048
81,0.0,5,163496,70304,72240
82,0.0,1,188288,78360,80320
82,0.0,2,213880,77464,79408
82,0.0,3,180480,90672,92632
82,0.0,4,130344,70648,72608
82,0.0,5,135296,68328,70288
83,0.0,1,155408,88624,90608
83,0.0,2,251336,110872,112856
83,0.0,3,216320,90376,92360
83,0.0,4,149520,80104,82088
83,0.0,5,195616,92600,94584
84,0.0,1,113320,74152,76160
84,0.0,2,156000,68496,70504
84,0.0,3,168464,73848,75856
84,0.0,4,198272,91152,93160
84,0.0,5,233264,101448,103456
85,0.0,1,152000,80976,83008
85,0.0,2,166600,77016,79048
85,0.0,3,149896,64616,66648
85,0.0,4,120664,61368,63400
85,0.0,5,156928,74096,76128
86,0.0,1,151120,98096,100152
86,0.0,2,171160,69680,71736
86,0.0,3,162328,80064,82120
86,0.0,4,174672,89352,91408
86,0.0,5,216728,109784,111840
87,0.0,1,146048,68056,70136
87,0.0,2,212176,100680,102760
87,0.0,3,183552,81912,83992
87,0.0,4,178072,76864,78944
87,0.0,5,138408,83088,85168
88,0.0,1,170600,72224,74328
88,0.0,2,195096,99592,101696
88,0.0,3,183888,98808,100912
88,0.0,4,119360,49392,51496
88,0.0,5,144720,91608,93712
89,0.0,1,195752,88920,91048
89,0.0,2,160016,78016,80144
89,0.0,3,172800,68672,70800
89,0.0,4,187328,91424,93552
89,0.0,5,169504,78120,80248
90,0.0,1,170736,78008,80160
90,0.0,2,189032,80872,83024
90,0.0,3,162456,69264,71416
90,0.0,4,223416,77808,79960
90,0.0,5,162520,77456,79608
91,0.0,1,176384,81344,83520
91,0.0,2,186696,81552,83728
91,0.0,3,164952,73744,75920
91,0.0,4,252136,97976,100152
91,0.0,5,201280,81104,83280
92,0.0,1,228464,89928,92128
92,0.0,2,248440,86920,89120
92,0.0,3,206488,76464,78664
92,0.0,4,210832,79968,82168
92,0.0,5,227864,101040,103240
93,0.0,1,151904,82864,85088
93,0.0,2,293280,100456,102680
93,0.0,3,190832,91416,93640
93,0.0,4,179648,83456,85680
93,0.0,5,272504,107968,110192
94,0.0,1,220400,88104,90352
94,0.0,2,137184,69432,71680
94,0.0,3,153040,68840,71088
94,0.0,4,189088,95288,97536
94,0.0,5,162272,78952,81200
95,0.0,1,262664,100896,103168
95,0.0,2,201712,85256,87528
95,0.0,3,187152,89552,91824
95,0.0,4,231032,102840,105112
95,0.0,5,214088,86168,88440
96,0.0,1,249792,95072,97368
96,0.0,2,219416,90744,93040
96,0.0,3,165392,74456,76752
96,0.0,4,255136,105312,107608
96,0.0,5,228984,98584,100880
97,0.0,1,215072,87816,90136
97,0.0,2,180016,89424,91744
97,0.0,3,232016,96056,98376
97,0.0,4,249544,120152,122472
97,0.0,5,200760,82632,84952
98,0.0,1,198392,97872,100216
98,0.0,2,270240,115536,117880
98,0.0,3,249488,101368,103712
98,0.0,4,220912,98592,100936
98,0.0,5,228464,100104,102448
99,0.0,1,181592,83240,85608
99,0.0,2,225136,105816,108184
99,0.0,3,187136,88432,90800
99,0.0,4,241832,103840,106208
99,0.0,5,209560,95944,98312
100,0.0,1,141840,63056,65448
100,0.0,2,269680,110360,112752
100,0.0,3,241160,98944,101336
100,0.0,4,223880,90064,92456
100,0.0,5,259816,87200,89592
1,0.1,1,4008,16,16
1,0.1,2,3976,16,16
1,0.1,3,3976,16,16
1,0.1,4,4008,16,16
1,0.1,5,3960,16,16
2,0.1,1,4392,216,240
2,0.1,2,4352,592,616
2,0.1,3,4328,456,480
2,0.1,4,4304,488,512
2,0.1,5,4280,320,344
3,0.1,1,4552,4360,4408
3,0.1,2,4600,832,880
3,0.1,3,4552,984,1032
3,0.1,4,5416,2840,2888
3,0.1,5,6232,4216,4248
4,0.1,1,6792,9040,9096
4,0.1,2,6928,5112,5184
4,0.1,3,4840,1208,1280
4,0.1,4,6752,5248,5320
4,0.1,5,7696,10320,10376
5,0.1,1,5272,1584,1680
5,0.1,2,7200,9496,9576
5,0.1,3,5768,7368,7480
5,0.1,4,5288,1808,1904
5,0.1,5,5240,4152,4248
6,0.1,1,6560,3744,3848
6,0.1,2,9240,7576,7680
6,0.1,3,5448,4760,4896
6,0.1,4,7720,7808,7944
6,0.1,5,5584,2224,2328
7,0.1,1,6904,5464,5608
7,0.1,2,8208,5136,5280
7,0.1,3,16864,17816,17976
7,0.1,4,5840,10944,11104
7,0.1,5,5952,2424,2568
8,0.1,1,8944,8720,8888
8,0.1,2,6584,4144,4312
8,0.1,3,9480,8888,9056
8,0.1,4,6368,2944,3112
8,0.1,5,6240,3360,3528
9,0.1,1,9392,8904,9096
9,0.1,2,9520,7600,7792
9,0.1,3,9416,8856,9048
9,0.1,4,13784,19992,20184
9,0.1,5,8872,10408,10600
10,0.1,1,6872,4896,5112
10,0.1,2,6968,2952,3152
10,0.1,3,9696,8032,8264
10,0.1,4,7064,6760,6976
10,0.1,5,7120,4664,4880
11,0.1,1,8560,10704,10944
11,0.1,2,8656,12496,12736
11,0.1,3,9112,9488,9744
11,0.1,4,8104,4920,5160
11,0.1,5,10232,14032,14272
12,0.1,1,11664,13168,13416
12,0.1,2,13432,10168,10432
12,0.1,3,15392,15960,16240
12,0.1,4,13896,15488,15752
12,0.1,5,7744,6296,6576
13,0.1,1,14120,13016,13304
13,0.1,2,9376,5856,6128
13,0.1,3,16040,18136,18440
13,0.1,4,13376,10920,11208
13,0.1,5,11448,14112,14400
14,0.1,1,9696,5816,6128
14,0.1,2,12384,10832,11144
14,0.1,3,14872,14232,14528
14,0.1,4,15528,17344,17656
14,0.1,5,13800,14400,14696
15,0.1,1,19192,19824,20160
15,0.1,2,17384,24152,24488
15,0.1,3,11352,13096,13448
15,0.1,4,18336,17080,17432
15,0.1,5,12392,9792,10112
16,0.1,1,13120,15080,15440
16,0.1,2,16216,19952,20312
16,0.1,3,12040,15120,15480
16,0.1,4,9400,6296,6656
16,0.1,5,18712,22024,22368
17,0.1,1,15016,12016,12416
17,0.1,2,19936,19768,20152
17,0.1,3,17608,27744,28144
17,0.1,4,17736,19320,19720
17,0.1,5,24384,22312,22712
18,0.1,1,17720,18840,19248
18,0.1,2,20032,15624,16048
18,0.1,3,10560,9960,10384
18,0.1,4,12640,7768,8176
18,0.1,5,13272,10976,11384
19,0.1,1,22504,17984,18432
19,0.1,2,14472,17640,18072
19,0.1,3,17192,18464,18912
19,0.1,4,24256,22040,22488
19,0.1,5,30960,28888,29320
20,0.1,1,21600,24440,24912
20,0.1,2,20160,16608,17080
20,0.1,3,16312,14064,14536
20,0.1,4,21320,25368,25840
20,0.1,5,24528,23184,23656
21,0.1,1,25024,24264,24760
21,0.1,2,14880,14928,15424
21,0.1,3,14800,13128,13624
21,0.1,4,30192,34944,35440
21,0.1,5,33352,42352,42848
22,0.1,1,23608,23672,24176
22,0.1,2,24280,25576,26096
22,0.1,3,27432,23040,23544
22,0.1,4,26144,31744,32264
22,0.1,5,31160,25208,25728
23,0.1,1,24784,18144,18688
23,0.1,2,28648,26416,26944
23,0.1,3,30592,27808,28352
23,0.1,4,13272,8792,9320
23,0.1,5,21072,15272,15816
24,0.1,1,15328,9464,10032
24,0.1,2,36240,34408,34976
24,0.1,3,29952,26592,27160
24,0.1,4,26056,27696,28264
24,0.1,5,17808,14120,14672
25,0.1,1,23688,23016,23608
25,0.1,2,25112,25976,26552
25,0.1,3,19536,16824,17416
25,0.1,4,30056,22856,23448
25,0.1,5,29088,26552,27144
26,0.1,1,27048,25264,25880
26,0.1,2,19592,17808,18424
26,0.1,3,34432,30648,31264
26,0.1,4,34000,36048,36664
26,0.1,5,33600,33424,34040
27,0.1,1,34560,25448,26088
27,0.1,2,25200,23984,24624
27,0.1,3,24816,17624,18264
27,0.1,4,37952,25912,26552
27,0.1,5,31312,26568,27208
28,0.1,1,47672,42544,43208
28,0.1,2,23368,23912,24560
28,0.1,3,18016,14104,14752
28,0.1,4,24184,18848,19512
28,0.1,5,30888,25112,25776
29,0.1,1,45208,36312,37000
29,0.1,2,27600,24976,25664
29,0.1,3,39880,27984,28672
29,0.1,4,59464,42576,43264
29,0.1,5,23984,18120,18808
30,0.1,1,35296,29928,30624
30,0.1,2,36256,33216,33928
30,0.1,3,26192,22848,23544
30,0.1,4,32480,30080,30792
30,0.1,5,27864,22600,23312
31,0.1,1,46920,36304,37040
31,0.1,2,27064,26456,27192
31,0.1,3,23912,18216,18952
31,0.1,4,30648,20728,21464
31,0.1,5,32312,38808,39544
32,0.1,1,41344,33272,34032
32,0.1,2,55104,46792,47536
32,0.1,3,42752,30712,31456
32,0.1,4,40272,24648,25392
32,0.1,5,32232,29816,30576
33,0.1,1,35416,32936,33720
33,0.1,2,44592,37928,38712
33,0.1,3,40552,31320,32104
33,0.1,4,38056,26272,27056
33,0.1,5,35992,32456,33224
34,0.1,1,41904,38472,39280
34,0.1,2,54136,43384,44192
34,0.1,3,47744,36336,37144
34,0.1,4,65088,52208,53016
34,0.1,5,32832,30088,30896
35,0.1,1,60240,47560,48392
35,0.1,2,35688,22896,23728
35,0.1,3,41264,42672,43504
35,0.1,4,27240,25192,26024
35,0.1,5,24528,16872,17704
36,0.1,1,47488,30648,31488
36,0.1,2,35880,37216,38072
36,0.1,3,32576,32208,33064
36,0.1,4,71656,55696,56552
36,0.1,5,51360,40584,41440
37,0.1,1,44064,42944,43824
37,0.1,2,44792,32512,33392
37,0.1,3,37584,35824,36704
37,0.1,4,43376,36088,36968
37,0.1,5,40648,25448,26328
38,0.1,1,65112,53368,54272
38,0.1,2,50680,39032,39936
38,0.1,3,31008,26096,27000
38,0.1,4,46760,32168,33072
38,0.1,5,50120,43064,43968
39,0.1,1,55864,45304,46232
39,0.1,2,41720,36784,37712
39,0.1,3,54048,30512,31440
39,0.1,4,67736,47632,48560
39,0.1,5,44736,36472,37400
40,0.1,1,51616,45728,46680
40,0.1,2,48224,48104,49056
40,0.1,3,44624,43944,44896
40,0.1,4,58920,42280,43232
40,0.1,5,35288,22952,23904
41,0.1,1,71528,51944,52920
41,0.1,2,69360,46040,47016
41,0.1,3,49784,31272,32248
41,0.1,4,62872,42504,43480
41,0.1,5,46184,43384,44360
42,0.1,1,40936,32832,33832
42,0.1,2,49688,36912,37912
42,0.1,3,88368,65736,66736
42,0.1,4,60344,45752,46752
42,0.1,5,45288,27888,28888
43,0.1,1,51488,30720,31744
43,0.1,2,66664,42352,43376
43,0.1,3,45952,27752,28776
43,0.1,4,45432,33840,34864
43,0.1,5,64744,39424,40432
44,0.1,1,53232,41936,42984
44,0.1,2,38896,24592,25640
44,0.1,3,78784,51920,52968
44,0.1,4,49512,32216,33264
44,0.1,5,56688,35216,36264
45,0.1,1,80200,58160,59232
45,0.1,2,70808,43680,44752
45,0.1,3,49272,42296,43368
45,0.1,4,39608,29872,30944
45,0.1,5,71880,50560,51632
46,0.1,1,54920,29792,30888
46,0.1,2,71824,45168,46264
46,0.1,3,68048,45480,46576
46,0.1,4,52304,37600,38696
46,0.1,5,50320,38024,39120
47,0.1,1,75080,47024,48144
47,0.1,2,68488,48416,49536
47,0.1,3,61600,52912,54032
47,0.1,4,69968,43600,44720
47,0.1,5,53936,50808,51928
48,0.1,1,61104,42328,43472
48,0.1,2,89080,57792,58936
48,0.1,3,41576,29072,30216
48,0.1,4,78880,42696,43840
48,0.1,5,78128,48112,49256
49,0.1,1,55080,35144,36312
49,0.1,2,48160,42648,43816
49,0.1,3,60152,39408,40576
49,0.1,4,90848,48296,49464
49,0.1,5,69096,48224,49392
50,0.1,1,61408,40752,41944
50,0.1,2,131632,65720,66912
50,0.1,3,85864,52192,53384
50,0.1,4,71888,55600,56792
50,0.1,5,65856,44952,46144
51,0.1,1,88448,47376,48592
51,0.1,2,84936,63888,65104
51,0.1,3,85032,70136,71352
51,0.1,4,76432,53392,54608
51,0.1,5,70464,43488,44704
52,0.1,1,58472,40200,41440
52,0.1,2,101336,57976,59216
52,0.1,3,75448,49480,50720
52,0.1,4,66024,39720,40960
52,0.1,5,79872,47304,48544
53,0.1,1,70456,40576,41840
53,0.1,2,68104,54672,55936
53,0.1,3,67336,40920,42184
53,0.1,4,64448,39024,40288
53,0.1,5,87944,51280,52544
54,0.1,1,75152,42304,43592
54,0.1,2,71912,52960,54248
54,0.1,3,61384,42664,43952
54,0.1,4,51432,26064,27336
54,0.1,5,72184,50968,52256
55,0.1,1,55688,43952,45264
55,0.1,2,64632,56240,57552
55,0.1,3,58560,41368,42680
55,0.1,4,104296,64080,65392
55,0.1,5,110112,56680,57992
56,0.1,1,89880,61280,62616
56,0.1,2,73280,51640,52976
56,0.1,3,65224,35568,36904
56,0.1,4,108512,71960,73296
56,0.1,5,50576,38504,39840
57,0.1,1,78528,44208,45568
57,0.1,2,81872,43112,44472
57,0.1,3,98800,46080,47440
57,0.1,4,88176,65840,67200
57,0.1,5,75824,55096,56456
58,0.1,1,141856,66536,67920
58,0.1,2,72440,48408,49792
58,0.1,3,99280,58568,59952
58,0.1,4,74456,47952,49336
58,0.1,5,81128,41440,42824
59,0.1,1,66080,33744,35152
59,0.1,2,63104,42112,43520
59,0.1,3,83056,49544,50952
59,0.1,4,122920,71536,72944
59,0.1,5,74896,59400,60808
60,0.1,1,145384,69728,71160
60,0.1,2,105784,63216,64648
60,0.1,3,99944,57840,59272
60,0.1,4,114632,60728,62160
60,0.1,5,88384,55928,57360
61,0.1,1,98984,49416,50872
61,0.1,2,92456,59096,60552
61,0.1,3,89040,50752,52208
61,0.1,4,149592,74424,75880
61,0.1,5,94328,60272,61728
62,0.1,1,96928,53528,55008
62,0.1,2,130168,65184,66664
62,0.1,3,93376,55488,56968
62,0.1,4,93984,64024,65504
62,0.1,5,78936,54728,56208
63,0.1,1,134536,81264,82768
63,0.1,2,130536,65152,66656
63,0.1,3,76120,43520,45024
63,0.1,4,134032,74440,75944
63,0.1,5,96000,60592,62096
64,0.1,1,104368,68056,69584
64,0.1,2,154240,68408,69920
64,0.1,3,138752,70672,72200
64,0.1,4,79184,51632,53144
64,0.1,5,92048,57864,59392
65,0.1,1,185008,87112,88664
65,0.1,2,122664,58888,60440
65,0.1,3,134960,67704,69256
65,0.1,4,133136,70600,72152
65,0.1,5,116608,65872,67424
66,0.1,1,106760,63456,65032
66,0.1,2,87096,45104,46680
66,0.1,3,119400,64672,66248
66,0.1,4,100280,44072,45648
66,0.1,5,109768,60328,61904
67,0.1,1,114912,54056,55656
67,0.1,2,113016,64328,65928
67,0.1,3,107264,73936,75536
67,0.1,4,113792,61416,63016
67,0.1,5,85872,66376,67976
68,0.1,1,114832,57512,59136
68,0.1,2,103112,55496,57120
68,0.1,3,120728,61112,62736
68,0.1,4,95072,64552,66176
68,0.1,5,93328,47840,49464
69,0.1,1,114272,69744,71392
69,0.1,2,123976,59504,61152
69,0.1,3,87800,57584,59232
69,0.1,4,165792,71552,73200
69,0.1,5,121624,70032,71680
70,0.1,1,89632,40296,41968
70,0.1,2,132536,63000,64672
70,0.1,3,173528,78816,80488
70,0.1,4,105224,75568,77240
70,0.1,5,88472,75408,77080
71,0.1,1,126080,65392,67088
71,0.1,2,113264,63824,65520
71,0.1,3,109144,56920,58616
71,0.1,4,150576,69600,71296
71,0.1,5,97896,56168,57864
72,0.1,1,116304,71208,72928
72,0.1,2,137816,81776,83496
72,0.1,3,137912,84144,85864
72,0.1,4,148648,71040,72760
72,0.1,5,169416,87160,88880
73,0.1,1,198144,79336,81080
73,0.1,2,144480,68448,70192
73,0.1,3,152504,66424,68168
73,0.1,4,103944,68496,70240
73,0.1,5,121592,68688,70432
74,0.1,1,158664,75312,77080
74,0.1,2,98824,59672,61440
74,0.1,3,143016,74368,76136
74,0.1,4,200424,91440,93208
74,0.1,5,69592,47352,49120
75,0.1,1,141136,75552,77344
75,0.1,2,104248,60088,61880
75,0.1,3,144232,84600,86392
75,0.1,4,100640,49672,51448
75,0.1,5,129720,68512,70304
76,0.1,1,89488,64712,66528
76,0.1,2,104160,47952,49768
76,0.1,3,157696,81048,82864
76,0.1,4,128744,76184,78000
76,0.1,5,131352,61376,63192
77,0.1,1,147560,79856,81696
77,0.1,2,188720,93272,95112
77,0.1,3,191656,80280,82120
77,0.1,4,132840,83536,85376
77,0.1,5,96296,54200,56040
78,0.1,1,179480,93992,95856
78,0.1,2,159304,70496,72360
78,0.1,3,88272,56088,57952
78,0.1,4,126208,61672,63536
78,0.1,5,137384,66744,68608
79,0.1,1,106280,60480,62368
79,0.1,2,88936,43312,45200
79,0.1,3,159336,86688,88576
79,0.1,4,110936,64408,66296
79,0.1,5,133784,64136,66024
80,0.1,1,173400,77424,79336
80,0.1,2,143992,77064,78976
80,0.1,3,151848,72432,74344
80,0.1,4,162328,78440,80352
80,0.1,5,194240,90408,92320
81,0.1,1,150592,65952,67888
81,0.1,2,130080,72640,74576
81,0.1,3,158368,71520,73456
81,0.1,4,139280,92616,94552
81,0.1,5,134760,72080,74016
82,0.1,1,188256,77608,79568
82,0.1,2,150696,72632,74592
82,0.1,3,170552,82352,84312
82,0.1,4,135096,67184,69144
82,0.1,5,115296,61640,63600
83,0.1,1,141952,71680,73664
83,0.1,2,127312,58024,60008
83,0.1,3,156504,75592,77576
83,0.1,4,194288,71344,73328
83,0.1,5,208472,92568,94552
84,0.1,1,188832,83112,85120
84,0.1,2,220176,111208,113216
84,0.1,3,135888,71152,73160
84,0.1,4,121840,64128,66136
84,0.1,5,112280,61936,63944
85,0.1,1,153768,69696,71728
85,0.1,2,184832,75272,77304
85,0.1,3,166920,86560,88592
85,0.1,4,137368,51216,53248
85,0.1,5,161048,72216,74248
86,0.1,1,116112,58992,61048
86,0.1,2,248992,91600,93656
86,0.1,3,205040,82416,84472
86,0.1,4,147040,74256,76312
86,0.1,5,146664,70144,72200
87,0.1,1,161520,74736,76816
87,0.1,2,190712,83728,85808
87,0.1,3,165824,80840,82920
87,0.1,4,198968,85664,87744
87,0.1,5,179104,88168,90248
88,0.1,1,198352,79752,81856
88,0.1,2,227472,93296,95400
88,0.1,3,164256,74104,76208
88,0.1,4,209760,83808,85912
88,0.1,5,154824,63632,65736
89,0.1,1,146256,67936,70064
89,0.1,2,159688,78184,80312
89,0.1,3,246152,94536,96664
89,0.1,4,139392,70784,72912
89,0.1,5,222240,98664,100792
90,0.1,1,207088,93048,95200
90,0.1,2,200464,105168,107320
90,0.1,3,201328,69688,71840
90,0.1,4,170960,80584,82736
90,0.1,5,237104,94864,97016
91,0.1,1,209632,93328,95504
91,0.1,2,156400,72072,74248
91,0.1,3,248464,108448,110624
91,0.1,4,122128,65608,67784
91,0.1,5,200008,82816,84992
92,0.1,1,182696,83896,86096
92,0.1,2,160304,68600,70800
92,0.1,3,184320,82032,84232
92,0.1,4,229704,86144,88344
92,0.1,5,283072,104280,106480
93,0.1,1,144768,86496,88720
93,0.1,2,235864,92000,94224
93,0.1,3,226984,89728,91952
93,0.1,4,209816,90664,92888
93,0.1,5,174272,70232,72456
94,0.1,1,203192,91952,94200
94,0.1,2,182640,81880,84128
94,0.1,3,211408,90400,92648
94,0.1,4,195520,87576,89824
94,0.1,5,215920,98800,101048
95,0.1,1,213128,91864,94136
95,0.1,2,239064,89408,91680
95,0.1,3,258192,91232,93504
95,0.1,4,210128,80128,82400
95,0.1,5,210064,92520,94792
96,0.1,1,154856,64608,66904
96,0.1,2,214928,93160,95456
96,0.1,3,196864,96568,98864
96,0.1,4,277904,109272,111552
96,0.1,5,227624,87168,89464
97,0.1,1,264344,100400,102720
97,0.1,2,237352,93944,96264
97,0.1,3,171976,76912,79232
97,0.1,4,248552,95720,98040
97,0.1,5,276232,100040,102360
98,0.1,1,214336,85136,87480
98,0.1,2,198352,91424,93768
98,0.1,3,233568,78800,81144
98,0.1,4,282536,116080,118424
98,0.1,5,224776,89448,91792
99,0.1,1,193192,83896,86264
99,0.1,2,217064,93584,95952
99,0.1,3,242664,94408,96776
99,0.1,4,222672,90552,92920
99,0.1,5,197824,104472,106840
100,0.1,1,245440,99032,101424
100,0.1,2,204400,88768,91160
100,0.1,3,298592,128184,130576
100,0.1,4,182288,71208,73600
100,0.1,5,193344,90184,92576
1,0.2,1,3976,16,16
1,0.2,2,3960,16,16
1,0.2,3,4008,16,16
1,0.2,4,3912,16,16
1,0.2,5,4008,16,16
2,0.2,1,4272,432,456
2,0.2,2,4280,320,344
2,0.2,3,4288,560,584
2,0.2,4,4224,432,456
2,0.2,5,4384,848,872
3,0.2,1,4664,1152,1200
3,0.2,2,4608,1144,1192
3,0.2,3,6664,5024,5072
3,0.2,4,4624,3584,3632
3,0.2,5,4568,808,856
4,0.2,1,4928,1080,1152
4,0.2,2,8152,7232,7304
4,0.2,3,4888,1112,1184
4,0.2,4,4880,1648,1736
4,0.2,5,4888,1352,1424
5,0.2,1,5216,4824,4920
5,0.2,2,5280,2896,2992
5,0.2,3,5344,9424,9536
5,0.2,4,7144,5880,5976
5,0.2,5,5592,2104,2200
6,0.2,1,6880,5320,5440
6,0.2,2,7200,5624,5728
6,0.2,3,5568,2224,2344
6,0.2,4,5592,2440,2560
6,0.2,5,6176,3192,3312
7,0.2,1,8064,6488,6616
7,0.2,2,5896,7384,7512
7,0.2,3,8128,11200,11328
7,0.2,4,5968,3040,3184
7,0.2,5,9384,8840,8984
8,0.2,1,11464,9600,9784
8,0.2,2,6264,3072,3240
8,0.2,3,11816,11000,11168
8,0.2,4,6128,2752,2920
8,0.2,5,8232,8440,8624
9,0.2,1,10296,10888,11096
9,0.2,2,10088,8240,8448
9,0.2,3,12216,13000,13176
9,0.2,4,16152,19336,19544
9,0.2,5,11880,11392,11600
10,0.2,1,10424,9272,9488
10,0.2,2,11680,11528,11728
10,0.2,3,10312,9352,9552
10,0.2,4,7112,3848,4064
10,0.2,5,14368,14920,15136
11,0.2,1,12928,15744,16000
11,0.2,2,7600,4488,4728
11,0.2,3,7048,3416,3672
11,0.2,4,13728,17536,17792
11,0.2,5,7608,4632,4872
12,0.2,1,9056,8704,8984
12,0.2,2,8584,4624,4888
12,0.2,3,14744,18800,19064
12,0.2,4,7624,12520,12800
12,0.2,5,9440,11368,11648
13,0.2,1,8568,4392,4696
13,0.2,2,12544,11344,11632
13,0.2,3,12584,11704,11992
13,0.2,4,12992,13040,13344
13,0.2,5,15888,17896,18200
14,0.2,1,13448,11648,11960
14,0.2,2,11544,10352,10664
14,0.2,3,10936,14336,14632
14,0.2,4,18592,25488,25784
14,0.2,5,15432,14088,14400
15,0.2,1,11120,12656,12976
15,0.2,2,19552,16224,16560
15,0.2,3,16472,13584,13936
15,0.2,4,17560,19048,19368
15,0.2,5,17080,19456,19792
16,0.2,1,9184,4792,5152
16,0.2,2,10624,19056,19400
16,0.2,3,10648,8056,8432
16,0.2,4,9264,13528,13888
16,0.2,5,14368,20704,21064
17,0.2,1,15832,17728,18128
17,0.2,2,20104,22088,22488
17,0.2,3,10032,7400,7800
17,0.2,4,10640,8904,9288
17,0.2,5,11496,8696,9096
18,0.2,1,22096,17528,17952
18,0.2,2,22752,25512,25920
18,0.2,3,16544,13480,13888
18,0.2,4,17080,12728,13152
18,0.2,5,16576,12952,13360
19,0.2,1,12096,8392,8824
19,0.2,2,27320,22352,22784
19,0.2,3,15488,19184,19632
19,0.2,4,26568,26688,27136
19,0.2,5,16984,23536,23968
20,0.2,1,17336,13376,13832
20,0.2,2,18592,19024,19496
20,0.2,3,17840,14288,14744
20,0.2,4,12912,10216,10688
20,0.2,5,30824,30664,31136
21,0.2,1,27528,26032,26528
21,0.2,2,14240,17248,17744
21,0.2,3,25192,20832,21328
21,0.2,4,14928,14776,15272
21,0.2,5,13200,9504,9984
22,0.2,1,37712,31216,31736
22,0.2,2,13080,12808,13328
22,0.2,3,17576,16600,17120
22,0.2,4,20136,19304,19824
22,0.2,5,18864,21872,22392
23,0.2,1,33584,33344,33888
23,0.2,2,20256,23592,24136
23,0.2,3,13648,14240,14784
23,0.2,4,38984,31496,32040
23,0.2,5,23384,18928,19472
24,0.2,1,17264,19176,19744
24,0.2,2,24392,20192,20744
24,0.2,3,31680,24640,25208
24,0.2,4,28992,27152,27720
24,0.2,5,32792,26824,27392
25,0.2,1,18712,16560,17136
25,0.2,2,27568,23944,24536
25,0.2,3,17360,14472,15064
25,0.2,4,24400,35632,36208
25,0.2,5,30744,30208,30800
26,0.2,1,19016,16312,16928
26,0.2,2,20792,22944,23560
26,0.2,3,26720,21496,22112
26,0.2,4,24952,16720,17320
26,0.2,5,28128,28064,28680
27,0.2,1,17728,19384,20008
27,0.2,2,20944,17680,18320
27,0.2,3,27080,19600,20240
27,0.2,4,35728,36576,37216
27,0.2,5,20856,23264,23904
28,0.2,1,35952,33952,34616
28,0.2,2,18000,13088,13736
28,0.2,3,27720,23576,24240
28,0.2,4,18856,19000,19664
28,0.2,5,24776,18576,19240
29,0.2,1,40120,29088,29776
29,0.2,2,19528,17896,18584
29,0.2,3,37784,36440,37128
29,0.2,4,38504,34960,35632
29,0.2,5,45640,36672,37360
30,0.2,1,31528,24288,25000
30,0.2,2,40848,37552,38264
30,0.2,3,37080,25456,26168
30,0.2,4,25968,24784,25496
30,0.2,5,34224,32560,33272
31,0.2,1,32184,24264,25000
31,0.2,2,37120,37744,38480
31,0.2,3,28288,23616,24352
31,0.2,4,34864,28536,29272
31,0.2,5,33640,29352,30088
32,0.2,1,26352,26640,27400
32,0.2,2,25600,27544,28288
32,0.2,3,31416,21768,22528
32,0.2,4,38744,25384,26128
32,0.2,5,49552,36768,37512
33,0.2,1,27008,23072,23856
33,0.2,2,36376,35416,36200
33,0.2,3,51232,31736,32520
33,0.2,4,40160,34184,34968
33,0.2,5,35448,28640,29424
34,0.2,1,31544,21816,22608
34,0.2,2,29488,25160,25968
34,0.2,3,32008,26024,26832
34,0.2,4,41280,24520,25328
34,0.2,5,28504,26608,27416
35,0.2,1,34488,26896,27728
35,0.2,2,32464,24656,25488
35,0.2,3,48328,38672,39504
35,0.2,4,29152,29352,30184
35,0.2,5,49336,36536,37352
36,0.2,1,40568,28192,29048
36,0.2,2,61984,40656,41512
36,0.2,3,36352,27536,28392
36,0.2,4,49032,28128,28984
36,0.2,5,41536,34448,35304
37,0.2,1,51688,37208,38088
37,0.2,2,62984,49568,50448
37,0.2,3,32712,25048,25928
37,0.2,4,48040,34488,35368
37,0.2,5,47744,46104,46984
38,0.2,1,43408,35152,36040
38,0.2,2,45512,31976,32880
38,0.2,3,41656,27416,28320
38,0.2,4,44224,28376,29280
38,0.2,5,43960,39496,40400
39,0.2,1,64152,51496,52424
39,0.2,2,39840,29776,30704
39,0.2,3,67728,38160,39088
39,0.2,4,38216,24216,25144
39,0.2,5,44952,50096,51024
40,0.2,1,40800,24568,25520
40,0.2,2,73696,64112,65064
40,0.2,3,49800,39208,40144
40,0.2,4,44976,28144,29080
40,0.2,5,55680,32224,33176
41,0.2,1,64816,40528,41504
41,0.2,2,57688,38456,39432
41,0.2,3,73736,56344,57320
41,0.2,4,50968,46360,47336
41,0.2,5,47744,35120,36096
42,0.2,1,43384,31680,32664
42,0.2,2,58440,34664,35664
42,0.2,3,44744,37472,38472
42,0.2,4,59744,44736,45736
42,0.2,5,63848,47112,48112
43,0.2,1,54984,41280,42304
43,0.2,2,56560,43040,44064
43,0.2,3,61352,46464,47488
43,0.2,4,60424,47992,49016
43,0.2,5,78952,51720,52744
44,0.2,1,90040,83000,84048
44,0.2,2,32504,45664,46712
44,0.2,3,56592,33944,34992
44,0.2,4,36880,32408,33456
44,0.2,5,61752,36904,37952
45,0.2,1,58400,43584,44656
45,0.2,2,50496,31856,32928
45,0.2,3,53848,35896,36968
45,0.2,4,46480,30256,31328
45,0.2,5,77488,55424,56496
46,0.2,1,82040,49232,50328
46,0.2,2,61184,42728,43824
46,0.2,3,61784,33240,34320
46,0.2,4,81760,60216,61312
46,0.2,5,67936,50736,51832
47,0.2,1,55184,35328,36448
47,0.2,2,63800,50592,51712
47,0.2,3,71208,56904,58024
47,0.2,4,75856,44344,45464
47,0.2,5,93512,75672,76792
48,0.2,1,92032,47808,48952
48,0.2,2,64328,48280,49424
48,0.2,3,50488,44688,45832
48,0.2,4,77368,55824,56968
48,0.2,5,100928,54200,55344
49,0.2,1,86792,51808,52960
49,0.2,2,78248,50416,51584
49,0.2,3,65384,55464,56632
49,0.2,4,64136,37544,38712
49,0.2,5,59704,37888,39056
50,0.2,1,67656,47288,48480
50,0.2,2,43368,25296,26488
50,0.2,3,93392,52312,53504
50,0.2,4,68168,47384,48576
50,0.2,5,61616,41200,42392
51,0.2,1,52152,42096,43312
51,0.2,2,44576,43256,44472
51,0.2,3,80128,44512,45728
51,0.2,4,50128,29752,30952
51,0.2,5,70000,41184,42400
52,0.2,1,53768,32168,33408
52,0.2,2,63960,42808,44048
52,0.2,3,51656,30304,31544
52,0.2,4,73208,42112,43352
52,0.2,5,73424,58672,59912
53,0.2,1,56184,43816,45080
53,0.2,2,90088,57808,59072
53,0.2,3,62168,39984,41248
53,0.2,4,71784,47904,49168
53,0.2,5,92432,56600,57864
54,0.2,1,80616,49896,51184
54,0.2,2,108488,61064,62352
54,0.2,3,72104,49008,50296
54,0.2,4,55672,41960,43248
54,0.2,5,107776,56904,58192
55,0.2,1,68080,46600,47896
55,0.2,2,95248,57312,58624
55,0.2,3,56992,48560,49872
55,0.2,4,113512,65792,67104
55,0.2,5,80440,47104,48416
56,0.2,1,105800,58872,60208
56,0.2,2,76128,48960,50296
56,0.2,3,58408,48880,50216
56,0.2,4,70288,42328,43664
56,0.2,5,58792,45600,46936
57,0.2,1,104176,58944,60304
57,0.2,2,111224,51648,53008
57,0.2,3,60144,37392,38752
57,0.2,4,96136,53752,55112
57,0.2,5,83008,51616,52976
58,0.2,1,80872,50288,51672
58,0.2,2,136112,65904,67288
58,0.2,3,86128,57376,58760
58,0.2,4,81112,46760,48144
58,0.2,5,91000,53416,54800
59,0.2,1,86904,49680,51088
59,0.2,2,64672,50504,51912
59,0.2,3,142112,84104,85512
59,0.2,4,112528,60616,62024
59,0.2,5,102480,61192,62600
60,0.2,1,113816,60200,61632
60,0.2,2,62544,39472,40904
60,0.2,3,103640,68016,69448
60,0.2,4,110224,73616,75048
60,0.2,5,70384,42848,44280
61,0.2,1,100768,44040,45496
61,0.2,2,95280,64000,65456
61,0.2,3,81792,53376,54832
61,0.2,4,93784,49416,50872
61,0.2,5,88288,48168,49624
62,0.2,1,105064,69888,71368
62,0.2,2,76696,53816,55296
62,0.2,3,103104,61312,62792
62,0.2,4,120920,56152,57632
62,0.2,5,110624,60984,62464
63,0.2,1,70304,45920,47424
63,0.2,2,102808,46872,48360
63,0.2,3,119752,66344,67848
63,0.2,4,147712,71104,72608
63,0.2,5,101240,57424,58928
64,0.2,1,124208,54968,56496
64,0.2,2,103184,65080,66608
64,0.2,3,127896,62824,64352
64,0.2,4,116864,67160,68688
64,0.2,5,117360,63960,65488
65,0.2,1,118360,71344,72896
65,0.2,2,93320,79264,80816
65,0.2,3,93120,52728,54280
65,0.2,4,129360,71560,73112
65,0.2,5,131664,63312,64864
66,0.2,1,121464,61864,63440
66,0.2,2,98640,54256,55832
66,0.2,3,101048,56616,58192
66,0.2,4,92648,55672,57248
66,0.2,5,100504,43816,45392
67,0.2,1,108104,67776,69376
67,0.2,2,107512,52496,54096
67,0.2,3,175360,86464,88064
67,0.2,4,102344,60304,61904
67,0.2,5,108480,63448,65048
68,0.2,1,90432,49896,51520
68,0.2,2,163176,84536,86160
68,0.2,3,109904,68744,70368
68,0.2,4,99152,59528,61152
68,0.2,5,146472,73352,74976
69,0.2,1,87024,57128,58776
69,0.2,2,118040,61120,62768
69,0.2,3,206584,90256,91904
69,0.2,4,122904,70816,72464
69,0.2,5,103080,59240,60888
70,0.2,1,124208,67432,69104
70,0.2,2,96968,54392,56064
70,0.2,3,155344,76080,77752
70,0.2,4,86872,46592,48264
70,0.2,5,168000,78768,80440
71,0.2,1,122640,77696,79392
71,0.2,2,88224,43552,45248
71,0.2,3,138088,80672,82368
71,0.2,4,126240,64456,66152
71,0.2,5,118472,72184,73880
72,0.2,1,123760,69064,70784
72,0.2,2,122696,63944,65664
72,0.2,3,107568,60520,62240
72,0.2,4,105048,61272,62992
72,0.2,5,176864,90800,92520
73,0.2,1,174640,66992,68736
73,0.2,2,91280,54176,55920
73,0.2,3,99776,70224,71968
73,0.2,4,155416,63152,64896
73,0.2,5,179488,88680,90424
74,0.2,1,99576,61976,63744
74,0.2,2,105752,61864,63632
74,0.2,3,140448,82616,84384
74,0.2,4,117736,67376,69144
74,0.2,5,191120,96272,98040
75,0.2,1,211520,86096,87888
75,0.2,2,111304,71096,72888
75,0.2,3,103784,56032,57824
75,0.2,4,121728,67400,69192
75,0.2,5,138528,64384,66176
76,0.2,1,144032,64384,66200
76,0.2,2,133256,62872,64688
76,0.2,3,150480,71216,73032
76,0.2,4,136048,70080,71896
76,0.2,5,118720,61728,63544
77,0.2,1,118904,69432,71272
77,0.2,2,126384,62992,64832
77,0.2,3,153528,76840,78680
77,0.2,4,178552,74696,76536
77,0.2,5,168592,75232,77072
78,0.2,1,157608,72984,74848
78,0.2,2,138536,96600,98464
78,0.2,3,144360,73856,75720
78,0.2,4,134848,92656,94520
78,0.2,5,129504,64848,66712
79,0.2,1,125936,71440,73328
79,0.2,2,129736,57008,58896
79,0.2,3,180392,79560,81448
79,0.2,4,200984,79248,81136
79,0.2,5,113744,59120,61008
80,0.2,1,163776,74760,76672
80,0.2,2,129648,62664,64576
80,0.2,3,166808,85016,86928
80,0.2,4,121056,62368,64280
80,0.2,5,143552,65328,67240
81,0.2,1,162328,85304,87240
81,0.2,2,209312,91776,93712
81,0.2,3,182384,84680,86616
81,0.2,4,141400,67544,69480
81,0.2,5,217336,87240,89176
82,0.2,1,124528,63696,65656
82,0.2,2,190992,81936,83896
82,0.2,3,163336,70120,72080
82,0.2,4,135528,66696,68656
82,0.2,5,168776,70624,72584
83,0.2,1,177784,80064,82048
83,0.2,2,135912,68968,70952
83,0.2,3,117984,59552,61536
83,0.2,4,169712,89336,91320
83,0.2,5,150032,82104,84088
84,0.2,1,149192,61968,63976
84,0.2,2,202384,90024,92032
84,0.2,3,127096,64888,66896
84,0.2,4,273104,99168,101176
84,0.2,5,192056,89440,91448
85,0.2,1,166752,77136,79168
85,0.2,2,180552,70656,72688
85,0.2,3,131816,70384,72416
85,0.2,4,151976,64480,66512
85,0.2,5,152152,74312,76344
86,0.2,1,176600,79632,81688
86,0.2,2,209248,85408,87464
86,0.2,3,153568,80936,82992
86,0.2,4,161600,74016,76072
86,0.2,5,163288,71016,73072
87,0.2,1,200800,93400,95480
87,0.2,2,168352,79744,81824
87,0.2,3,200328,118928,121008
87,0.2,4,198824,77808,79888
87,0.2,5,161016,77840,79920
88,0.2,1,143504,80328,82432
88,0.2,2,158488,85896,88000
88,0.2,3,233512,86392,88496
88,0.2,4,151640,70424,72528
88,0.2,5,176368,93352,95456
89,0.2,1,184184,74864,76992
89,0.2,2,253800,97128,99256
89,0.2,3,155232,72192,74320
89,0.2,4,248744,105688,107816
89,0.2,5,292800,111936,114064
90,0.2,1,140672,65680,67832
90,0.2,2,259352,100112,102264
90,0.2,3,244080,95080,97232
90,0.2,4,175520,77008,79160
90,0.2,5,230672,85392,87544
91,0.2,1,247576,102720,104896
91,0.2,2,227608,102664,104840
91,0.2,3,220824,84200,86376
91,0.2,4,205816,76408,78584
91,0.2,5,176704,81528,83704
92,0.2,1,252576,98640,100840
92,0.2,2,176824,82744,84944
92,0.2,3,196456,84800,87000
92,0.2,4,147984,89384,91584
92,0.2,5,242944,92624,94824
93,0.2,1,189640,92320,94544
93,0.2,2,183928,77392,79616
93,0.2,3,203744,92856,95080
93,0.2,4,198352,75520,77744
93,0.2,5,175584,64552,66776
94,0.2,1,148808,88720,90968
94,0.2,2,214408,91464,93712
94,0.2,3,273648,100376,102624
94,0.2,4,161432,93176,95424
94,0.2,5,228208,97064,99312
95,0.2,1,190872,98704,100976
95,0.2,2,183192,102344,104616
95,0.2,3,205584,69728,72000
95,0.2,4,191360,93112,95384
95,0.2,5,170552,66824,69096
96,0.2,1,180080,82560,84856
96,0.2,2,295456,127560,129856
96,0.2,3,324744,136296,138592
96,0.2,4,206992,92704,95000
96,0.2,5,157288,73264,75560
97,0.2,1,249888,104896,107216
97,0.2,2,276168,98216,100536
97,0.2,3,235592,90704,93024
97,0.2,4,261680,95704,98024
97,0.2,5,272248,96360,98680
98,0.2,1,223544,79504,81848
98,0.2,2,192808,89952,92296
98,0.2,3,229672,95304,97648
98,0.2,4,221424,102104,104448
98,0.2,5,237736,98448,100792
99,0.2,1,178392,78640,81008
99,0.2,2,147704,67624,69992
99,0.2,3,218424,85120,87488
99,0.2,4,244376,103376,105744
99,0.2,5,235952,92856,95224
100,0.2,1,213376,88704,91096
100,0.2,2,193472,96304,98696
100,0.2,3,275168,104656,107048
100,0.2,4,154784,61224,63616
100,0.2,5,197568,84512,86904
1,0.3,1,3976,16,16
1,0.3,2,3992,16,16
1,0.3,3,3992,16,16
1,0.3,4,4008,16,16
1,0.3,5,4008,16,16
2,0.3,1,4344,728,752
2,0.3,2,4296,216,240
2,0.3,3,4376,216,240
2,0.3,4,4296,672,696
2,0.3,5,4328,696,720
3,0.3,1,4600,456,504
3,0.3,2,4520,1024,1072
3,0.3,3,4576,1296,1344
3,0.3,4,4544,624,672
3,0.3,5,4584,736,784
4,0.3,1,4984,1624,1696
4,0.3,2,4920,1104,1176
4,0.3,3,4776,1328,1400
4,0.3,4,4904,1232,1304
4,0.3,5,4720,1248,1320
5,0.3,1,5272,2000,2096
5,0.3,2,8512,6152,6248
5,0.3,3,5200,1616,1712
5,0.3,4,5240,1408,1504
5,0.3,5,5224,6704,6784
6,0.3,1,5536,6168,6288
6,0.3,2,5520,3096,3216
6,0.3,3,11352,11928,12032
6,0.3,4,7760,8048,8168
6,0.3,5,10888,12240,12376
7,0.3,1,11096,13336,13464
7,0.3,2,6016,2640,2784
7,0.3,3,8720,8248,8408
7,0.3,4,7872,6280,6408
7,0.3,5,9152,8976,9136
8,0.3,1,9288,7720,7888
8,0.3,2,6200,2816,3000
8,0.3,3,9008,7432,7584
8,0.3,4,9856,10432,10600
8,0.3,5,11976,16280,16448
9,0.3,1,6672,4024,4232
9,0.3,2,6792,4192,4400
9,0.3,3,10408,9408,9584
9,0.3,4,6744,3544,3736
9,0.3,5,8640,7304,7512
10,0.3,1,9904,9504,9704
10,0.3,2,9504,12256,12488
10,0.3,3,9920,11320,11536
10,0.3,4,9696,13760,13976
10,0.3,5,8544,14488,14704
11,0.3,1,8824,6616,6872
11,0.3,2,9216,7112,7352
11,0.3,3,12496,12656,12896
11,0.3,4,8616,10584,10824
11,0.3,5,9160,5816,6056
12,0.3,1,10784,8832,9096
12,0.3,2,12000,9744,10008
12,0.3,3,22304,23224,23488
12,0.3,4,11896,11840,12104
12,0.3,5,12640,15744,15992
13,0.3,1,8160,4768,5056
13,0.3,2,14304,15736,16024
13,0.3,3,10992,8936,9224
13,0.3,4,20648,29944,30232
13,0.3,5,12712,12680,12968
14,0.3,1,10848,9512,9808
14,0.3,2,10768,9056,9352
14,0.3,3,16032,16248,16544
14,0.3,4,11680,12128,12424
14,0.3,5,17880,20280,20592
15,0.3,1,9672,14360,14696
15,0.3,2,11576,12568,12904
15,0.3,3,11056,11160,11496
15,0.3,4,12672,10192,10512
15,0.3,5,11384,12056,12392
16,0.3,1,15512,13312,13656
16,0.3,2,19920,18528,18888
16,0.3,3,12072,11736,12096
16,0.3,4,12368,10936,11296
16,0.3,5,24512,31632,31992
17,0.3,1,16320,17720,18120
17,0.3,2,14144,11704,12088
17,0.3,3,14296,20248,20648
17,0.3,4,28616,28944,29344
17,0.3,5,20632,32224,32624
18,0.3,1,11200,8512,8920
18,0.3,2,14008,9504,9912
18,0.3,3,17000,17016,17424
18,0.3,4,10544,11592,12016
18,0.3,5,16712,21480,21888
19,0.3,1,14304,11520,11952
19,0.3,2,20480,17240,17688
19,0.3,3,12408,9152,9600
19,0.3,4,16840,19800,20248
19,0.3,5,12304,17496,17944
20,0.3,1,20376,13104,13560
20,0.3,2,26672,31560,32032
20,0.3,3,25360,20608,21080
20,0.3,4,19264,18992,19464
20,0.3,5,17000,10888,11344
21,0.3,1,27080,23360,23856
21,0.3,2,32768,28584,29080
21,0.3,3,21240,14512,15008
21,0.3,4,11816,9472,9968
21,0.3,5,17128,14440,14920
22,0.3,1,22872,19296,19816
22,0.3,2,23440,19232,19752
22,0.3,3,21384,15984,16504
22,0.3,4,21744,22824,23328
22,0.3,5,20744,20448,20968
23,0.3,1,16560,14912,15440
23,0.3,2,18600,17040,17584
23,0.3,3,24376,26176,26720
23,0.3,4,22232,22016,22544
23,0.3,5,29408,37112,37656
24,0.3,1,16344,10992,11560
24,0.3,2,28184,25616,26168
24,0.3,3,19584,20312,20880
24,0.3,4,21080,25920,26488
24,0.3,5,34304,32800,33368
25,0.3,1,24240,19720,20312
25,0.3,2,23568,25768,26360
25,0.3,3,34872,33624,34216
25,0.3,4,30000,22768,23360
25,0.3,5,17144,13224,13816
26,0.3,1,20824,19080,19680
26,0.3,2,16552,12424,13040
26,0.3,3,20312,19192,19808
26,0.3,4,36392,33432,34048
26,0.3,5,35960,27632,28248
27,0.3,1,25664,18296,18936
27,0.3,2,33488,29416,30056
27,0.3,3,27360,22040,22680
27,0.3,4,23064,26168,26808
27,0.3,5,30056,22736,23376
28,0.3,1,20952,16776,17424
28,0.3,2,15400,13512,14160
28,0.3,3,15816,11176,11824
28,0.3,4,31592,23176,23824
28,0.3,5,31088,24176,24824
29,0.3,1,25216,25928,26616
29,0.3,2,34920,30480,31168
29,0.3,3,41600,37504,38192
29,0.3,4,25880,30504,31192
29,0.3,5,26536,23664,24352
30,0.3,1,28416,23088,23784
30,0.3,2,22880,19056,19768
30,0.3,3,25448,17400,18112
30,0.3,4,46712,39784,40480
30,0.3,5,25552,18816,19512
31,0.3,1,30624,25864,26600
31,0.3,2,31680,40176,40912
31,0.3,3,21096,20240,20976
31,0.3,4,25592,18432,19152
31,0.3,5,30016,30040,30776
32,0.3,1,40320,24664,25424
32,0.3,2,27624,19480,20240
32,0.3,3,38856,31608,32352
32,0.3,4,32576,27512,28272
32,0.3,5,37688,30304,31064
33,0.3,1,42688,34320,35088
33,0.3,2,36960,38952,39736
33,0.3,3,23688,16280,17064
33,0.3,4,47200,46568,47352
33,0.3,5,49296,38136,38920
34,0.3,1,32736,28296,29104
34,0.3,2,32024,22056,22848
34,0.3,3,30832,35400,36208
34,0.3,4,44112,28824,29632
34,0.3,5,42328,31784,32592
35,0.3,1,48592,49016,49848
35,0.3,2,49736,36344,37176
35,0.3,3,42568,37440,38272
35,0.3,4,29144,25464,26296
35,0.3,5,33712,25472,26288
36,0.3,1,33152,23272,24112
36,0.3,2,51896,42320,43176
36,0.3,3,46200,30368,31224
36,0.3,4,34984,29696,30536
36,0.3,5,37608,33592,34448
37,0.3,1,42176,31088,31968
37,0.3,2,38632,38632,39512
37,0.3,3,49008,42288,43168
37,0.3,4,57232,38808,39672
37,0.3,5,44224,28616,29496
38,0.3,1,42144,33544,34448
38,0.3,2,45968,38024,38928
38,0.3,3,35376,31432,32336
38,0.3,4,40952,30344,31248
38,0.3,5,48296,34960,35864
39,0.3,1,42320,37056,37984
39,0.3,2,43208,35840,36768
39,0.3,3,41312,30536,31464
39,0.3,4,83784,63592,64520
39,0.3,5,50032,36768,37680
40,0.3,1,39456,23968,24920
40,0.3,2,52896,39648,40600
40,0.3,3,41536,32584,33536
40,0.3,4,38472,26376,27328
40,0.3,5,34608,48552,49504
41,0.3,1,57160,38176,39136
41,0.3,2,44072,37768,38744
41,0.3,3,40232,23560,24536
41,0.3,4,32360,21296,22272
41,0.3,5,51304,35464,36440
42,0.3,1,51704,40040,41040
42,0.3,2,47952,42776,43776
42,0.3,3,46888,37720,38720
42,0.3,4,50408,37424,38424
42,0.3,5,50520,49144,50144
43,0.3,1,63536,50584,51608
43,0.3,2,45984,27656,28680
43,0.3,3,45040,27264,28288
43,0.3,4,84712,54600,55608
43,0.3,5,55128,38416,39440
44,0.3,1,50016,40912,41960
44,0.3,2,54104,37768,38816
44,0.3,3,77304,43160,44192
44,0.3,4,53296,36392,37440
44,0.3,5,62232,38984,40032
45,0.3,1,91896,54288,55360
45,0.3,2,51840,37248,38320
45,0.3,3,78664,54040,55112
45,0.3,4,71624,49392,50464
45,0.3,5,48544,44768,45840
46,0.3,1,64360,47784,48880
46,0.3,2,51960,28936,30016
46,0.3,3,61328,49376,50472
46,0.3,4,69384,54688,55784
46,0.3,5,87744,52576,53672
47,0.3,1,63320,44792,45912
47,0.3,2,64472,44872,45992
47,0.3,3,37728,29736,30856
47,0.3,4,80664,55016,56136
47,0.3,5,72248,39168,40288
48,0.3,1,44384,39088,40232
48,0.3,2,103680,63536,64680
48,0.3,3,64648,48640,49784
48,0.3,4,58544,56320,57464
48,0.3,5,59800,47944,49088
49,0.3,1,91424,68560,69728
49,0.3,2,49264,31544,32712
49,0.3,3,78128,44024,45192
49,0.3,4,46536,29360,30528
49,0.3,5,86904,57632,58800
50,0.3,1,65072,40128,41320
50,0.3,2,69320,44296,45488
50,0.3,3,82432,49800,50992
50,0.3,4,61024,36776,37968
50,0.3,5,56800,36728,37920
51,0.3,1,56344,39720,40936
51,0.3,2,39528,27840,29056
51,0.3,3,66496,44864,46080
51,0.3,4,80448,56160,57376
51,0.3,5,52856,43312,44528
52,0.3,1,81392,53224,54464
52,0.3,2,90712,67304,68544
52,0.3,3,121976,67424,68664
52,0.3,4,64768,42632,43872
52,0.3,5,74136,52408,53648
53,0.3,1,69208,50920,52184
53,0.3,2,54656,40640,41904
53,0.3,3,87616,57472,58736
53,0.3,4,76336,47648,48912
53,0.3,5,58264,36104,37368
54,0.3,1,76768,38256,39544
54,0.3,2,69832,44992,46280
54,0.3,3,98840,60120,61408
54,0.3,4,94024,50336,51624
54,0.3,5,105808,67048,68336
55,0.3,1,100512,67624,68936
55,0.3,2,103144,51472,52784
55,0.3,3,83744,45288,46600
55,0.3,4,63576,41888,43200
55,0.3,5,89504,52912,54224
56,0.3,1,60712,42112,43448
56,0.3,2,90672,46240,47576
56,0.3,3,61024,45232,46568
56,0.3,4,67240,44192,45528
56,0.3,5,83272,48560,49896
57,0.3,1,97120,56904,58264
57,0.3,2,92048,59792,61152
57,0.3,3,106752,67736,69096
57,0.3,4,71320,50768,52128
57,0.3,5,105136,69944,71304
58,0.3,1,88224,55832,57216
58,0.3,2,73520,42432,43816
58,0.3,3,86784,59728,61112
58,0.3,4,92088,54976,56360
58,0.3,5,113184,70104,71488
59,0.3,1,99968,68400,69808
59,0.3,2,95552,53432,54840
59,0.3,3,69096,45152,46560
59,0.3,4,86048,47448,48856
59,0.3,5,100144,54680,56088
60,0.3,1,113496,59808,61240
60,0.3,2,90672,57152,58584
60,0.3,3,70576,46736,48168
60,0.3,4,173040,82248,83680
60,0.3,5,94984,70272,71704
61,0.3,1,101928,73240,74696
61,0.3,2,89888,51480,52936
61,0.3,3,66912,40080,41536
61,0.3,4,75144,42200,43656
61,0.3,5,90040,53784,55240
62,0.3,1,91752,50536,52016
62,0.3,2,83016,52616,54096
62,0.3,3,102672,56016,57496
62,0.3,4,89800,52952,54432
62,0.3,5,62840,49384,50864
63,0.3,1,91008,46080,47584
63,0.3,2,118632,72200,73704
63,0.3,3,98248,55784,57288
63,0.3,4,127840,68200,69704
63,0.3,5,100008,63136,64640
64,0.3,1,114280,65696,67224
64,0.3,2,59008,40128,41656
64,0.3,3,92576,58824,60352
64,0.3,4,98808,52328,53856
64,0.3,5,111208,67464,68992
65,0.3,1,136624,74776,76328
65,0.3,2,69744,49720,51272
65,0.3,3,105832,61880,63432
65,0.3,4,124840,62944,64496
65,0.3,5,105392,59952,61504
66,0.3,1,86752,54304,55880
66,0.3,2,105368,77560,79136
66,0.3,3,115904,57952,59528
66,0.3,4,102024,72000,73576
66,0.3,5,71264,54576,56152
67,0.3,1,113240,64640,66240
67,0.3,2,98920,56320,57920
67,0.3,3,106808,50632,52232
67,0.3,4,144568,74680,76280
67,0.3,5,121096,63528,65128
68,0.3,1,91136,60512,62136
68,0.3,2,168960,93496,95120
68,0.3,3,104528,55056,56680
68,0.3,4,176152,83272,84896
68,0.3,5,97432,59384,61008
69,0.3,1,123752,60824,62472
69,0.3,2,149104,69696,71344
69,0.3,3,97448,79472,81120
69,0.3,4,131592,62216,63864
69,0.3,5,107496,71056,72704
70,0.3,1,102264,59800,61472
70,0.3,2,130528,82984,84656
70,0.3,3,164152,83448,85120
70,0.3,4,119896,61544,63216
70,0.3,5,152240,67264,68936
71,0.3,1,112936,55376,57072
71,0.3,2,116952,69400,71096
71,0.3,3,95816,65584,67280
71,0.3,4,97392,51424,53120
71,0.3,5,111640,54096,55792
72,0.3,1,122544,57032,58752
72,0.3,2,137696,67304,69008
72,0.3,3,109408,59488,61208
72,0.3,4,163416,84896,86616
72,0.3,5,142592,79360,81080
73,0.3,1,157600,66752,68496
73,0.3,2,173736,105992,107736
73,0.3,3,136600,67872,69616
73,0.3,4,160904,79896,81640
73,0.3,5,110576,61416,63160
74,0.3,1,115408,61720,63488
74,0.3,2,163632,56264,58032
74,0.3,3,170224,75672,77440
74,0.3,4,132112,68296,70064
74,0.3,5,125520,69120,70888
75,0.3,1,96248,48648,50440
75,0.3,2,148088,66336,68128
75,0.3,3,99624,48888,50680
75,0.3,4,125184,59632,61424
75,0.3,5,200952,80064,81856
76,0.3,1,121368,65192,67008
76,0.3,2,148440,69968,71784
76,0.3,3,125736,58920,60736
76,0.3,4,146360,73632,75448
76,0.3,5,105368,54032,55848
77,0.3,1,150752,68272,70112
77,0.3,2,145272,63240,65080
77,0.3,3,119568,56968,58808
77,0.3,4,93120,53672,55512
77,0.3,5,131720,72528,74368
78,0.3,1,105488,67416,69280
78,0.3,2,210184,88560,90424
78,0.3,3,178400,77728,79592
78,0.3,4,146576,63352,65216
78,0.3,5,120920,62032,63896
79,0.3,1,172952,75416,77304
79,0.3,2,194080,88640,90528
79,0.3,3,151184,72040,73928
79,0.3,4,231896,90040,91928
79,0.3,5,188544,84488,86376
80,0.3,1,114952,69760,71672
80,0.3,2,133368,75872,77784
80,0.3,3,156952,83000,84912
80,0.3,4,153240,81768,83680
80,0.3,5,191296,85768,87680
81,0.3,1,192616,91648,93584
81,0.3,2,205488,68696,70632
81,0.3,3,171112,87024,88960
81,0.3,4,173768,67960,69896
81,0.3,5,183072,83368,85304
82,0.3,1,151504,79656,81616
82,0.3,2,186624,87448,89408
82,0.3,3,144256,68624,70584
82,0.3,4,176672,69376,71336
82,0.3,5,139744,63000,64960
83,0.3,1,193336,83968,85952
83,0.3,2,145608,81848,83832
83,0.3,3,180552,88800,90784
83,0.3,4,165248,90864,92848
83,0.3,5,116400,64520,66504
84,0.3,1,143784,86624,88632
84,0.3,2,129656,68352,70360
84,0.3,3,174576,81280,83288
84,0.3,4,131352,69336,71344
84,0.3,5,130752,74224,76232
85,0.3,1,178096,84448,86480
85,0.3,2,159224,72408,74440
85,0.3,3,190104,67224,69256
85,0.3,4,179976,82864,84896
85,0.3,5,253616,108472,110504
86,0.3,1,161664,68912,70968
86,0.3,2,287896,116080,118136
86,0.3,3,197376,77520,79576
86,0.3,4,132632,74232,76288
86,0.3,5,135176,71752,73808
87,0.3,1,124576,55024,57104
87,0.3,2,199424,77400,79480
87,0.3,3,147968,71096,73176
87,0.3,4,192088,94688,96768
87,0.3,5,234136,95008,97088
88,0.3,1,204744,84648,86752
88,0.3,2,150872,71752,73856
88,0.3,3,207800,94120,96224
88,0.3,4,130264,65496,67600
88,0.3,5,204872,83720,85824
89,0.3,1,230136,101968,104096
89,0.3,2,136296,61864,63992
89,0.3,3,186888,93680,95808
89,0.3,4,235232,93768,95896
89,0.3,5,163848,88600,90728
90,0.3,1,203864,101632,103784
90,0.3,2,249304,115832,117984
90,0.3,3,173928,72528,74680
90,0.3,4,198016,81008,83160
90,0.3,5,152576,66184,68336
91,0.3,1,220808,105336,107512
91,0.3,2,204640,72888,75064
91,0.3,3,245224,106192,108368
91,0.3,4,185920,75264,77440
91,0.3,5,252440,89512,91688
92,0.3,1,256464,106512,108712
92,0.3,2,223256,90760,92960
92,0.3,3,190936,83168,85368
92,0.3,4,225856,89792,91992
92,0.3,5,257512,101240,103440
93,0.3,1,216504,79392,81616
93,0.3,2,218568,95928,98152
93,0.3,3,168192,72736,74960
93,0.3,4,255456,95224,97448
93,0.3,5,177576,85944,88168
94,0.3,1,256648,104536,106784
94,0.3,2,290040,106144,108392
94,0.3,3,254992,99896,102144
94,0.3,4,211992,81032,83280
94,0.3,5,203704,91160,93408
95,0.3,1,200248,90640,92912
95,0.3,2,220184,108328,110600
95,0.3,3,245224,85800,88072
95,0.3,4,212200,108032,110304
95,0.3,5,221152,94528,96800
96,0.3,1,156376,57272,59568
96,0.3,2,191184,107784,110080
96,0.3,3,224272,75112,77408
96,0.3,4,268912,100328,102624
96,0.3,5,221744,92040,94336
97,0.3,1,234536,80624,82944
97,0.3,2,222360,100488,102808
97,0.3,3,239480,94536,96856
97,0.3,4,237400,100872,103192
97,0.3,5,212352,92256,94576
98,0.3,1,212120,87272,89616
98,0.3,2,319224,108584,110928
98,0.3,3,273936,108688,111032
98,0.3,4,167808,90872,93216
98,0.3,5,229160,110768,113112
99,0.3,1,182360,76808,79176
99,0.3,2,154616,63728,66096
99,0.3,3,221144,106064,108432
99,0.3,4,272432,110264,112632
99,0.3,5,190640,90200,92568
100,0.3,1,204272,94504,96896
100,0.3,2,199224,89360,91752
100,0.3,3,272384,100592,102984
100,0.3,4,193968,93912,96304
100,0.3,5,227104,108312,110704
1,0.4,1,3960,16,16
1,0.4,2,4008,16,16
1,0.4,3,3976,16,16
1,0.4,4,3992,16,16
1,0.4,5,4024,16,16
2,0.4,1,4368,896,920
2,0.4,2,6200,4448,4472
2,0.4,3,4328,704,728
2,0.4,4,4224,256,280
2,0.4,5,4264,296,320
3,0.4,1,4296,480,528
3,0.4,2,4576,880,928
3,0.4,3,4488,744,792
3,0.4,4,4536,536,584
3,0.4,5,4752,1104,1152
4,0.4,1,5040,2168,2240
4,0.4,2,4800,1472,1544
4,0.4,3,4744,1168,1240
4,0.4,4,4800,3192,3264
4,0.4,5,7104,5728,5784
5,0.4,1,8128,7544,7624
5,0.4,2,6104,3208,3304
5,0.4,3,5296,2240,2336
5,0.4,4,8856,9304,9416
5,0.4,5,5224,1920,2016
6,0.4,1,8376,7064,7184
6,0.4,2,5552,2320,2440
6,0.4,3,7464,5104,5224
6,0.4,4,5616,5424,5528
6,0.4,5,8200,7016,7152
7,0.4,1,5952,2032,2176
7,0.4,2,5896,4488,4616
7,0.4,3,8384,7616,7760
7,0.4,4,10488,10224,10384
7,0.4,5,9328,8696,8840
8,0.4,1,5904,2944,3112
8,0.4,2,6240,2960,3128
8,0.4,3,7976,6440,6608
8,0.4,4,6272,3120,3304
8,0.4,5,7512,9120,9288
9,0.4,1,7896,9288,9496
9,0.4,2,6600,4032,4224
9,0.4,3,10816,15936,16128
9,0.4,4,12664,11896,12088
9,0.4,5,6872,3648,3840
10,0.4,1,8104,9832,10048
10,0.4,2,6904,5304,5504
10,0.4,3,9496,8728,8944
10,0.4,4,12784,12032,12248
10,0.4,5,10168,10144,10376
11,0.4,1,8128,8864,9104
11,0.4,2,15496,18640,18880
11,0.4,3,7528,4272,4512
11,0.4,4,11600,10896,11120
11,0.4,5,7544,4456,4696
12,0.4,1,11712,11712,11976
12,0.4,2,7872,6008,6272
12,0.4,3,10552,14984,15248
12,0.4,4,10448,10848,11112
12,0.4,5,12408,14832,15112
13,0.4,1,15624,18792,19080
13,0.4,2,17040,15528,15800
13,0.4,3,13840,13312,13600
13,0.4,4,13784,14264,14568
13,0.4,5,14648,22408,22712
14,0.4,1,13448,14728,15040
14,0.4,2,16032,16872,17184
14,0.4,3,9512,5760,6056
14,0.4,4,15064,14456,14768
14,0.4,5,17808,17272,17584
15,0.4,1,15056,13240,13576
15,0.4,2,13560,12728,13048
15,0.4,3,11776,16976,17312
15,0.4,4,9680,9496,9816
15,0.4,5,15824,14768,15104
16,0.4,1,15424,16784,17144
16,0.4,2,16664,17352,17696
16,0.4,3,18696,15904,16264
16,0.4,4,9472,5952,6296
16,0.4,5,19648,24456,24816
17,0.4,1,15584,22152,22552
17,0.4,2,21248,21384,21784
17,0.4,3,12328,11032,11416
17,0.4,4,26112,20264,20664
17,0.4,5,9992,7056,7440
18,0.4,1,15600,20928,21352
18,0.4,2,13176,10168,10576
18,0.4,3,13456,10984,11408
18,0.4,4,19072,15416,15824
18,0.4,5,13376,14248,14672
19,0.4,1,25144,23584,24032
19,0.4,2,18416,18464,18912
19,0.4,3,16200,12824,13256
19,0.4,4,11368,7320,7752
19,0.4,5,13936,12064,12496
20,0.4,1,13432,9216,9672
20,0.4,2,34784,35016,35488
20,0.4,3,22088,18424,18880
20,0.4,4,21264,21344,21816
20,0.4,5,31472,31048,31520
21,0.4,1,22256,22776,23272
21,0.4,2,32000,27584,28064
21,0.4,3,27048,22688,23184
21,0.4,4,23824,29896,30392
21,0.4,5,15272,19520,20000
22,0.4,1,14384,14128,14648
22,0.4,2,23032,17944,18464
22,0.4,3,14144,9008,9512
22,0.4,4,23392,19920,20440
22,0.4,5,28264,25112,25632
23,0.4,1,12848,9384,9912
23,0.4,2,17008,13112,13640
23,0.4,3,29216,20904,21448
23,0.4,4,23288,23024,23568
23,0.4,5,15656,12576,13104
24,0.4,1,17584,22072,22624
24,0.4,2,15328,12272,12824
24,0.4,3,19528,16976,17544
24,0.4,4,20864,17488,18056
24,0.4,5,21032,13240,13792
25,0.4,1,19408,16024,16600
25,0.4,2,17664,20232,20824
25,0.4,3,37960,30752,31344
25,0.4,4,28592,22472,23048
25,0.4,5,23880,18856,19448
26,0.4,1,24464,22792,23408
26,0.4,2,14816,17368,17984
26,0.4,3,42456,33128,33744
26,0.4,4,18264,14616,15232
26,0.4,5,35528,32960,33576
27,0.4,1,24832,19384,20008
27,0.4,2,36328,42168,42792
27,0.4,3,44072,30464,31104
27,0.4,4,21864,15760,16384
27,0.4,5,26136,27632,28272
28,0.4,1,29328,20016,20664
28,0.4,2,20800,17472,18136
28,0.4,3,24520,18600,19264
28,0.4,4,39160,31216,31864
28,0.4,5,29880,30168,30832
29,0.4,1,18792,14328,15016
29,0.4,2,24416,17104,17776
29,0.4,3,33896,34768,35440
29,0.4,4,36888,30856,31544
29,0.4,5,30336,30224,30912
30,0.4,1,23200,21744,22456
30,0.4,2,31736,20472,21168
30,0.4,3,32112,21448,22160
30,0.4,4,23264,16528,17240
30,0.4,5,41040,34856,35568
31,0.4,1,32496,31416,32152
31,0.4,2,48232,39584,40304
31,0.4,3,29360,26552,27288
31,0.4,4,21528,18488,19208
31,0.4,5,25360,24776,25496
32,0.4,1,42272,39888,40648
32,0.4,2,46944,42728,43488
32,0.4,3,39328,28232,28992
32,0.4,4,38344,28696,29456
32,0.4,5,33808,29536,30296
33,0.4,1,34232,31056,31840
33,0.4,2,41760,32304,33088
33,0.4,3,35672,28960,29744
33,0.4,4,44336,29936,30720
33,0.4,5,49688,32496,33280
34,0.4,1,28776,26440,27248
34,0.4,2,37072,24032,24824
34,0.4,3,41104,36696,37504
34,0.4,4,48152,38088,38896
34,0.4,5,43344,40544,41352
35,0.4,1,54856,40656,41488
35,0.4,2,51616,44032,44864
35,0.4,3,47912,39992,40824
35,0.4,4,33920,23120,23936
35,0.4,5,39064,30840,31672
36,0.4,1,33128,32272,33128
36,0.4,2,35688,33208,34064
36,0.4,3,39416,37688,38544
36,0.4,4,54544,42976,43832
36,0.4,5,40192,34664,35520
37,0.4,1,47056,42768,43648
37,0.4,2,63088,41000,41880
37,0.4,3,73232,54720,55600
37,0.4,4,40728,27384,28248
37,0.4,5,31112,20760,21624
38,0.4,1,32352,24976,25880
38,0.4,2,46888,42792,43696
38,0.4,3,48512,30832,31736
38,0.4,4,37616,29432,30336
38,0.4,5,34808,20664,21568
39,0.4,1,45712,38792,39720
39,0.4,2,39336,32272,33200
39,0.4,3,27992,19760,20688
39,0.4,4,60792,40048,40976
39,0.4,5,49312,28328,29256
40,0.4,1,42016,27344,28296
40,0.4,2,55008,31904,32856
40,0.4,3,49872,33104,34056
40,0.4,4,68672,58568,59520
40,0.4,5,65944,47992,48944
41,0.4,1,44112,33560,34536
41,0.4,2,53224,35136,36112
41,0.4,3,44128,31448,32424
41,0.4,4,46528,33664,34640
41,0.4,5,63712,38496,39472
42,0.4,1,54864,49664,50664
42,0.4,2,44080,27480,28480
42,0.4,3,58040,41640,42640
42,0.4,4,62344,45352,46352
42,0.4,5,54776,42800,43800
43,0.4,1,53960,38280,39304
43,0.4,2,40432,30744,31768
43,0.4,3,83088,62024,63048
43,0.4,4,44760,37136,38160
43,0.4,5,59680,42128,43152
44,0.4,1,69024,40224,41272
44,0.4,2,55440,37336,38384
44,0.4,3,47272,29304,30352
44,0.4,4,41888,32304,33336
44,0.4,5,71344,45360,46408
45,0.4,1,67752,56672,57744
45,0.4,2,67368,48936,49992
45,0.4,3,60056,45504,46576
45,0.4,4,55312,37960,39032
45,0.4,5,48096,37728,38800
46,0.4,1,76592,47056,48152
46,0.4,2,68560,44224,45320
46,0.4,3,47280,30128,31224
46,0.4,4,44248,31136,32232
46,0.4,5,69512,52232,53328
47,0.4,1,71056,43856,44976
47,0.4,2,104088,77680,78800
47,0.4,3,35872,30488,31608
47,0.4,4,75552,55040,56160
47,0.4,5,61368,47456,48576
48,0.4,1,55104,45336,46480
48,0.4,2,77176,43416,44560
48,0.4,3,44728,28728,29872
48,0.4,4,46456,33640,34784
48,0.4,5,75248,47960,49104
49,0.4,1,64440,43632,44800
49,0.4,2,53768,29840,31008
49,0.4,3,43216,32568,33736
49,0.4,4,90824,59640,60808
49,0.4,5,42152,35144,36312
50,0.4,1,82760,64008,65200
50,0.4,2,76168,55120,56312
50,0.4,3,45448,33104,34296
50,0.4,4,79568,48760,49952
50,0.4,5,88760,49240,50432
51,0.4,1,52784,29832,31048
51,0.4,2,99656,63256,64472
51,0.4,3,67600,41808,43024
51,0.4,4,111920,81616,82832
51,0.4,5,60568,27688,28904
52,0.4,1,86224,54016,55256
52,0.4,2,80832,41056,42296
52,0.4,3,70912,47392,48632
52,0.4,4,80440,55928,57168
52,0.4,5,51952,43096,44336
53,0.4,1,73776,54816,56080
53,0.4,2,45504,29808,31072
53,0.4,3,92832,56240,57504
53,0.4,4,84064,56232,57496
53,0.4,5,90672,56216,57480
54,0.4,1,75680,59528,60816
54,0.4,2,76008,57648,58936
54,0.4,3,67096,40128,41416
54,0.4,4,69432,46168,47456
54,0.4,5,89648,55192,56480
55,0.4,1,56720,40328,41640
55,0.4,2,81640,51392,52704
55,0.4,3,92456,57592,58904
55,0.4,4,90560,51128,52440
55,0.4,5,56712,47672,48984
56,0.4,1,70976,45320,46656
56,0.4,2,70984,46552,47888
56,0.4,3,95184,65160,66496
56,0.4,4,57328,38376,39712
56,0.4,5,74144,52960,54296
57,0.4,1,83096,55880,57240
57,0.4,2,87048,47088,48448
57,0.4,3,44736,29000,30360
57,0.4,4,101400,54192,55552
57,0.4,5,92144,49392,50752
58,0.4,1,86840,46224,47608
58,0.4,2,89408,49504,50888
58,0.4,3,80680,45616,47000
58,0.4,4,150120,76384,77768
58,0.4,5,124064,62424,63808
59,0.4,1,94976,53136,54544
59,0.4,2,83840,46208,47616
59,0.4,3,92320,47816,49224
59,0.4,4,92400,51680,53088
59,0.4,5,118016,62920,64328
60,0.4,1,88880,59328,60760
60,0.4,2,93520,52904,54336
60,0.4,3,56216,41736,43168
60,0.4,4,99456,57632,59064
60,0.4,5,120776,70024,71456
61,0.4,1,88072,47976,49432
61,0.4,2,82144,43800,45256
61,0.4,3,90920,45384,46840
61,0.4,4,77416,48056,49512
61,0.4,5,106432,59848,61304
62,0.4,1,94184,63608,65088
62,0.4,2,77160,60840,62320
62,0.4,3,133800,67320,68800
62,0.4,4,122192,58704,60184
62,0.4,5,77016,51168,52648
63,0.4,1,112416,68296,69800
63,0.4,2,102792,64024,65528
63,0.4,3,141080,81224,82712
63,0.4,4,96920,65536,67040
63,0.4,5,113744,69088,70592
64,0.4,1,126800,69936,71464
64,0.4,2,97272,55480,57008
64,0.4,3,82608,49288,50816
64,0.4,4,96008,58408,59936
64,0.4,5,99952,52520,54048
65,0.4,1,112376,63144,64696
65,0.4,2,91160,45392,46944
65,0.4,3,105352,70872,72424
65,0.4,4,140848,70144,71696
65,0.4,5,71392,43336,44888
66,0.4,1,116456,58280,59856
66,0.4,2,116584,66416,67992
66,0.4,3,137360,79992,81568
66,0.4,4,88392,39528,41104
66,0.4,5,133968,69896,71472
67,0.4,1,135688,72616,74216
67,0.4,2,125760,69888,71488
67,0.4,3,53472,37208,38808
67,0.4,4,93536,55328,56928
67,0.4,5,131848,67504,69104
68,0.4,1,112504,61656,63280
68,0.4,2,162616,73280,74904
68,0.4,3,114208,75720,77344
68,0.4,4,94544,51312,52936
68,0.4,5,93688,58816,60440
69,0.4,1,129144,58600,60248
69,0.4,2,74408,46136,47784
69,0.4,3,120952,66960,68608
69,0.4,4,127224,66088,67736
69,0.4,5,110640,69464,71096
70,0.4,1,133432,61216,62888
70,0.4,2,189328,91992,93664
70,0.4,3,57752,32888,34560
70,0.4,4,124400,72768,74440
70,0.4,5,142888,62040,63712
71,0.4,1,170192,89576,91272
71,0.4,2,110008,45728,47424
71,0.4,3,134808,73520,75216
71,0.4,4,136552,84008,85704
71,0.4,5,121584,68200,69896
72,0.4,1,99880,66608,68328
72,0.4,2,134184,72432,74152
72,0.4,3,123816,82304,84024
72,0.4,4,132064,58712,60432
72,0.4,5,166664,85248,86968
73,0.4,1,82032,55656,57400
73,0.4,2,121648,67304,69048
73,0.4,3,179536,85168,86912
73,0.4,4,177336,87472,89216
73,0.4,5,125520,66128,67872
74,0.4,1,176024,77312,79080
74,0.4,2,98088,55264,57032
74,0.4,3,128016,64208,65976
74,0.4,4,160520,84280,86048
74,0.4,5,109512,76648,78416
75,0.4,1,128808,65872,67664
75,0.4,2,118864,55720,57512
75,0.4,3,138896,61896,63688
75,0.4,4,156544,70848,72640
75,0.4,5,108640,70072,71864
76,0.4,1,121384,56064,57880
76,0.4,2,140728,74776,76592
76,0.4,3,165272,85808,87624
76,0.4,4,94760,58824,60640
76,0.4,5,209928,96608,98424
77,0.4,1,151432,85272,87112
77,0.4,2,159480,84928,86768
77,0.4,3,163728,72600,74440
77,0.4,4,183408,76024,77864
77,0.4,5,191944,80488,82328
78,0.4,1,192936,91744,93608
78,0.4,2,126464,62032,63896
78,0.4,3,121576,86000,87864
78,0.4,4,117024,63784,65648
78,0.4,5,160688,71640,73504
79,0.4,1,171832,92592,94480
79,0.4,2,133216,70936,72824
79,0.4,3,176224,85248,87136
79,0.4,4,179216,79680,81568
79,0.4,5,133760,60416,62304
80,0.4,1,182936,85480,87392
80,0.4,2,121752,58360,60272
80,0.4,3,173984,77984,79896
80,0.4,4,157416,81720,83632
80,0.4,5,152080,76040,77952
81,0.4,1,145976,63416,65352
81,0.4,2,159136,93968,95904
81,0.4,3,130024,73952,75888
81,0.4,4,166040,80144,82080
81,0.4,5,100416,43224,45160
82,0.4,1,180784,75176,77136
82,0.4,2,115136,58168,60128
82,0.4,3,170168,104328,106288
82,0.4,4,193768,85728,87688
82,0.4,5,178456,77880,79840
83,0.4,1,180416,79720,81704
83,0.4,2,159304,76528,78512
83,0.4,3,157568,66504,68488
83,0.4,4,200024,100328,102312
83,0.4,5,143552,69304,71272
84,0.4,1,174880,84432,86440
84,0.4,2,154760,79400,81408
84,0.4,3,230328,91128,93136
84,0.4,4,128600,59776,61784
84,0.4,5,220280,106912,108920
85,0.4,1,166632,87752,89784
85,0.4,2,138760,73488,75520
85,0.4,3,194832,67992,70024
85,0.4,4,146448,61552,63584
85,0.4,5,147072,70944,72976
86,0.4,1,188056,92936,94992
86,0.4,2,147120,63568,65624
86,0.4,3,180248,76680,78736
86,0.4,4,188840,90376,92432
86,0.4,5,226064,89312,91368
87,0.4,1,173704,93112,95192
87,0.4,2,200152,92800,94880
87,0.4,3,217560,85512,87592
87,0.4,4,272256,94936,97016
87,0.4,5,200544,111224,113304
88,0.4,1,149608,70352,72456
88,0.4,2,182072,87216,89320
88,0.4,3,172296,98560,100664
88,0.4,4,224048,93992,96096
88,0.4,5,164464,87656,89760
89,0.4,1,172056,73336,75464
89,0.4,2,182088,78016,80144
89,0.4,3,151960,83248,85376
89,0.4,4,182472,90800,92928
89,0.4,5,185056,76240,78368
90,0.4,1,138272,58296,60448
90,0.4,2,247904,97888,100040
90,0.4,3,254040,98808,100960
90,0.4,4,209104,109776,111928
90,0.4,5,209568,100376,102528
91,0.4,1,211248,102800,104976
91,0.4,2,180504,87624,89800
91,0.4,3,174568,80336,82512
91,0.4,4,147792,71880,74056
91,0.4,5,236248,87152,89328
92,0.4,1,239752,89472,91672
92,0.4,2,131688,52432,54632
92,0.4,3,214816,92544,94744
92,0.4,4,264752,116096,118296
92,0.4,5,244784,85152,87352
93,0.4,1,190288,90384,92608
93,0.4,2,229256,103456,105680
93,0.4,3,188224,82400,84624
93,0.4,4,240688,98360,100584
93,0.4,5,160576,70216,72440
94,0.4,1,167512,84696,86944
94,0.4,2,189144,81424,83672
94,0.4,3,247232,90256,92504
94,0.4,4,180688,87984,90232
94,0.4,5,214488,95880,98128
95,0.4,1,245416,97208,99480
95,0.4,2,203920,99992,102264
95,0.4,3,193600,81024,83296
95,0.4,4,216560,79288,81560
95,0.4,5,279168,102176,104448
96,0.4,1,163744,80480,82776
96,0.4,2,218728,94864,97160
96,0.4,3,168560,76408,78704
96,0.4,4,260360,111816,114112
96,0.4,5,263768,106208,108504
97,0.4,1,176472,72856,75176
97,0.4,2,240952,82912,85232
97,0.4,3,200152,74072,76392
97,0.4,4,171456,81672,83992
97,0.4,5,189120,84880,87200
98,0.4,1,249992,89184,91528
98,0.4,2,252424,111472,113816
98,0.4,3,176704,75608,77952
98,0.4,4,263792,113752,116096
98,0.4,5,232968,109184,111528
99,0.4,1,329912,108784,111152
99,0.4,2,231488,126728,129096
99,0.4,3,294440,107392,109760
99,0.4,4,268632,110312,112680
99,0.4,5,253208,98352,100720
100,0.4,1,169392,58296,60688
100,0.4,2,268720,103056,105448
100,0.4,3,193640,79016,81408
100,0.4,4,204856,91072,93464
100,0.4,5,231144,97768,100160
1,0.5,1,4008,16,16
1,0.5,2,3960,16,16
1,0.5,3,3976,16,16
1,0.5,4,3960,16,16
1,0.5,5,3976,16,16
2,0.5,1,4264,592,616
2,0.5,2,5984,4544,4568
2,0.5,3,4232,280,304
2,0.5,4,4328,592,616
2,0.5,5,4320,416,440
3,0.5,1,4608,1000,1048
3,0.5,2,4600,792,840
3,0.5,3,6736,4952,5016
3,0.5,4,4632,848,896
3,0.5,5,5944,3072,3120
4,0.5,1,5008,1440,1512
4,0.5,2,4864,1416,1472
4,0.5,3,4960,3112,3168
4,0.5,4,9856,12328,12400
4,0.5,5,4912,1176,1248
5,0.5,1,5296,1392,1488
5,0.5,2,5240,5688,5800
5,0.5,3,5240,2048,2128
5,0.5,4,6808,5056,5168
5,0.5,5,5240,2016,2112
6,0.5,1,5664,5752,5888
6,0.5,2,8088,6736,6856
6,0.5,3,7976,10488,10624
6,0.5,4,7664,6208,6344
6,0.5,5,5800,2008,2112
7,0.5,1,6656,3760,3904
7,0.5,2,7552,4760,4888
7,0.5,3,12152,13240,13368
7,0.5,4,5752,2504,2648
7,0.5,5,10488,7768,7912
8,0.5,1,10176,13256,13424
8,0.5,2,8288,5672,5824
8,0.5,3,6352,3248,3432
8,0.5,4,6224,2464,2632
8,0.5,5,9984,10024,10192
9,0.5,1,6648,6376,6568
9,0.5,2,9808,7984,8192
9,0.5,3,7432,5640,5832
9,0.5,4,12088,11408,11600
9,0.5,5,11272,15472,15664
10,0.5,1,13632,14752,14968
10,0.5,2,6840,4440,4656
10,0.5,3,10248,7160,7376
10,0.5,4,7080,4696,4912
10,0.5,5,11128,9000,9200
11,0.5,1,11152,11200,11440
11,0.5,2,9424,8744,9000
11,0.5,3,7304,7704,7944
11,0.5,4,8488,5960,6200
11,0.5,5,14568,18976,19216
12,0.5,1,10672,8296,8560
12,0.5,2,7960,4944,5224
12,0.5,3,12792,14152,14416
12,0.5,4,11000,12016,12280
12,0.5,5,8256,4920,5184
13,0.5,1,9352,7728,8000
13,0.5,2,11000,10968,11256
13,0.5,3,9696,7104,7392
13,0.5,4,8848,5240,5528
13,0.5,5,11792,9392,9696
14,0.5,1,22840,21832,22144
14,0.5,2,11488,10536,10864
14,0.5,3,8688,9648,9960
14,0.5,4,8424,6568,6880
14,0.5,5,8208,6752,7064
15,0.5,1,16328,19040,19392
15,0.5,2,12408,12328,12648
15,0.5,3,11072,6928,7280
15,0.5,4,14896,13208,13528
15,0.5,5,17328,17536,17888
16,0.5,1,11352,14552,14928
16,0.5,2,25184,26816,27176
16,0.5,3,9632,5984,6360
16,0.5,4,14000,13704,14048
16,0.5,5,12744,12016,12360
17,0.5,1,17616,13832,14232
17,0.5,2,20984,19376,19776
17,0.5,3,24248,32536,32920
17,0.5,4,18264,21192,21576
17,0.5,5,10688,9704,10104
18,0.5,1,12736,9600,10008
18,0.5,2,17600,25696,26120
18,0.5,3,20856,26624,27048
18,0.5,4,15680,14000,14424
18,0.5,5,33536,32128,32552
19,0.5,1,18616,13728,14160
19,0.5,2,12592,8824,9272
19,0.5,3,25552,28368,28816
19,0.5,4,22672,20624,21056
19,0.5,5,24784,19336,19784
20,0.5,1,21688,22072,22544
20,0.5,2,15824,14472,14928
20,0.5,3,21936,19560,20032
20,0.5,4,23752,35544,36016
20,0.5,5,11432,8184,8656
21,0.5,1,33456,34800,35296
21,0.5,2,20080,16512,17008
21,0.5,3,17608,19992,20488
21,0.5,4,17112,16864,17360
21,0.5,5,16384,14896,15392
22,0.5,1,20824,16024,16528
22,0.5,2,20888,20528,21048
22,0.5,3,13328,9048,9568
22,0.5,4,22056,21448,21968
22,0.5,5,34072,27792,28312
23,0.5,1,26736,24208,24752
23,0.5,2,19848,25352,25896
23,0.5,3,33792,34120,34664
23,0.5,4,13552,8872,9400
23,0.5,5,22784,19288,19832
24,0.5,1,28912,27880,28448
24,0.5,2,18400,12952,13520
24,0.5,3,17736,23752,24320
24,0.5,4,19936,21040,21608
24,0.5,5,16376,20208,20760
25,0.5,1,22304,16064,16656
25,0.5,2,22512,18432,19024
25,0.5,3,33872,29048,29640
25,0.5,4,20584,14760,15352
25,0.5,5,21816,21280,21872
26,0.5,1,17504,12296,12896
26,0.5,2,25200,28192,28808
26,0.5,3,30192,27264,27880
26,0.5,4,22672,25440,26056
26,0.5,5,22400,17664,18280
27,0.5,1,46968,43784,44424
27,0.5,2,24752,19512,20136
27,0.5,3,32728,23952,24592
27,0.5,4,25488,28392,29032
27,0.5,5,15016,15448,16088
28,0.5,1,26760,25592,26240
28,0.5,2,30232,31952,32616
28,0.5,3,34320,36520,37184
28,0.5,4,35704,31584,32232
28,0.5,5,26648,27768,28432
29,0.5,1,47096,34728,35416
29,0.5,2,24960,24992,25680
29,0.5,3,22440,21536,22224
29,0.5,4,27312,26312,27000
29,0.5,5,16368,24552,25240
30,0.5,1,22480,16752,17464
30,0.5,2,23280,26080,26776
30,0.5,3,19944,19544,20256
30,0.5,4,34280,30392,31104
30,0.5,5,47200,44688,45384
31,0.5,1,40440,30248,30968
31,0.5,2,29032,17696,18416
31,0.5,3,41648,30264,31000
31,0.5,4,37928,36832,37568
31,0.5,5,34920,23216,23952
32,0.5,1,39120,34944,35704
32,0.5,2,33272,26488,27248
32,0.5,3,37704,34872,35632
32,0.5,4,30528,25248,26008
32,0.5,5,35536,29840,30600
33,0.5,1,35472,25392,26176
33,0.5,2,54712,43456,44240
33,0.5,3,27040,23912,24696
33,0.5,4,34304,27928,28712
33,0.5,5,46808,33912,34696
34,0.5,1,51736,38800,39608
34,0.5,2,29944,20704,21512
34,0.5,3,32896,23448,24256
34,0.5,4,47864,33328,34136
34,0.5,5,38952,39736,40544
35,0.5,1,40976,35072,35904
35,0.5,2,36448,29624,30456
35,0.5,3,32064,24344,25176
35,0.5,4,44912,40480,41312
35,0.5,5,36392,33640,34456
36,0.5,1,50512,41728,42584
36,0.5,2,47224,47464,48320
36,0.5,3,43320,36000,36856
36,0.5,4,38440,27896,28752
36,0.5,5,32408,28640,29496
37,0.5,1,47264,32840,33720
37,0.5,2,41992,37824,38704
37,0.5,3,44400,35120,36000
37,0.5,4,55608,49496,50360
37,0.5,5,35864,27848,28712
38,0.5,1,41880,40120,41024
38,0.5,2,58384,41400,42304
38,0.5,3,69832,48760,49664
38,0.5,4,43832,26160,27064
38,0.5,5,53000,35688,36592
39,0.5,1,31816,33464,34392
39,0.5,2,60584,48200,49128
39,0.5,3,32488,20328,21256
39,0.5,4,51208,37400,38328
39,0.5,5,57960,47728,48656
40,0.5,1,62320,49512,50464
40,0.5,2,45976,34304,35256
40,0.5,3,28736,18000,18952
40,0.5,4,46760,31048,31984
40,0.5,5,34632,22904,23856
41,0.5,1,40896,30856,31832
41,0.5,2,48672,39360,40336
41,0.5,3,85672,47392,48368
41,0.5,4,53328,31232,32208
41,0.5,5,57880,37992,38968
42,0.5,1,42400,47872,48872
42,0.5,2,67208,49616,50616
42,0.5,3,54200,46128,47128
42,0.5,4,56888,43976,44976
42,0.5,5,29904,25144,26144
43,0.5,1,39376,29400,30424
43,0.5,2,58792,33744,34768
43,0.5,3,66544,36584,37608
43,0.5,4,62520,44944,45968
43,0.5,5,60856,57040,58064
44,0.5,1,97432,64408,65456
44,0.5,2,40488,28104,29152
44,0.5,3,70688,43096,44144
44,0.5,4,56128,44768,45816
44,0.5,5,59976,48488,49536
45,0.5,1,57080,54816,55872
45,0.5,2,51248,38888,39960
45,0.5,3,64312,46416,47488
45,0.5,4,36736,37040,38112
45,0.5,5,63896,42008,43080
46,0.5,1,71376,58472,59568
46,0.5,2,35776,24216,25312
46,0.5,3,35576,27104,28200
46,0.5,4,74904,46728,47824
46,0.5,5,83520,56208,57304
47,0.5,1,76296,50184,51304
47,0.5,2,79344,55536,56656
47,0.5,3,70112,43200,44320
47,0.5,4,80424,56864,57984
47,0.5,5,50872,38120,39240
48,0.5,1,60008,52656,53800
48,0.5,2,65344,43944,45088
48,0.5,3,44320,30528,31672
48,0.5,4,44296,34032,35176
48,0.5,5,73552,40192,41336
49,0.5,1,84336,47560,48728
49,0.5,2,45312,24832,25984
49,0.5,3,80728,60576,61744
49,0.5,4,57456,43144,44312
49,0.5,5,53208,41680,42848
50,0.5,1,88208,52136,53328
50,0.5,2,71296,42880,44072
50,0.5,3,72136,35136,36328
50,0.5,4,63192,43376,44568
50,0.5,5,80152,56032,57224
51,0.5,1,69176,44752,45952
51,0.5,2,90424,59904,61120
51,0.5,3,46456,35208,36424
51,0.5,4,111528,74512,75728
51,0.5,5,87960,61184,62400
52,0.5,1,73072,49960,51200
52,0.5,2,68800,48032,49272
52,0.5,3,66944,42200,43424
52,0.5,4,67560,48600,49824
52,0.5,5,40008,26488,27728
53,0.5,1,84728,61072,62320
53,0.5,2,84768,60808,62072
53,0.5,3,42976,23768,25016
53,0.5,4,62864,43832,45096
53,0.5,5,106496,68048,69312
54,0.5,1,93064,61752,63040
54,0.5,2,59840,43032,44320
54,0.5,3,83408,46944,48216
54,0.5,4,96232,57576,58864
54,0.5,5,103896,64488,65776
55,0.5,1,94528,57664,58976
55,0.5,2,95176,56304,57616
55,0.5,3,144536,69160,70472
55,0.5,4,89264,54680,55992
55,0.5,5,92152,50800,52112
56,0.5,1,77528,51208,52544
56,0.5,2,108432,58416,59752
56,0.5,3,67976,51112,52448
56,0.5,4,78968,50360,51696
56,0.5,5,106376,58896,60232
57,0.5,1,104784,53832,55192
57,0.5,2,147896,91144,92504
57,0.5,3,103984,55552,56912
57,0.5,4,80816,55616,56976
57,0.5,5,97168,55744,57104
58,0.5,1,97040,55784,57168
58,0.5,2,122416,71432,72816
58,0.5,3,83496,47464,48848
58,0.5,4,96272,56520,57904
58,0.5,5,92768,46208,47592
59,0.5,1,80728,39680,41088
59,0.5,2,69432,49248,50656
59,0.5,3,81248,40336,41744
59,0.5,4,117968,79040,80448
59,0.5,5,89176,54424,55832
60,0.5,1,94296,48736,50168
60,0.5,2,86472,47240,48672
60,0.5,3,83456,44624,46056
60,0.5,4,104576,55952,57384
60,0.5,5,92928,55336,56768
61,0.5,1,95888,50992,52448
61,0.5,2,62064,37624,39080
61,0.5,3,133656,49696,51152
61,0.5,4,94152,44768,46224
61,0.5,5,66600,43464,44920
62,0.5,1,93672,48776,50256
62,0.5,2,83592,54288,55768
62,0.5,3,92144,60456,61936
62,0.5,4,101064,59160,60640
62,0.5,5,94112,53672,55152
63,0.5,1,99888,62856,64360
63,0.5,2,87152,50304,51808
63,0.5,3,95968,43960,45464
63,0.5,4,103448,53832,55336
63,0.5,5,109552,64096,65600
64,0.5,1,129872,60592,62120
64,0.5,2,59760,48296,49808
64,0.5,3,133288,61776,63304
64,0.5,4,102272,62608,64136
64,0.5,5,94824,59480,61008
65,0.5,1,148624,85672,87224
65,0.5,2,61808,34680,36216
65,0.5,3,132472,81552,83104
65,0.5,4,106248,64128,65680
65,0.5,5,127832,66000,67552
66,0.5,1,114320,60336,61912
66,0.5,2,155104,71872,73448
66,0.5,3,108344,59112,60688
66,0.5,4,92624,47888,49464
66,0.5,5,77960,44008,45584
67,0.5,1,121656,56936,58536
67,0.5,2,93768,52344,53944
67,0.5,3,112504,52024,53624
67,0.5,4,114896,69920,71520
67,0.5,5,137648,70544,72144
68,0.5,1,100064,61728,63352
68,0.5,2,111864,58560,60184
68,0.5,3,121672,81656,83280
68,0.5,4,148624,65056,66680
68,0.5,5,110800,61520,63144
69,0.5,1,137840,71408,73056
69,0.5,2,73488,43968,45616
69,0.5,3,113560,78560,80208
69,0.5,4,189384,88072,89720
69,0.5,5,113200,53672,55320
70,0.5,1,134528,77808,79480
70,0.5,2,174608,75040,76712
70,0.5,3,103920,57696,59368
70,0.5,4,77536,42552,44224
70,0.5,5,119656,54608,56280
71,0.5,1,125336,73928,75624
71,0.5,2,121360,56928,58624
71,0.5,3,128960,78512,80208
71,0.5,4,170384,76448,78144
71,0.5,5,157072,81728,83424
72,0.5,1,103912,48352,50072
72,0.5,2,121856,87328,89048
72,0.5,3,104592,47808,49528
72,0.5,4,128600,72864,74584
72,0.5,5,92600,64816,66536
73,0.5,1,158632,81192,82936
73,0.5,2,108864,54304,56048
73,0.5,3,101824,55000,56744
73,0.5,4,106080,62488,64232
73,0.5,5,87480,44000,45744
74,0.5,1,154496,76376,78144
74,0.5,2,130032,66128,67896
74,0.5,3,133992,75696,77464
74,0.5,4,173984,74128,75896
74,0.5,5,146576,77848,79616
75,0.5,1,127432,63216,65008
75,0.5,2,153656,74728,76520
75,0.5,3,117192,55544,57336
75,0.5,4,127632,58504,60296
75,0.5,5,115864,69344,71136
76,0.5,1,142448,68664,70480
76,0.5,2,117384,64568,66384
76,0.5,3,122824,65344,67160
76,0.5,4,160264,82136,83952
76,0.5,5,179808,89176,90992
77,0.5,1,170768,85600,87440
77,0.5,2,127800,66976,68816
77,0.5,3,166176,88464,90304
77,0.5,4,113336,55984,57824
77,0.5,5,170352,90800,92640
78,0.5,1,195408,101856,103720
78,0.5,2,119464,59912,61776
78,0.5,3,168296,84584,86448
78,0.5,4,119736,60704,62568
78,0.5,5,208256,81536,83400
79,0.5,1,169744,83920,85808
79,0.5,2,160256,78672,80560
79,0.5,3,154992,66560,68448
79,0.5,4,183520,98152,100040
79,0.5,5,156976,87904,89792
80,0.5,1,196960,88456,90368
80,0.5,2,151664,75248,77160
80,0.5,3,98784,52856,54768
80,0.5,4,194064,91160,93072
80,0.5,5,163192,67704,69616
81,0.5,1,102240,61880,63816
81,0.5,2,148416,87664,89600
81,0.5,3,122464,72256,74192
81,0.5,4,151136,66056,67992
81,0.5,5,122736,68552,70488
82,0.5,1,189272,91672,93632
82,0.5,2,181232,69120,71080
82,0.5,3,163960,75912,77872
82,0.5,4,160872,83432,85392
82,0.5,5,149408,77584,79528
83,0.5,1,238096,103792,105776
83,0.5,2,254296,111464,113448
83,0.5,3,165984,87112,89096
83,0.5,4,196824,104152,106136
83,0.5,5,168704,82200,84184
84,0.5,1,155088,66536,68544
84,0.5,2,199360,89480,91488
84,0.5,3,150168,67088,69096
84,0.5,4,193616,89944,91952
84,0.5,5,156168,83352,85360
85,0.5,1,199272,87216,89248
85,0.5,2,196376,81160,83192
85,0.5,3,142560,72504,74536
85,0.5,4,171296,88808,90840
85,0.5,5,110440,62192,64224
86,0.5,1,168336,72472,74528
86,0.5,2,205776,70568,72624
86,0.5,3,210800,80480,82536
86,0.5,4,216128,86032,88088
86,0.5,5,180936,71288,73344
87,0.5,1,189864,88872,90952
87,0.5,2,164720,85992,88072
87,0.5,3,240792,112856,114936
87,0.5,4,172736,76984,79064
87,0.5,5,212128,110448,112528
88,0.5,1,208200,81384,83488
88,0.5,2,209528,86792,88896
88,0.5,3,141792,65144,67248
88,0.5,4,164328,77568,79672
88,0.5,5,178440,82072,84176
89,0.5,1,172120,76920,79048
89,0.5,2,150856,81344,83472
89,0.5,3,197968,94896,97024
89,0.5,4,174800,73528,75656
89,0.5,5,157640,86840,88968
90,0.5,1,198248,94768,96920
90,0.5,2,247560,96376,98528
90,0.5,3,199472,86736,88888
90,0.5,4,197728,78448,80600
90,0.5,5,189064,68176,70328
91,0.5,1,204792,74536,76712
91,0.5,2,242568,103960,106136
91,0.5,3,128688,72672,74848
91,0.5,4,177176,82128,84304
91,0.5,5,167080,75776,77952
92,0.5,1,179792,77016,79216
92,0.5,2,240464,110272,112472
92,0.5,3,260448,95000,97200
92,0.5,4,159168,68840,71040
92,0.5,5,227080,102576,104776
93,0.5,1,196976,87560,89784
93,0.5,2,140976,75560,77784
93,0.5,3,178792,85944,88168
93,0.5,4,273080,100256,102480
93,0.5,5,199704,81632,83856
94,0.5,1,173224,78984,81232
94,0.5,2,202240,95680,97928
94,0.5,3,235960,89824,92072
94,0.5,4,220560,134400,136648
94,0.5,5,185472,87184,89432
95,0.5,1,172712,75856,78128
95,0.5,2,190672,87648,89920
95,0.5,3,264280,113968,116240
95,0.5,4,265008,90280,92552
95,0.5,5,188568,89072,91344
96,0.5,1,224360,85896,88192
96,0.5,2,185464,85744,88040
96,0.5,3,177384,77888,80184
96,0.5,4,190928,84960,87256
96,0.5,5,269048,104768,107064
97,0.5,1,263376,116328,118648
97,0.5,2,231288,99184,101504
97,0.5,3,170856,82208,84528
97,0.5,4,177232,77328,79648
97,0.5,5,196048,83416,85736
98,0.5,1,225672,89544,91888
98,0.5,2,296816,90488,92832
98,0.5,3,256104,89120,91464
98,0.5,4,266368,108136,110480
98,0.5,5,224496,93064,95408
99,0.5,1,202056,81272,83640
99,0.5,2,227416,111928,114296
99,0.5,3,175080,67456,69824
99,0.5,4,292192,111792,114160
99,0.5,5,184080,81256,83624
100,0.5,1,248952,101272,103664
100,0.5,2,277968,105400,107792
100,0.5,3,198616,99904,102296
100,0.5,4,291840,98664,101056
100,0.5,5,193496,81264,83656
1,0.6,1,3992,16,16
1,0.6,2,3976,16,16
1,0.6,3,3992,16,16
1,0.6,4,3976,16,16
1,0.6,5,4008,16,16
2,0.6,1,4352,880,904
2,0.6,2,5168,1544,1568
2,0.6,3,4280,664,688
2,0.6,4,4296,664,688
2,0.6,5,4336,440,464
3,0.6,1,7000,6544,6592
3,0.6,2,4680,2208,2240
3,0.6,3,7448,6240,6288
3,0.6,4,7104,10296,10344
3,0.6,5,4640,800,848
4,0.6,1,4920,1176,1248
4,0.6,2,6480,3720,3792
4,0.6,3,4776,888,960
4,0.6,4,4712,1232,1304
4,0.6,5,7160,6160,6232
5,0.6,1,6776,4800,4896
5,0.6,2,7296,6880,6976
5,0.6,3,5224,2888,2968
5,0.6,4,5216,1720,1816
5,0.6,5,5352,1928,2024
6,0.6,1,5616,2496,2616
6,0.6,2,6048,2640,2760
6,0.6,3,5520,2032,2152
6,0.6,4,5488,4368,4472
6,0.6,5,9480,11584,11688
7,0.6,1,8184,6736,6880
7,0.6,2,5968,2048,2192
7,0.6,3,8968,8520,8664
7,0.6,4,5816,3952,4096
7,0.6,5,6184,8000,8144
8,0.6,1,7200,5568,5736
8,0.6,2,6360,5176,5328
8,0.6,3,6464,3512,3680
8,0.6,4,10208,9760,9928
8,0.6,5,8672,8632,8800
9,0.6,1,6672,6848,7040
9,0.6,2,9584,7016,7208
9,0.6,3,16776,26040,26248
9,0.6,4,8880,8504,8680
9,0.6,5,9040,6328,6520
10,0.6,1,9528,10248,10464
10,0.6,2,6784,2976,3208
10,0.6,3,9024,7544,7760
10,0.6,4,13704,11904,12120
10,0.6,5,6752,2768,2984
11,0.6,1,9752,8576,8816
11,0.6,2,7288,4808,5064
11,0.6,3,7592,4488,4744
11,0.6,4,7368,7760,8000
11,0.6,5,12208,16496,16720
12,0.6,1,11704,9656,9936
12,0.6,2,7584,4368,4648
12,0.6,3,13400,13208,13472
12,0.6,4,8704,5832,6112
12,0.6,5,8632,8624,8888
13,0.6,1,12208,18016,18288
13,0.6,2,11432,12456,12744
13,0.6,3,8304,5296,5584
13,0.6,4,7880,9368,9656
13,0.6,5,8576,6184,6456
14,0.6,1,21616,20408,20720
14,0.6,2,16504,14360,14688
14,0.6,3,8904,5136,5448
14,0.6,4,10392,13568,13880
14,0.6,5,11512,9848,10160
15,0.6,1,16688,25616,25952
15,0.6,2,11176,7672,8008
15,0.6,3,13488,13752,14072
15,0.6,4,15760,12840,13176
15,0.6,5,9480,5136,5472
16,0.6,1,13768,9904,10248
16,0.6,2,12528,11600,11960
16,0.6,3,17096,17720,18064
16,0.6,4,17176,16736,17096
16,0.6,5,23240,19776,20136
17,0.6,1,17984,18432,18832
17,0.6,2,15888,14864,15264
17,0.6,3,14272,15520,15920
17,0.6,4,17808,16712,17112
17,0.6,5,18232,19200,19584
18,0.6,1,13832,15376,15800
18,0.6,2,15352,11184,11592
18,0.6,3,10800,12144,12568
18,0.6,4,21752,20688,21112
18,0.6,5,18408,23248,23672
19,0.6,1,18168,18152,18600
19,0.6,2,10816,9904,10352
19,0.6,3,19040,13184,13616
19,0.6,4,16432,18528,18976
19,0.6,5,33904,31024,31472
20,0.6,1,11680,13000,13472
20,0.6,2,16968,22168,22640
20,0.6,3,17416,17088,17560
20,0.6,4,13704,18856,19328
20,0.6,5,30720,29048,29504
21,0.6,1,20080,17392,17872
21,0.6,2,12136,10992,11472
21,0.6,3,20576,14856,15352
21,0.6,4,12856,13224,13720
21,0.6,5,28912,31728,32224
22,0.6,1,25680,25024,25544
22,0.6,2,20160,20792,21312
22,0.6,3,33160,34688,35208
22,0.6,4,22464,17424,17944
22,0.6,5,25576,28256,28760
23,0.6,1,24656,19816,20360
23,0.6,2,21632,22240,22784
23,0.6,3,21520,20168,20712
23,0.6,4,31536,29000,29528
23,0.6,5,17352,15056,15584
24,0.6,1,27272,26728,27296
24,0.6,2,32272,25168,25736
24,0.6,3,20992,20288,20856
24,0.6,4,22632,18856,19424
24,0.6,5,36184,35232,35800
25,0.6,1,19272,20960,21552
25,0.6,2,19784,20752,21344
25,0.6,3,25520,18792,19368
25,0.6,4,28240,19560,20136
25,0.6,5,29632,24880,25456
26,0.6,1,34608,23344,23944
26,0.6,2,31504,25624,26240
26,0.6,3,31800,26424,27040
26,0.6,4,15920,17816,18432
26,0.6,5,26384,22944,23560
27,0.6,1,29464,31824,32464
27,0.6,2,42536,31456,32096
27,0.6,3,29392,40600,41240
27,0.6,4,24416,23392,24032
27,0.6,5,26120,17568,18208
28,0.6,1,29728,21960,22624
28,0.6,2,20336,21152,21816
28,0.6,3,26640,21248,21912
28,0.6,4,33336,22144,22808
28,0.6,5,22752,17896,18544
29,0.6,1,28392,24760,25448
29,0.6,2,33848,27352,28040
29,0.6,3,28720,19872,20560
29,0.6,4,22872,14912,15584
29,0.6,5,23384,17672,18360
30,0.6,1,27760,20752,21464
30,0.6,2,34408,21120,21832
30,0.6,3,21880,16976,17688
30,0.6,4,35568,34680,35392
30,0.6,5,46456,32016,32728
31,0.6,1,23600,19168,19904
31,0.6,2,35896,38208,38944
31,0.6,3,32144,20808,21544
31,0.6,4,16672,19040,19776
31,0.6,5,18736,21136,21872
32,0.6,1,32136,22960,23720
32,0.6,2,22032,15808,16552
32,0.6,3,23720,19264,20024
32,0.6,4,33096,26192,26952
32,0.6,5,32448,31824,32584
33,0.6,1,39648,35296,36080
33,0.6,2,26536,26160,26944
33,0.6,3,41608,28152,28936
33,0.6,4,42480,33592,34376
33,0.6,5,43128,33952,34736
34,0.6,1,24256,29432,30224
34,0.6,2,73472,58576,59384
34,0.6,3,49704,37808,38616
34,0.6,4,52568,39376,40184
34,0.6,5,37480,29320,30128
35,0.6,1,29008,23912,24744
35,0.6,2,41200,34224,35056
35,0.6,3,42376,35456,36288
35,0.6,4,42888,43920,44752
35,0.6,5,29560,31392,32208
36,0.6,1,40496,24000,24856
36,0.6,2,34656,27384,28240
36,0.6,3,31768,24768,25624
36,0.6,4,40864,26848,27688
36,0.6,5,44744,37816,38672
37,0.6,1,47408,34912,35792
37,0.6,2,59176,40472,41352
37,0.6,3,52728,40360,41240
37,0.6,4,56960,46688,47568
37,0.6,5,50928,43056,43936
38,0.6,1,37824,36248,37152
38,0.6,2,42584,36920,37824
38,0.6,3,55504,49128,50032
38,0.6,4,46904,36224,37128
38,0.6,5,49672,37816,38720
39,0.6,1,29360,26488,27416
39,0.6,2,80768,56760,57688
39,0.6,3,40928,36208,37136
39,0.6,4,56192,31344,32272
39,0.6,5,46352,41016,41944
40,0.6,1,31352,22560,23496
40,0.6,2,39200,33624,34576
40,0.6,3,29712,23688,24640
40,0.6,4,46920,33200,34152
40,0.6,5,51552,33720,34672
41,0.6,1,73880,61328,62304
41,0.6,2,65888,54232,55208
41,0.6,3,58448,49488,50464
41,0.6,4,27008,25448,26424
41,0.6,5,47568,38032,39008
42,0.6,1,40720,29424,30424
42,0.6,2,77328,46944,47944
42,0.6,3,43632,35136,36136
42,0.6,4,49328,39896,40896
42,0.6,5,56456,36408,37408
43,0.6,1,54448,36488,37512
43,0.6,2,53936,34984,36008
43,0.6,3,30896,25640,26664
43,0.6,4,40088,42128,43152
43,0.6,5,57760,40024,41032
44,0.6,1,53560,33088,34136
44,0.6,2,62016,35552,36600
44,0.6,3,41520,37520,38552
44,0.6,4,43200,41104,42152
44,0.6,5,61608,52848,53896
45,0.6,1,51128,33576,34648
45,0.6,2,52064,43992,45064
45,0.6,3,60664,37400,38472
45,0.6,4,43440,33744,34816
45,0.6,5,45656,31976,33048
46,0.6,1,45920,36856,37952
46,0.6,2,71304,48816,49912
46,0.6,3,51704,32104,33184
46,0.6,4,69912,44248,45344
46,0.6,5,98120,49360,50456
47,0.6,1,49712,37176,38296
47,0.6,2,104632,73272,74392
47,0.6,3,54264,49928,51048
47,0.6,4,104920,68592,69712
47,0.6,5,62920,37504,38624
48,0.6,1,75096,53824,54968
48,0.6,2,57120,45848,46992
48,0.6,3,74896,49752,50896
48,0.6,4,51336,33056,34200
48,0.6,5,71440,39392,40536
49,0.6,1,51424,34800,35968
49,0.6,2,51832,33296,34464
49,0.6,3,72528,49408,50576
49,0.6,4,39424,37768,38936
49,0.6,5,51696,32528,33696
50,0.6,1,84936,53440,54632
50,0.6,2,117600,63920,65112
50,0.6,3,50456,37640,38832
50,0.6,4,75952,48968,50160
50,0.6,5,70296,38008,39200
51,0.6,1,71520,44912,46128
51,0.6,2,70896,44624,45824
51,0.6,3,35256,33336,34552
51,0.6,4,66776,43016,44232
51,0.6,5,65968,40624,41840
52,0.6,1,57024,34096,35336
52,0.6,2,57296,38112,39336
52,0.6,3,104976,64352,65592
52,0.6,4,82264,57072,58312
52,0.6,5,54808,52912,54152
53,0.6,1,100352,63216,64480
53,0.6,2,58672,44008,45272
53,0.6,3,67568,39128,40392
53,0.6,4,76536,45456,46720
53,0.6,5,74256,51048,52312
54,0.6,1,117576,60504,61792
54,0.6,2,79248,51200,52472
54,0.6,3,84320,57712,59000
54,0.6,4,105640,64408,65696
54,0.6,5,73640,40032,41320
55,0.6,1,78488,44192,45504
55,0.6,2,74096,46744,48056
55,0.6,3,115392,80024,81336
55,0.6,4,109400,59496,60808
55,0.6,5,66576,53288,54600
56,0.6,1,64040,51800,53136
56,0.6,2,60296,37944,39280
56,0.6,3,76832,46408,47744
56,0.6,4,62184,49064,50400
56,0.6,5,84448,44848,46184
57,0.6,1,108296,55344,56704
57,0.6,2,97664,66704,68064
57,0.6,3,81880,43976,45336
57,0.6,4,92736,46832,48192
57,0.6,5,63080,44592,45952
58,0.6,1,98288,48472,49856
58,0.6,2,71352,36304,37688
58,0.6,3,91672,51320,52704
58,0.6,4,46816,27744,29128
58,0.6,5,73208,48536,49920
59,0.6,1,102112,61904,63312
59,0.6,2,132000,74456,75864
59,0.6,3,99256,68736,70144
59,0.6,4,107432,53016,54424
59,0.6,5,94232,54864,56272
60,0.6,1,90712,49936,51368
60,0.6,2,111712,52136,53568
60,0.6,3,83176,53128,54560
60,0.6,4,61056,37968,39400
60,0.6,5,77976,51896,53312
61,0.6,1,83384,46344,47800
61,0.6,2,114136,56888,58344
61,0.6,3,108448,69616,71072
61,0.6,4,100336,61872,63328
61,0.6,5,109872,61600,63056
62,0.6,1,67144,40896,42376
62,0.6,2,78760,53040,54520
62,0.6,3,83720,50424,51904
62,0.6,4,105240,62104,63584
62,0.6,5,132352,75568,77048
63,0.6,1,97880,50568,52072
63,0.6,2,80408,56032,57536
63,0.6,3,82816,56424,57928
63,0.6,4,85368,52264,53768
63,0.6,5,91888,47624,49128
64,0.6,1,111744,66872,68400
64,0.6,2,154656,78328,79856
64,0.6,3,88088,38352,39880
64,0.6,4,134624,86160,87688
64,0.6,5,101368,50584,52112
65,0.6,1,136328,72784,74336
65,0.6,2,120696,64672,66224
65,0.6,3,129528,71992,73544
65,0.6,4,94384,53056,54608
65,0.6,5,92896,52656,54208
66,0.6,1,139856,72992,74568
66,0.6,2,134472,73568,75144
66,0.6,3,98808,72368,73944
66,0.6,4,123040,65040,66616
66,0.6,5,110864,50488,52064
67,0.6,1,105512,69280,70880
67,0.6,2,100112,51904,53504
67,0.6,3,126688,83912,85512
67,0.6,4,102248,58656,60256
67,0.6,5,111208,89744,91344
68,0.6,1,71568,49136,50760
68,0.6,2,149536,70840,72464
68,0.6,3,114584,61064,62688
68,0.6,4,107616,66288,67912
68,0.6,5,120752,71432,73056
69,0.6,1,164248,94864,96512
69,0.6,2,93344,51808,53456
69,0.6,3,107032,60688,62336
69,0.6,4,116528,60568,62216
69,0.6,5,87320,56032,57680
70,0.6,1,149440,80160,81832
70,0.6,2,132512,64512,66184
70,0.6,3,105472,61952,63624
70,0.6,4,92104,61512,63184
70,0.6,5,119968,70536,72208
71,0.6,1,100544,59984,61680
71,0.6,2,123984,68720,70416
71,0.6,3,174792,90864,92560
71,0.6,4,154896,68664,70360
71,0.6,5,145872,73528,75224
72,0.6,1,119616,65408,67128
72,0.6,2,141544,81568,83288
72,0.6,3,133912,66648,68368
72,0.6,4,190288,73160,74880
72,0.6,5,149952,73920,75640
73,0.6,1,150960,66216,67960
73,0.6,2,151400,70576,72320
73,0.6,3,110048,56616,58360
73,0.6,4,152040,77440,79184
73,0.6,5,148000,76960,78704
74,0.6,1,102200,51800,53568
74,0.6,2,113584,68176,69944
74,0.6,3,95424,58744,60512
74,0.6,4,152968,75928,77696
74,0.6,5,121992,60248,62016
75,0.6,1,150496,75464,77256
75,0.6,2,105888,76872,78664
75,0.6,3,100664,60288,62080
75,0.6,4,113768,60008,61800
75,0.6,5,122296,59016,60808
76,0.6,1,156864,65592,67408
76,0.6,2,120936,60992,62808
76,0.6,3,126840,70544,72360
76,0.6,4,141504,82104,83920
76,0.6,5,118096,63064,64880
77,0.6,1,143136,60488,62328
77,0.6,2,156344,72576,74416
77,0.6,3,120736,75384,77224
77,0.6,4,129576,71328,73168
77,0.6,5,147912,75536,77376
78,0.6,1,126040,62824,64688
78,0.6,2,132936,64968,66832
78,0.6,3,171984,87272,89136
78,0.6,4,209920,85840,87704
78,0.6,5,241736,109560,111424
79,0.6,1,133736,71024,72912
79,0.6,2,150064,76088,77976
79,0.6,3,134432,66144,68032
79,0.6,4,106016,61368,63256
79,0.6,5,253312,106200,108088
80,0.6,1,142280,76120,78032
80,0.6,2,162624,81896,83808
80,0.6,3,181856,83424,85336
80,0.6,4,111872,54712,56624
80,0.6,5,154752,66832,68744
81,0.6,1,124520,60672,62608
81,0.6,2,135752,81352,83288
81,0.6,3,165680,76384,78320
81,0.6,4,181840,99888,101824
81,0.6,5,205464,80792,82728
82,0.6,1,149320,76744,78704
82,0.6,2,244680,101240,103200
82,0.6,3,133520,55960,57920
82,0.6,4,177288,76360,78320
82,0.6,5,177168,79208,81168
83,0.6,1,236464,101152,103136
83,0.6,2,158072,82024,84008
83,0.6,3,175656,74208,76192
83,0.6,4,112640,60744,62728
83,0.6,5,155048,65808,67792
84,0.6,1,142880,65392,67400
84,0.6,2,145272,73848,75856
84,0.6,3,170000,73520,75528
84,0.6,4,161288,72464,74472
84,0.6,5,144040,81152,83160
85,0.6,1,229152,93704,95736
85,0.6,2,177064,91256,93288
85,0.6,3,208520,92408,94440
85,0.6,4,184056,96976,99008
85,0.6,5,127904,73176,75208
86,0.6,1,196360,83536,85592
86,0.6,2,153416,77800,79856
86,0.6,3,156600,66824,68880
86,0.6,4,182344,88216,90272
86,0.6,5,142176,77232,79288
87,0.6,1,205080,89928,92008
87,0.6,2,176464,91192,93272
87,0.6,3,165768,77976,80056
87,0.6,4,174528,76824,78904
87,0.6,5,185512,91104,93184
88,0.6,1,176344,64608,66712
88,0.6,2,192680,92240,94344
88,0.6,3,242016,109128,111232
88,0.6,4,133312,74104,76208
88,0.6,5,129632,60912,63016
89,0.6,1,161480,73392,75520
89,0.6,2,245288,92200,94328
89,0.6,3,193504,82120,84248
89,0.6,4,233128,77912,80040
89,0.6,5,170072,88192,90320
90,0.6,1,187536,113952,116104
90,0.6,2,179768,87152,89304
90,0.6,3,201064,66304,68456
90,0.6,4,173640,66672,68824
90,0.6,5,206696,103160,105312
91,0.6,1,199416,75512,77688
91,0.6,2,193592,95304,97480
91,0.6,3,149408,57680,59856
91,0.6,4,182920,88112,90288
91,0.6,5,297832,120432,122608
92,0.6,1,152160,82448,84648
92,0.6,2,211240,91440,93640
92,0.6,3,173648,76376,78576
92,0.6,4,328320,114496,116696
92,0.6,5,227872,88304,90504
93,0.6,1,256424,110520,112744
93,0.6,2,177008,79672,81896
93,0.6,3,179224,71296,73520
93,0.6,4,165584,88344,90568
93,0.6,5,207320,101488,103712
94,0.6,1,191144,85944,88192
94,0.6,2,200064,77960,80208
94,0.6,3,177976,83280,85528
94,0.6,4,225352,102376,104624
94,0.6,5,161184,88536,90784
95,0.6,1,184632,87656,89928
95,0.6,2,223712,101592,103864
95,0.6,3,291176,122416,124688
95,0.6,4,125216,65296,67568
95,0.6,5,224944,83592,85864
96,0.6,1,266080,103256,105552
96,0.6,2,305496,129904,132200
96,0.6,3,190696,85816,88112
96,0.6,4,157064,84632,86928
96,0.6,5,167280,88800,91096
97,0.6,1,201616,73920,76240
97,0.6,2,222928,106168,108488
97,0.6,3,184480,79512,81832
97,0.6,4,209256,87624,89944
97,0.6,5,186264,69104,71424
98,0.6,1,194912,76320,78664
98,0.6,2,168664,77056,79400
98,0.6,3,229344,95736,98080
98,0.6,4,162744,106128,108472
98,0.6,5,191472,73088,75432
99,0.6,1,240992,100168,102536
99,0.6,2,260304,118560,120928
99,0.6,3,189352,88784,91152
99,0.6,4,177528,75464,77832
99,0.6,5,165808,76200,78568
100,0.6,1,256056,96344,98736
100,0.6,2,265520,104344,106736
100,0.6,3,317264,113832,116224
100,0.6,4,315104,127184,129576
100,0.6,5,248104,108776,111168
1,0.7,1,3976,16,16
1,0.7,2,4008,16,16
1,0.7,3,3960,16,16
1,0.7,4,4008,16,16
1,0.7,5,3976,16,16
2,0.7,1,4272,656,680
2,0.7,2,4272,552,576
2,0.7,3,4336,528,552
2,0.7,4,4216,376,400
2,0.7,5,4328,216,240
3,0.7,1,5512,3200,3248
3,0.7,2,4624,616,664
3,0.7,3,6128,7280,7328
3,0.7,4,4568,3080,3128
3,0.7,5,4560,1080,1128
4,0.7,1,5024,1216,1288
4,0.7,2,5000,1904,1960
4,0.7,3,4928,1496,1568
4,0.7,4,4936,1712,1784
4,0.7,5,4952,1184,1256
5,0.7,1,5256,1136,1232
5,0.7,2,5320,1376,1472
5,0.7,3,5184,2000,2096
5,0.7,4,5288,1736,1832
5,0.7,5,5208,1800,1896
6,0.7,1,5696,2248,2368
6,0.7,2,5576,1792,1896
6,0.7,3,5624,3576,3696
6,0.7,4,6920,4248,4352
6,0.7,5,9672,9848,9952
7,0.7,1,10344,11928,12088
7,0.7,2,8104,10024,10184
7,0.7,3,8560,6264,6408
7,0.7,4,10488,10608,10736
7,0.7,5,7128,4224,4368
8,0.7,1,6320,6320,6472
8,0.7,2,9944,8704,8872
8,0.7,3,12848,12632,12800
8,0.7,4,6360,4016,4184
8,0.7,5,11288,12640,12808
9,0.7,1,9704,9888,10064
9,0.7,2,8760,10152,10360
9,0.7,3,7552,10168,10344
9,0.7,4,11584,11704,11896
9,0.7,5,11944,13272,13448
10,0.7,1,8728,8760,8976
10,0.7,2,10072,9096,9328
10,0.7,3,14024,15184,15400
10,0.7,4,7312,3976,4192
10,0.7,5,7000,3552,3752
11,0.7,1,9016,8104,8360
11,0.7,2,8768,5640,5896
11,0.7,3,9752,8760,9000
11,0.7,4,9408,7864,8088
11,0.7,5,10584,10320,10544
12,0.7,1,12616,11752,12016
12,0.7,2,8312,5808,6072
12,0.7,3,9360,7264,7512
12,0.7,4,9800,5456,5720
12,0.7,5,9680,8472,8720
13,0.7,1,8768,8024,8312
13,0.7,2,11160,10616,10920
13,0.7,3,8208,8600,8904
13,0.7,4,10272,12688,12976
13,0.7,5,11880,15328,15616
14,0.7,1,12232,8168,8496
14,0.7,2,11744,9072,9400
14,0.7,3,18192,20600,20912
14,0.7,4,14720,11528,11840
14,0.7,5,23416,26368,26696
15,0.7,1,13136,9344,9664
15,0.7,2,20952,20160,20480
15,0.7,3,12800,10448,10800
15,0.7,4,9440,5976,6312
15,0.7,5,16184,13544,13880
16,0.7,1,11424,12296,12672
16,0.7,2,18768,18160,18520
16,0.7,3,11408,8304,8648
16,0.7,4,17408,16784,17160
16,0.7,5,18600,22312,22672
17,0.7,1,16232,14952,15352
17,0.7,2,15712,18208,18608
17,0.7,3,14360,16160,16560
17,0.7,4,9624,6656,7040
17,0.7,5,13104,11400,11784
18,0.7,1,16856,15160,15584
18,0.7,2,24976,30624,31032
18,0.7,3,18888,17096,17520
18,0.7,4,11040,13104,13512
18,0.7,5,16704,16048,16456
19,0.7,1,18448,13920,14368
19,0.7,2,16448,15128,15576
19,0.7,3,20792,19312,19760
19,0.7,4,12880,16728,17160
19,0.7,5,20336,23216,23664
20,0.7,1,16280,22384,22856
20,0.7,2,11560,7304,7760
20,0.7,3,15784,14520,14992
20,0.7,4,39672,34648,35120
20,0.7,5,29064,24816,25288
21,0.7,1,19136,15112,15608
21,0.7,2,14800,11688,12168
21,0.7,3,13440,10584,11080
21,0.7,4,24456,23400,23880
21,0.7,5,11904,9480,9960
22,0.7,1,17288,12120,12624
22,0.7,2,25040,18520,19024
22,0.7,3,25520,24200,24704
22,0.7,4,13176,8872,9376
22,0.7,5,29072,24712,25232
23,0.7,1,16288,13408,13936
23,0.7,2,21312,25320,25864
23,0.7,3,19568,19232,19776
23,0.7,4,17912,22920,23464
23,0.7,5,13824,13240,13784
24,0.7,1,38136,31680,32248
24,0.7,2,29144,27904,28472
24,0.7,3,32400,26056,26624
24,0.7,4,26960,26568,27136
24,0.7,5,19360,23384,23936
25,0.7,1,29216,23128,23720
25,0.7,2,27520,24488,25080
25,0.7,3,38440,24784,25376
25,0.7,4,41016,36208,36800
25,0.7,5,24096,19256,19848
26,0.7,1,23592,21560,22176
26,0.7,2,29080,24392,25008
26,0.7,3,26744,21272,21888
26,0.7,4,33480,23680,24296
26,0.7,5,22888,22736,23352
27,0.7,1,44888,32248,32888
27,0.7,2,22808,22272,22896
27,0.7,3,28768,31552,32192
27,0.7,4,34152,37272,37912
27,0.7,5,31576,26424,27064
28,0.7,1,25512,18608,19272
28,0.7,2,25760,21472,22136
28,0.7,3,33304,30928,31592
28,0.7,4,33072,24904,25568
28,0.7,5,32168,28096,28744
29,0.7,1,32672,31896,32584
29,0.7,2,27760,21288,21976
29,0.7,3,18952,22384,23056
29,0.7,4,31488,25248,25936
29,0.7,5,28824,23592,24280
30,0.7,1,21200,21112,21824
30,0.7,2,58192,48176,48888
30,0.7,3,33256,26152,26864
30,0.7,4,27672,26704,27400
30,0.7,5,46728,35776,36488
31,0.7,1,35080,29616,30352
31,0.7,2,25872,18144,18864
31,0.7,3,36152,34152,34888
31,0.7,4,29880,23760,24496
31,0.7,5,33944,32056,32776
32,0.7,1,23064,26632,27392
32,0.7,2,53288,54280,55040
32,0.7,3,45760,33504,34264
32,0.7,4,41296,28376,29136
32,0.7,5,36760,34432,35192
33,0.7,1,50688,52456,53240
33,0.7,2,29448,28296,29080
33,0.7,3,31048,26752,27536
33,0.7,4,41280,34608,35392
33,0.7,5,43592,42720,43504
34,0.7,1,33920,26224,27016
34,0.7,2,41048,31224,32032
34,0.7,3,41192,27480,28288
34,0.7,4,33064,29872,30680
34,0.7,5,35264,31000,31808
35,0.7,1,56760,44408,45240
35,0.7,2,33880,21776,22592
35,0.7,3,26904,19872,20704
35,0.7,4,34744,30576,31408
35,0.7,5,52816,48000,48832
36,0.7,1,46040,40880,41736
36,0.7,2,46056,30016,30872
36,0.7,3,51800,43624,44480
36,0.7,4,63120,45536,46392
36,0.7,5,70024,53056,53912
37,0.7,1,57856,59424,60304
37,0.7,2,34152,23632,24512
37,0.7,3,27640,27744,28624
37,0.7,4,48576,33952,34832
37,0.7,5,53776,35808,36672
38,0.7,1,38416,30648,31552
38,0.7,2,42232,28096,29000
38,0.7,3,55880,30408,31312
38,0.7,4,40208,33256,34160
38,0.7,5,34376,28336,29240
39,0.7,1,43032,35192,36120
39,0.7,2,61440,41336,42264
39,0.7,3,64536,41088,42016
39,0.7,4,31472,28032,28960
39,0.7,5,50968,40312,41240
40,0.7,1,47064,41168,42120
40,0.7,2,60480,41120,42072
40,0.7,3,65696,51968,52920
40,0.7,4,59000,40984,41936
40,0.7,5,50072,38528,39480
41,0.7,1,67040,36112,37088
41,0.7,2,58968,59704,60680
41,0.7,3,51424,36840,37816
41,0.7,4,53096,35208,36184
41,0.7,5,88096,44384,45360
42,0.7,1,36648,33904,34904
42,0.7,2,51464,36000,37000
42,0.7,3,53040,41656,42656
42,0.7,4,52632,32776,33776
42,0.7,5,47776,38712,39712
43,0.7,1,31160,25696,26720
43,0.7,2,45864,31168,32192
43,0.7,3,46648,29096,30120
43,0.7,4,52264,42752,43760
43,0.7,5,46328,31328,32352
44,0.7,1,65648,37792,38840
44,0.7,2,43096,32672,33720
44,0.7,3,52256,36000,37048
44,0.7,4,33432,21000,22032
44,0.7,5,37368,33552,34584
45,0.7,1,71632,44784,45856
45,0.7,2,46288,35792,36864
45,0.7,3,54424,44880,45952
45,0.7,4,50208,38888,39960
45,0.7,5,58824,39672,40744
46,0.7,1,63672,40800,41896
46,0.7,2,69200,44248,45344
46,0.7,3,69272,56328,57424
46,0.7,4,65088,51864,52960
46,0.7,5,64256,47792,48888
47,0.7,1,56392,47408,48528
47,0.7,2,70848,42008,43128
47,0.7,3,80408,43056,44176
47,0.7,4,83576,45160,46280
47,0.7,5,51360,33928,35048
48,0.7,1,57464,33936,35080
48,0.7,2,49864,47768,48912
48,0.7,3,73880,46000,47144
48,0.7,4,85528,49168,50312
48,0.7,5,74152,42384,43528
49,0.7,1,54064,46920,48088
49,0.7,2,70008,43352,44520
49,0.7,3,65896,49664,50832
49,0.7,4,54224,33720,34888
49,0.7,5,65928,55136,56304
50,0.7,1,64496,40568,41760
50,0.7,2,62352,37096,38288
50,0.7,3,121296,66296,67488
50,0.7,4,98192,52656,53848
50,0.7,5,62608,47072,48264
51,0.7,1,65008,34488,35704
51,0.7,2,72184,45232,46448
51,0.7,3,52344,36280,37496
51,0.7,4,93744,63176,64392
51,0.7,5,47080,44768,45968
52,0.7,1,56944,44416,45656
52,0.7,2,103216,56952,58192
52,0.7,3,65344,48864,50104
52,0.7,4,66736,45016,46256
52,0.7,5,77456,44344,45584
53,0.7,1,81264,42320,43584
53,0.7,2,76384,36776,38040
53,0.7,3,64256,46144,47408
53,0.7,4,97496,54224,55488
53,0.7,5,77448,59040,60304
54,0.7,1,89232,48800,50088
54,0.7,2,104968,62256,63544
54,0.7,3,110208,72704,73992
54,0.7,4,97408,65728,67016
54,0.7,5,76328,39320,40592
55,0.7,1,76304,44360,45672
55,0.7,2,79048,50448,51760
55,0.7,3,84824,47008,48320
55,0.7,4,88112,46768,48080
55,0.7,5,127656,65320,66632
56,0.7,1,71024,45912,47248
56,0.7,2,98552,51640,52976
56,0.7,3,89648,54456,55792
56,0.7,4,102240,63544,64880
56,0.7,5,66016,37960,39296
57,0.7,1,85144,49088,50448
57,0.7,2,81912,49832,51192
57,0.7,3,63600,49320,50680
57,0.7,4,91560,58720,60080
57,0.7,5,129264,69864,71224
58,0.7,1,106544,55648,57032
58,0.7,2,92112,61072,62456
58,0.7,3,95008,51320,52704
58,0.7,4,83904,57256,58624
58,0.7,5,119104,80288,81672
59,0.7,1,80344,52824,54232
59,0.7,2,70680,49280,50688
59,0.7,3,77736,43600,45008
59,0.7,4,76824,46216,47624
59,0.7,5,87760,49336,50744
60,0.7,1,107304,57600,59032
60,0.7,2,95056,50744,52176
60,0.7,3,98496,57272,58704
60,0.7,4,104880,63072,64504
60,0.7,5,72936,46512,47944
61,0.7,1,109376,53816,55272
61,0.7,2,101696,64656,66112
61,0.7,3,90336,44672,46128
61,0.7,4,71208,48544,50000
61,0.7,5,113432,67080,68536
62,0.7,1,105056,56080,57560
62,0.7,2,98616,60040,61520
62,0.7,3,69288,47640,49120
62,0.7,4,126248,71624,73104
62,0.7,5,129432,68928,70408
63,0.7,1,135952,63984,65488
63,0.7,2,128360,66544,68048
63,0.7,3,123720,57688,59192
63,0.7,4,116480,58784,60288
63,0.7,5,139216,81888,83392
64,0.7,1,106904,63344,64872
64,0.7,2,160440,77120,78648
64,0.7,3,113720,62120,63648
64,0.7,4,111192,56792,58320
64,0.7,5,120952,75008,76536
65,0.7,1,123192,67464,69016
65,0.7,2,127120,62728,64280
65,0.7,3,156640,77392,78944
65,0.7,4,95840,66056,67608
65,0.7,5,120992,64976,66528
66,0.7,1,77856,49872,51448
66,0.7,2,174808,77720,79296
66,0.7,3,149536,63360,64936
66,0.7,4,121920,68312,69888
66,0.7,5,118504,63080,64656
67,0.7,1,124832,65408,67008
67,0.7,2,103944,70512,72112
67,0.7,3,130400,77208,78808
67,0.7,4,112192,48544,50144
67,0.7,5,120968,57096,58696
68,0.7,1,108312,62320,63944
68,0.7,2,109496,54896,56520
68,0.7,3,113896,70400,72024
68,0.7,4,107256,53072,54696
68,0.7,5,119120,79648,81272
69,0.7,1,131920,71728,73376
69,0.7,2,116544,64280,65928
69,0.7,3,122096,58816,60464
69,0.7,4,139320,61192,62840
69,0.7,5,127856,55992,57640
70,0.7,1,137408,68408,70080
70,0.7,2,151224,73512,75184
70,0.7,3,104328,67640,69312
70,0.7,4,174448,88248,89920
70,0.7,5,132552,76976,78648
71,0.7,1,114608,67024,68720
71,0.7,2,118952,54976,56672
71,0.7,3,118840,70472,72168
71,0.7,4,153760,93280,94976
71,0.7,5,108584,61168,62864
72,0.7,1,127856,56872,58592
72,0.7,2,146024,70568,72288
72,0.7,3,89608,52112,53832
72,0.7,4,124832,58128,59848
72,0.7,5,116176,64544,66264
73,0.7,1,123408,75184,76928
73,0.7,2,98264,60488,62232
73,0.7,3,104344,56256,58000
73,0.7,4,130456,79608,81352
73,0.7,5,96760,54216,55960
74,0.7,1,164176,87824,89592
74,0.7,2,134576,73328,75096
74,0.7,3,167288,78832,80600
74,0.7,4,167816,89480,91248
74,0.7,5,103320,55000,56768
75,0.7,1,103848,58896,60688
75,0.7,2,119848,57856,59648
75,0.7,3,96664,60328,62120
75,0.7,4,162392,66792,68584
75,0.7,5,152024,65232,67024
76,0.7,1,120696,62176,63992
76,0.7,2,154816,73320,75136
76,0.7,3,144360,71584,73400
76,0.7,4,119880,60024,61840
76,0.7,5,115256,63224,65040
77,0.7,1,195056,100344,102184
77,0.7,2,193304,76504,78344
77,0.7,3,153088,81592,83432
77,0.7,4,137632,76368,78208
77,0.7,5,126416,65472,67312
78,0.7,1,174568,94320,96184
78,0.7,2,136848,63992,65856
78,0.7,3,181176,96640,98504
78,0.7,4,144104,61488,63352
78,0.7,5,141368,64832,66696
79,0.7,1,196104,87512,89400
79,0.7,2,162280,85432,87320
79,0.7,3,187664,90992,92880
79,0.7,4,206184,99024,100912
79,0.7,5,170944,72544,74432
80,0.7,1,192064,82568,84480
80,0.7,2,127712,67216,69128
80,0.7,3,176704,73536,75448
80,0.7,4,132208,60320,62232
80,0.7,5,131824,65232,67144
81,0.7,1,192560,90144,92080
81,0.7,2,128032,73936,75872
81,0.7,3,176048,102128,104064
81,0.7,4,156480,84560,86496
81,0.7,5,143664,73432,75368
82,0.7,1,133760,69344,71304
82,0.7,2,149960,73016,74976
82,0.7,3,186192,81080,83040
82,0.7,4,126976,69624,71584
82,0.7,5,153424,82328,84288
83,0.7,1,122248,62872,64856
83,0.7,2,140968,86696,88680
83,0.7,3,152288,94672,96656
83,0.7,4,129712,81080,83064
83,0.7,5,176616,85136,87120
84,0.7,1,182272,84592,86600
84,0.7,2,153440,98000,100008
84,0.7,3,183384,79672,81680
84,0.7,4,95696,63352,65360
84,0.7,5,200104,100648,102656
85,0.7,1,178872,87928,89960
85,0.7,2,209712,93656,95688
85,0.7,3,192792,87016,89048
85,0.7,4,150888,79176,81208
85,0.7,5,174360,75256,77288
86,0.7,1,175840,75800,77856
86,0.7,2,183960,77544,79600
86,0.7,3,133144,72520,74576
86,0.7,4,224168,96800,98856
86,0.7,5,221976,94888,96944
87,0.7,1,172248,89904,91984
87,0.7,2,136848,74728,76808
87,0.7,3,177064,68504,70584
87,0.7,4,171840,83544,85624
87,0.7,5,154832,85664,87744
88,0.7,1,201456,89856,91960
88,0.7,2,197040,84072,86176
88,0.7,3,265776,100096,102200
88,0.7,4,146384,64248,66352
88,0.7,5,192680,83640,85744
89,0.7,1,189520,82752,84880
89,0.7,2,171296,75312,77440
89,0.7,3,153544,78536,80664
89,0.7,4,194640,93640,95768
89,0.7,5,207392,93336,95464
90,0.7,1,243120,98584,100736
90,0.7,2,137264,66664,68816
90,0.7,3,187240,77120,79272
90,0.7,4,210712,79024,81176
90,0.7,5,160712,77696,79848
91,0.7,1,118248,64584,66760
91,0.7,2,223912,98664,100840
91,0.7,3,177552,74368,76544
91,0.7,4,226408,107784,109960
91,0.7,5,150808,71640,73816
92,0.7,1,154256,82192,84392
92,0.7,2,216640,94528,96728
92,0.7,3,179912,80504,82704
92,0.7,4,194680,71928,74128
92,0.7,5,253208,99816,102016
93,0.7,1,177056,79824,82048
93,0.7,2,207288,91424,93648
93,0.7,3,163104,80216,82440
93,0.7,4,176864,87504,89728
93,0.7,5,223208,104000,106224
94,0.7,1,190744,76648,78896
94,0.7,2,237464,85672,87920
94,0.7,3,222712,90800,93048
94,0.7,4,220744,91432,93680
94,0.7,5,261808,93088,95336
95,0.7,1,179704,99816,102088
95,0.7,2,266104,124616,126888
95,0.7,3,187936,88096,90368
95,0.7,4,170120,73096,75368
95,0.7,5,325304,113040,115312
96,0.7,1,187856,98456,100752
96,0.7,2,227080,85976,88272
96,0.7,3,202672,95000,97296
96,0.7,4,205328,76328,78624
96,0.7,5,224984,103920,106216
97,0.7,1,201432,81704,84024
97,0.7,2,165344,65408,67728
97,0.7,3,140240,79440,81760
97,0.7,4,199864,90432,92752
97,0.7,5,249112,104840,107160
98,0.7,1,292640,103928,106272
98,0.7,2,310128,125120,127464
98,0.7,3,180544,85408,87752
98,0.7,4,202624,98600,100944
98,0.7,5,253720,84248,86592
99,0.7,1,256992,127352,129720
99,0.7,2,144280,61216,63584
99,0.7,3,139112,66600,68968
99,0.7,4,185512,75648,78016
99,0.7,5,210672,89712,92080
100,0.7,1,305352,118760,121152
100,0.7,2,282176,100792,103184
100,0.7,3,263152,104560,106952
100,0.7,4,214304,78264,80656
100,0.7,5,227760,93992,96384
1,0.8,1,4008,16,16
1,0.8,2,3976,16,16
1,0.8,3,3992,16,16
1,0.8,4,3944,16,16
1,0.8,5,3976,16,16
2,0.8,1,4296,560,584
2,0.8,2,4248,320,344
2,0.8,3,4256,280,304
2,0.8,4,4280,216,240
2,0.8,5,5480,2992,3016
3,0.8,1,4640,1376,1440
3,0.8,2,5096,1624,1672
3,0.8,3,7192,6744,6776
3,0.8,4,4656,1392,1440
3,0.8,5,4568,936,984
4,0.8,1,4760,2000,2072
4,0.8,2,4912,1032,1104
4,0.8,3,4984,1496,1568
4,0.8,4,4608,1624,1696
4,0.8,5,4896,1104,1176
5,0.8,1,5256,1528,1624
5,0.8,2,6952,7824,7904
5,0.8,3,6592,3536,3632
5,0.8,4,5016,1216,1312
5,0.8,5,6696,4024,4104
6,0.8,1,8168,6024,6144
6,0.8,2,5656,2088,2208
6,0.8,3,8648,9424,9528
6,0.8,4,9504,10120,10256
6,0.8,5,6352,4520,4640
7,0.8,1,7304,5456,5600
7,0.8,2,5872,1992,2136
7,0.8,3,10632,10672,10816
7,0.8,4,8800,7688,7832
7,0.8,5,7864,8304,8432
8,0.8,1,8344,7824,8008
8,0.8,2,7352,4800,4968
8,0.8,3,8576,6280,6448
8,0.8,4,8192,8608,8776
8,0.8,5,6304,3440,3608
9,0.8,1,6696,3712,3904
9,0.8,2,13400,13368,13560
9,0.8,3,6688,4048,4240
9,0.8,4,9712,9648,9840
9,0.8,5,7384,4632,4808
10,0.8,1,7088,6544,6744
10,0.8,2,13760,14240,14440
10,0.8,3,7184,3712,3928
10,0.8,4,8640,5488,5704
10,0.8,5,9744,7448,7648
11,0.8,1,7336,3744,3984
11,0.8,2,13608,20296,20536
11,0.8,3,8912,6672,6912
11,0.8,4,7248,5936,6192
11,0.8,5,11040,12792,13048
12,0.8,1,8520,8024,8272
12,0.8,2,8608,10128,10376
12,0.8,3,11488,9224,9472
12,0.8,4,9488,7448,7712
12,0.8,5,11672,9792,10072
13,0.8,1,12320,15168,15440
13,0.8,2,14192,21080,21368
13,0.8,3,8320,8432,8704
13,0.8,4,13616,11168,11440
13,0.8,5,10232,8464,8752
14,0.8,1,8576,13048,13344
14,0.8,2,14328,11728,12040
14,0.8,3,11440,11160,11488
14,0.8,4,25616,22904,23216
14,0.8,5,11536,13280,13592
15,0.8,1,12736,8712,9048
15,0.8,2,15032,12064,12416
15,0.8,3,13544,17032,17368
15,0.8,4,18728,15312,15632
15,0.8,5,22984,31384,31720
16,0.8,1,32512,39712,40072
16,0.8,2,9560,5968,6344
16,0.8,3,15264,19704,20064
16,0.8,4,17056,16144,16488
16,0.8,5,20040,15240,15584
17,0.8,1,15192,13160,13544
17,0.8,2,17352,14928,15312
17,0.8,3,17112,13568,13952
17,0.8,4,16368,18192,18592
17,0.8,5,18264,22440,22824
18,0.8,1,10824,14760,15184
18,0.8,2,16736,13736,14144
18,0.8,3,17632,13776,14200
18,0.8,4,17008,16328,16752
18,0.8,5,18872,20040,20464
19,0.8,1,17688,20688,21136
19,0.8,2,23744,28616,29064
19,0.8,3,21136,23808,24240
19,0.8,4,18544,12728,13160
19,0.8,5,12680,10080,10512
20,0.8,1,31816,32264,32720
20,0.8,2,19528,27056,27528
20,0.8,3,17640,18232,18704
20,0.8,4,20352,23624,24080
20,0.8,5,19248,24096,24568
21,0.8,1,19656,22808,23304
21,0.8,2,24360,21840,22336
21,0.8,3,26512,21688,22184
21,0.8,4,17952,12464,12960
21,0.8,5,28960,36960,37456
22,0.8,1,18736,17264,17768
22,0.8,2,17392,12984,13504
22,0.8,3,31608,29688,30208
22,0.8,4,18920,17312,17832
22,0.8,5,19912,20144,20664
23,0.8,1,33920,45392,45936
23,0.8,2,25616,19408,19952
23,0.8,3,22736,20568,21096
23,0.8,4,29728,42048,42576
23,0.8,5,27440,27608,28152
24,0.8,1,15008,15672,16224
24,0.8,2,27920,24920,25472
24,0.8,3,24920,20968,21536
24,0.8,4,35592,33528,34096
24,0.8,5,27328,25368,25936
25,0.8,1,24984,24752,25344
25,0.8,2,31320,31488,32080
25,0.8,3,32920,40160,40752
25,0.8,4,22696,19088,19680
25,0.8,5,23664,25448,26040
26,0.8,1,25000,27416,28032
26,0.8,2,37088,27880,28496
26,0.8,3,25080,21624,22224
26,0.8,4,28808,28232,28832
26,0.8,5,34360,31216,31832
27,0.8,1,17648,17240,17880
27,0.8,2,25528,24728,25368
27,0.8,3,28728,24224,24864
27,0.8,4,25088,20312,20952
27,0.8,5,21344,17024,17648
28,0.8,1,23248,18648,19296
28,0.8,2,16656,11816,12464
28,0.8,3,28712,20888,21552
28,0.8,4,21960,29472,30136
28,0.8,5,27520,27328,27976
29,0.8,1,23096,23520,24208
29,0.8,2,17752,12120,12792
29,0.8,3,27912,21944,22632
29,0.8,4,24872,24640,25312
29,0.8,5,32672,31008,31696
30,0.8,1,27392,31184,31896
30,0.8,2,22544,15024,15736
30,0.8,3,41888,28592,29304
30,0.8,4,31032,28920,29632
30,0.8,5,36720,38168,38880
31,0.8,1,30416,19240,19960
31,0.8,2,51016,41104,41840
31,0.8,3,36856,32336,33056
31,0.8,4,43768,42136,42872
31,0.8,5,33528,22080,22800
32,0.8,1,32784,31288,32048
32,0.8,2,22592,18848,19608
32,0.8,3,50160,38896,39656
32,0.8,4,28152,25712,26472
32,0.8,5,32504,27296,28056
33,0.8,1,43864,36248,37032
33,0.8,2,34712,30264,31048
33,0.8,3,49824,48800,49584
33,0.8,4,40464,43080,43864
33,0.8,5,27440,23416,24200
34,0.8,1,31824,29040,29848
34,0.8,2,29576,30376,31184
34,0.8,3,45744,40304,41112
34,0.8,4,42704,29304,30112
34,0.8,5,48680,33776,34584
35,0.8,1,29224,24072,24904
35,0.8,2,48912,45696,46528
35,0.8,3,66816,58784,59616
35,0.8,4,26064,25064,25896
35,0.8,5,38000,31328,32160
36,0.8,1,40680,28704,29560
36,0.8,2,39240,33840,34696
36,0.8,3,52280,44832,45688
36,0.8,4,64168,41520,42376
36,0.8,5,35496,33896,34752
37,0.8,1,61920,53864,54744
37,0.8,2,45528,32816,33696
37,0.8,3,55416,44592,45472
37,0.8,4,56184,44296,45176
37,0.8,5,56256,41184,42064
38,0.8,1,26928,18392,19296
38,0.8,2,78152,51584,52488
38,0.8,3,29336,32056,32960
38,0.8,4,28336,25000,25888
38,0.8,5,52296,40752,41656
39,0.8,1,58032,38808,39736
39,0.8,2,56168,30264,31176
39,0.8,3,66544,57584,58512
39,0.8,4,45888,41432,42360
39,0.8,5,28568,30088,31000
40,0.8,1,62288,43008,43960
40,0.8,2,50368,40800,41752
40,0.8,3,58760,43080,44032
40,0.8,4,74232,44528,45480
40,0.8,5,48136,36656,37608
41,0.8,1,44136,31608,32584
41,0.8,2,60840,36648,37624
41,0.8,3,58528,36496,37472
41,0.8,4,52432,37344,38320
41,0.8,5,55008,36552,37528
42,0.8,1,65760,45368,46368
42,0.8,2,63032,47216,48216
42,0.8,3,30144,24288,25288
42,0.8,4,78888,57256,58256
42,0.8,5,40264,37960,38960
43,0.8,1,71184,59128,60152
43,0.8,2,46640,35664,36672
43,0.8,3,77024,49152,50176
43,0.8,4,47840,41608,42632
43,0.8,5,57224,28960,29984
44,0.8,1,47336,37376,38424
44,0.8,2,44432,38752,39800
44,0.8,3,57936,43032,44080
44,0.8,4,47992,41216,42264
44,0.8,5,61496,47368,48416
45,0.8,1,54264,38112,39184
45,0.8,2,64184,37664,38736
45,0.8,3,49792,31952,33024
45,0.8,4,51400,35496,36568
45,0.8,5,78888,57000,58072
46,0.8,1,55824,35416,36512
46,0.8,2,52224,34720,35800
46,0.8,3,64720,46464,47560
46,0.8,4,29984,30656,31752
46,0.8,5,40288,42808,43904
47,0.8,1,92488,49920,51040
47,0.8,2,47968,30944,32064
47,0.8,3,46544,33176,34296
47,0.8,4,53120,32432,33552
47,0.8,5,71416,46328,47448
48,0.8,1,60632,42552,43696
48,0.8,2,44968,30720,31864
48,0.8,3,92096,65696,66840
48,0.8,4,60360,34792,35936
48,0.8,5,56864,41272,42416
49,0.8,1,54712,29200,30368
49,0.8,2,66272,37768,38936
49,0.8,3,71032,50632,51800
49,0.8,4,85112,45472,46640
49,0.8,5,54960,30360,31528
50,0.8,1,62400,41320,42512
50,0.8,2,54152,43696,44888
50,0.8,3,57744,40480,41672
50,0.8,4,62752,41304,42496
50,0.8,5,56744,55592,56784
51,0.8,1,67144,39928,41144
51,0.8,2,78992,43272,44488
51,0.8,3,85576,58232,59448
51,0.8,4,81736,51720,52936
51,0.8,5,76680,50240,51456
52,0.8,1,62856,47960,49200
52,0.8,2,82544,57632,58872
52,0.8,3,44080,34264,35504
52,0.8,4,63360,40616,41856
52,0.8,5,61120,37864,39104
53,0.8,1,75144,37632,38896
53,0.8,2,71072,48360,49624
53,0.8,3,79128,44392,45656
53,0.8,4,79624,51728,52992
53,0.8,5,67160,45848,47112
54,0.8,1,112152,66616,67904
54,0.8,2,78800,59168,60456
54,0.8,3,57368,40408,41696
54,0.8,4,78160,62360,63648
54,0.8,5,53992,30904,32176
55,0.8,1,82128,56376,57688
55,0.8,2,80280,49712,51024
55,0.8,3,75280,50784,52096
55,0.8,4,73456,45632,46944
55,0.8,5,56928,48824,50136
56,0.8,1,109672,55304,56640
56,0.8,2,67480,37984,39320
56,0.8,3,74232,55736,57072
56,0.8,4,83064,53312,54648
56,0.8,5,90536,59536,60872
57,0.8,1,86096,51784,53144
57,0.8,2,98616,53272,54632
57,0.8,3,114176,69512,70872
57,0.8,4,98752,80952,82312
57,0.8,5,72360,51544,52904
58,0.8,1,92872,55584,56968
58,0.8,2,134760,69608,70992
58,0.8,3,108632,68856,70240
58,0.8,4,116720,60504,61888
58,0.8,5,123232,58480,59864
59,0.8,1,94728,61904,63312
59,0.8,2,161216,68472,69880
59,0.8,3,102336,56344,57752
59,0.8,4,101696,56072,57480
59,0.8,5,68392,38192,39600
60,0.8,1,120088,72880,74312
60,0.8,2,120776,62728,64160
60,0.8,3,79136,41088,42520
60,0.8,4,100472,70480,71912
60,0.8,5,99200,51432,52864
61,0.8,1,113016,58752,60208
61,0.8,2,131288,76920,78376
61,0.8,3,102464,71792,73248
61,0.8,4,107024,57928,59384
61,0.8,5,113624,57424,58880
62,0.8,1,66872,39744,41224
62,0.8,2,64792,44384,45864
62,0.8,3,121984,61968,63448
62,0.8,4,92872,57808,59288
62,0.8,5,80680,49896,51376
63,0.8,1,107168,65008,66512
63,0.8,2,85600,50776,52280
63,0.8,3,80384,49176,50680
63,0.8,4,102320,60776,62280
63,0.8,5,101496,55680,57184
64,0.8,1,112472,64952,66480
64,0.8,2,91320,63504,65032
64,0.8,3,84792,63656,65184
64,0.8,4,111488,60912,62440
64,0.8,5,76904,50480,52008
65,0.8,1,146504,89944,91496
65,0.8,2,161840,73848,75400
65,0.8,3,163072,87288,88840
65,0.8,4,76544,48096,49648
65,0.8,5,68376,39808,41344
66,0.8,1,91928,48056,49632
66,0.8,2,113136,56064,57640
66,0.8,3,85440,48648,50224
66,0.8,4,114968,72624,74200
66,0.8,5,92168,41608,43184
67,0.8,1,102984,49760,51360
67,0.8,2,137328,75896,77496
67,0.8,3,90432,66184,67784
67,0.8,4,121856,70872,72472
67,0.8,5,105968,48664,50264
68,0.8,1,95176,60336,61960
68,0.8,2,93088,49800,51424
68,0.8,3,130448,74512,76136
68,0.8,4,129272,70504,72128
68,0.8,5,117760,57192,58816
69,0.8,1,154496,90288,91936
69,0.8,2,78048,58552,60184
69,0.8,3,126200,75496,77144
69,0.8,4,119512,59112,60760
69,0.8,5,109448,57832,59480
70,0.8,1,94016,57128,58800
70,0.8,2,190448,96792,98464
70,0.8,3,138080,60992,62664
70,0.8,4,152720,78192,79864
70,0.8,5,130224,76744,78416
71,0.8,1,129064,57168,58864
71,0.8,2,139704,56136,57832
71,0.8,3,156416,70904,72600
71,0.8,4,141152,80944,82640
71,0.8,5,121912,55768,57464
72,0.8,1,126304,62536,64240
72,0.8,2,138568,68208,69928
72,0.8,3,127536,60536,62256
72,0.8,4,112720,57704,59424
72,0.8,5,92312,57128,58848
73,0.8,1,123424,64520,66264
73,0.8,2,181216,85496,87240
73,0.8,3,120336,64272,66016
73,0.8,4,109088,60360,62104
73,0.8,5,103352,57488,59232
74,0.8,1,111968,64560,66328
74,0.8,2,96032,47776,49544
74,0.8,3,126616,55864,57632
74,0.8,4,144208,85384,87152
74,0.8,5,108096,76592,78360
75,0.8,1,146632,72712,74504
75,0.8,2,113048,62832,64624
75,0.8,3,108224,52976,54768
75,0.8,4,127352,63480,65256
75,0.8,5,112824,58320,60112
76,0.8,1,115432,54104,55920
76,0.8,2,169736,82488,84304
76,0.8,3,161824,68040,69856
76,0.8,4,127872,74344,76160
76,0.8,5,113168,60248,62064
77,0.8,1,113168,68432,70272
77,0.8,2,192304,89992,91832
77,0.8,3,188912,94024,95864
77,0.8,4,127224,74312,76152
77,0.8,5,119728,66536,68376
78,0.8,1,141112,77568,79432
78,0.8,2,95864,57000,58864
78,0.8,3,137456,90008,91872
78,0.8,4,184792,87816,89680
78,0.8,5,132864,58928,60792
79,0.8,1,154008,67616,69504
79,0.8,2,145400,67040,68928
79,0.8,3,116960,64856,66744
79,0.8,4,97984,54408,56296
79,0.8,5,150008,76584,78472
80,0.8,1,150168,81824,83736
80,0.8,2,116384,59808,61720
80,0.8,3,110216,70352,72264
80,0.8,4,116128,65208,67120
80,0.8,5,159496,81192,83104
81,0.8,1,177792,87448,89384
81,0.8,2,144392,61624,63560
81,0.8,3,146792,75624,77560
81,0.8,4,137160,68376,70312
81,0.8,5,193624,87328,89264
82,0.8,1,236264,94056,96016
82,0.8,2,157560,72144,74104
82,0.8,3,207432,85488,87448
82,0.8,4,130912,66672,68632
82,0.8,5,173800,80920,82880
83,0.8,1,167096,72776,74760
83,0.8,2,153920,75488,77472
83,0.8,3,200832,88968,90952
83,0.8,4,107952,49848,51832
83,0.8,5,165928,70256,72240
84,0.8,1,187344,83200,85208
84,0.8,2,136888,76320,78328
84,0.8,3,162184,74496,76504
84,0.8,4,184488,93288,95296
84,0.8,5,174280,104552,106560
85,0.8,1,199912,83952,85984
85,0.8,2,192120,86672,88704
85,0.8,3,115160,55648,57680
85,0.8,4,276672,122200,124232
85,0.8,5,109608,60904,62936
86,0.8,1,154080,76416,78472
86,0.8,2,197736,94928,96984
86,0.8,3,258496,103896,105952
86,0.8,4,245440,101632,103688
86,0.8,5,152288,66736,68792
87,0.8,1,185312,82960,85040
87,0.8,2,252040,108104,110184
87,0.8,3,188488,85936,88016
87,0.8,4,192048,89152,91232
87,0.8,5,216912,91936,94016
88,0.8,1,263776,91832,93936
88,0.8,2,208568,86600,88704
88,0.8,3,198776,82384,84488
88,0.8,4,184816,75568,77672
88,0.8,5,234512,110016,112120
89,0.8,1,135120,57088,59216
89,0.8,2,199680,80200,82328
89,0.8,3,201168,82232,84360
89,0.8,4,237648,94448,96576
89,0.8,5,204200,85840,87968
90,0.8,1,213176,90808,92944
90,0.8,2,211312,91944,94096
90,0.8,3,194096,86872,89024
90,0.8,4,215672,106624,108776
90,0.8,5,249320,99672,101824
91,0.8,1,210416,94232,96408
91,0.8,2,158992,100472,102648
91,0.8,3,182752,77456,79632
91,0.8,4,182344,77904,80080
91,0.8,5,147432,80928,83104
92,0.8,1,178152,74528,76728
92,0.8,2,195296,91552,93752
92,0.8,3,229736,89816,92016
92,0.8,4,190000,79256,81456
92,0.8,5,283856,100144,102344
93,0.8,1,148664,82496,84720
93,0.8,2,184192,90192,92416
93,0.8,3,188560,89808,92032
93,0.8,4,184456,75848,78072
93,0.8,5,222688,97520,99744
94,0.8,1,202880,84880,87128
94,0.8,2,246432,98192,100440
94,0.8,3,228608,83656,85904
94,0.8,4,234528,96832,99080
94,0.8,5,193984,88016,90264
95,0.8,1,219224,96776,99048
95,0.8,2,227456,97640,99912
95,0.8,3,241904,99328,101600
95,0.8,4,180144,75960,78232
95,0.8,5,248904,96472,98744
96,0.8,1,182448,102728,105024
96,0.8,2,337144,150160,152456
96,0.8,3,198104,88600,90896
96,0.8,4,214560,86896,89192
96,0.8,5,166872,93144,95440
97,0.8,1,208984,95912,98232
97,0.8,2,246624,96072,98392
97,0.8,3,281808,92392,94712
97,0.8,4,157104,94520,96840
97,0.8,5,228880,101200,103520
98,0.8,1,211400,105760,108104
98,0.8,2,166904,72976,75320
98,0.8,3,209240,93480,95824
98,0.8,4,218744,89896,92240
98,0.8,5,154328,70456,72800
99,0.8,1,210640,94288,96656
99,0.8,2,228840,84088,86456
99,0.8,3,219272,90128,92496
99,0.8,4,258680,99608,101976
99,0.8,5,312536,126008,128376
100,0.8,1,182728,87968,90360
100,0.8,2,222936,96904,99296
100,0.8,3,200984,88848,91240
100,0.8,4,270848,107136,109528
100,0.8,5,213256,98728,101120
1,0.9,1,3992,16,16
1,0.9,2,3944,16,16
1,0.9,3,4008,16,16
1,0.9,4,3928,16,16
1,0.9,5,3992,16,16
2,0.9,1,4248,216,240
2,0.9,2,4288,360,384
2,0.9,3,7120,6600,6640
2,0.9,4,5120,1856,1880
2,0.9,5,4272,424,448
3,0.9,1,4608,776,824
3,0.9,2,4512,696,744
3,0.9,3,4560,784,832
3,0.9,4,4424,552,600
3,0.9,5,7032,6584,6648
4,0.9,1,6784,11016,11088
4,0.9,2,5104,1352,1424
4,0.9,3,4904,2992,3064
4,0.9,4,8160,7992,8048
4,0.9,5,4944,1552,1624
5,0.9,1,6712,7824,7904
5,0.9,2,5240,2048,2144
5,0.9,3,5032,2216,2312
5,0.9,4,5208,1920,2016
5,0.9,5,8616,6992,7072
6,0.9,1,5584,5568,5704
6,0.9,2,6608,4696,4816
6,0.9,3,5504,1736,1840
6,0.9,4,14264,18184,18288
6,0.9,5,7816,7800,7920
7,0.9,1,7384,5640,5768
7,0.9,2,9648,8096,8224
7,0.9,3,5976,2896,3040
7,0.9,4,8040,5464,5608
7,0.9,5,5656,2080,2224
8,0.9,1,6200,3008,3176
8,0.9,2,12960,12808,12976
8,0.9,3,8400,8376,8544
8,0.9,4,10840,9280,9464
8,0.9,5,6256,2472,2640
9,0.9,1,13544,11152,11344
9,0.9,2,6576,5928,6120
9,0.9,3,8080,4952,5144
9,0.9,4,7480,6760,6936
9,0.9,5,11464,10968,11160
10,0.9,1,10176,8464,8696
10,0.9,2,9728,13496,13712
10,0.9,3,16728,17080,17280
10,0.9,4,12440,13416,13632
10,0.9,5,10552,9624,9840
11,0.9,1,9232,11296,11536
11,0.9,2,7584,8336,8592
11,0.9,3,10256,7560,7800
11,0.9,4,13720,15272,15496
11,0.9,5,11976,16960,17200
12,0.9,1,14080,12184,12464
12,0.9,2,12048,18320,18584
12,0.9,3,10760,13080,13328
12,0.9,4,12728,11784,12032
12,0.9,5,8200,4976,5240
13,0.9,1,16432,20752,21040
13,0.9,2,8312,4776,5064
13,0.9,3,9696,6320,6624
13,0.9,4,8192,7808,8080
13,0.9,5,16288,19600,19888
14,0.9,1,16232,13984,14296
14,0.9,2,14584,16848,17176
14,0.9,3,8848,9600,9928
14,0.9,4,10680,14744,15056
14,0.9,5,17488,19360,19672
15,0.9,1,19624,16688,17024
15,0.9,2,11520,12712,13032
15,0.9,3,9720,9656,9976
15,0.9,4,12328,15632,15984
15,0.9,5,8656,5008,5328
16,0.9,1,18592,17344,17704
16,0.9,2,12000,12312,12672
16,0.9,3,17744,16704,17080
16,0.9,4,13280,15280,15640
16,0.9,5,9896,10784,11160
17,0.9,1,13496,9328,9728
17,0.9,2,14744,14984,15384
17,0.9,3,14848,18592,18992
17,0.9,4,21184,17024,17408
17,0.9,5,12696,11448,11848
18,0.9,1,17968,20400,20824
18,0.9,2,20392,19176,19600
18,0.9,3,18912,18864,19288
18,0.9,4,10672,15368,15792
18,0.9,5,19312,17376,17784
19,0.9,1,15104,15048,15496
19,0.9,2,23736,22344,22776
19,0.9,3,15776,14352,14784
19,0.9,4,15056,16352,16784
19,0.9,5,19280,19704,20152
20,0.9,1,21656,15872,16344
20,0.9,2,15040,11360,11816
20,0.9,3,32200,27904,28376
20,0.9,4,20648,20128,20600
20,0.9,5,16832,12592,13064
21,0.9,1,22368,15080,15576
21,0.9,2,13528,14520,15000
21,0.9,3,17816,15112,15592
21,0.9,4,15208,16064,16560
21,0.9,5,24248,24072,24568
22,0.9,1,27128,22208,22728
22,0.9,2,14168,9792,10312
22,0.9,3,27640,24824,25344
22,0.9,4,21344,23392,23896
22,0.9,5,28024,21640,22160
23,0.9,1,23824,26448,26992
23,0.9,2,18792,25928,26472
23,0.9,3,35744,33544,34088
23,0.9,4,19848,20224,20768
23,0.9,5,24272,25688,26216
24,0.9,1,32168,25704,26272
24,0.9,2,14112,9208,9760
24,0.9,3,25984,26280,26848
24,0.9,4,21920,21784,22352
24,0.9,5,32536,32152,32720
25,0.9,1,23248,14920,15512
25,0.9,2,34784,32576,33168
25,0.9,3,22240,28048,28640
25,0.9,4,23264,23520,24096
25,0.9,5,18248,15568,16144
26,0.9,1,22712,18104,18704
26,0.9,2,39016,44352,44968
26,0.9,3,29176,23528,24128
26,0.9,4,29424,27360,27976
26,0.9,5,22696,17640,18256
27,0.9,1,41072,33232,33872
27,0.9,2,53936,34264,34904
27,0.9,3,17848,19320,19960
27,0.9,4,35312,28512,29152
27,0.9,5,36600,26112,26752
28,0.9,1,44272,29848,30512
28,0.9,2,23416,22496,23160
28,0.9,3,30952,27208,27872
28,0.9,4,26752,21072,21736
28,0.9,5,24464,20064,20712
29,0.9,1,30280,31512,32200
29,0.9,2,30584,26880,27568
29,0.9,3,24048,28096,28784
29,0.9,4,27472,20952,21640
29,0.9,5,36672,32992,33680
30,0.9,1,29680,26368,27080
30,0.9,2,33608,24880,25592
30,0.9,3,28696,21352,22064
30,0.9,4,39248,22552,23248
30,0.9,5,40560,34016,34728
31,0.9,1,31088,32584,33320
31,0.9,2,40912,41312,42048
31,0.9,3,36824,45400,46136
31,0.9,4,23904,20040,20776
31,0.9,5,40616,27608,28344
32,0.9,1,48848,46632,47392
32,0.9,2,35616,27328,28072
32,0.9,3,34992,26320,27080
32,0.9,4,37808,34328,35088
32,0.9,5,23016,16048,16808
33,0.9,1,58944,47112,47896
33,0.9,2,38456,36992,37776
33,0.9,3,36984,32336,33120
33,0.9,4,47480,36448,37232
33,0.9,5,51368,36896,37680
34,0.9,1,43728,40016,40824
34,0.9,2,49816,37560,38368
34,0.9,3,26704,27248,28056
34,0.9,4,21416,17824,18632
34,0.9,5,42960,29464,30272
35,0.9,1,64392,46776,47608
35,0.9,2,32704,38624,39456
35,0.9,3,42648,34448,35280
35,0.9,4,75592,61304,62136
35,0.9,5,40520,29568,30400
36,0.9,1,43456,37088,37944
36,0.9,2,45152,35456,36296
36,0.9,3,60832,49072,49928
36,0.9,4,44944,47432,48288
36,0.9,5,34136,25312,26168
37,0.9,1,36216,32816,33696
37,0.9,2,30328,18160,19024
37,0.9,3,48616,33488,34368
37,0.9,4,40544,31920,32800
37,0.9,5,38912,40440,41320
38,0.9,1,52336,34656,35560
38,0.9,2,59600,41272,42176
38,0.9,3,57880,38632,39536
38,0.9,4,40880,34960,35864
38,0.9,5,44896,31272,32176
39,0.9,1,52416,39152,40080
39,0.9,2,54176,32904,33832
39,0.9,3,46624,37704,38632
39,0.9,4,79416,46600,47528
39,0.9,5,65032,37224,38152
40,0.9,1,56832,43744,44696
40,0.9,2,48864,33872,34824
40,0.9,3,42560,34352,35304
40,0.9,4,69944,48464,49416
40,0.9,5,43848,30608,31560
41,0.9,1,50040,32912,33888
41,0.9,2,50128,36864,37840
41,0.9,3,60400,34576,35552
41,0.9,4,61560,42312,43288
41,0.9,5,63576,47200,48176
42,0.9,1,69336,45520,46520
42,0.9,2,81280,56488,57488
42,0.9,3,45784,34904,35888
42,0.9,4,41264,31808,32792
42,0.9,5,52752,45008,46008
43,0.9,1,38120,25320,26344
43,0.9,2,64968,44032,45056
43,0.9,3,65016,47904,48912
43,0.9,4,55136,41336,42360
43,0.9,5,46936,34416,35440
44,0.9,1,50632,39136,40184
44,0.9,2,46872,34696,35744
44,0.9,3,49488,38432,39480
44,0.9,4,54016,36640,37688
44,0.9,5,62432,48760,49808
45,0.9,1,61704,38768,39840
45,0.9,2,51080,35624,36696
45,0.9,3,73640,46776,47848
45,0.9,4,79688,44520,45592
45,0.9,5,46104,32512,33584
46,0.9,1,66296,42240,43336
46,0.9,2,105528,63720,64816
46,0.9,3,59120,37528,38624
46,0.9,4,81488,57936,59032
46,0.9,5,53928,36032,37128
47,0.9,1,50056,37984,39104
47,0.9,2,74168,40392,41512
47,0.9,3,76480,51016,52120
47,0.9,4,67392,38416,39536
47,0.9,5,36024,39736,40856
48,0.9,1,68640,52136,53280
48,0.9,2,83688,43120,44248
48,0.9,3,76952,50088,51232
48,0.9,4,53952,39664,40808
48,0.9,5,78576,50224,51368
49,0.9,1,75168,51680,52848
49,0.9,2,89520,53880,55048
49,0.9,3,73264,40432,41600
49,0.9,4,54536,43280,44448
49,0.9,5,67472,43216,44384
50,0.9,1,77728,57112,58304
50,0.9,2,78880,53528,54720
50,0.9,3,71312,50200,51392
50,0.9,4,62760,49680,50872
50,0.9,5,63272,39368,40560
51,0.9,1,64480,48320,49536
51,0.9,2,51344,32728,33944
51,0.9,3,65416,47208,48424
51,0.9,4,70504,52808,54024
51,0.9,5,100672,73376,74592
52,0.9,1,104672,55608,56848
52,0.9,2,75800,47360,48584
52,0.9,3,62904,35616,36856
52,0.9,4,57984,50400,51640
52,0.9,5,74152,51880,53120
53,0.9,1,86264,52096,53360
53,0.9,2,72672,55416,56680
53,0.9,3,116672,76064,77328
53,0.9,4,122072,64896,66160
53,0.9,5,111600,64720,65984
54,0.9,1,95656,61464,62752
54,0.9,2,93176,63064,64352
54,0.9,3,105400,72680,73968
54,0.9,4,48872,36296,37584
54,0.9,5,94360,49256,50544
55,0.9,1,78664,42464,43776
55,0.9,2,136632,67568,68880
55,0.9,3,77432,48280,49576
55,0.9,4,125784,70096,71408
55,0.9,5,57464,43392,44704
56,0.9,1,101624,56920,58256
56,0.9,2,53816,40824,42160
56,0.9,3,74168,52728,54064
56,0.9,4,112624,65176,66512
56,0.9,5,55384,36040,37376
57,0.9,1,73752,35520,36880
57,0.9,2,49408,30176,31520
57,0.9,3,64488,42880,44240
57,0.9,4,99576,59632,60992
57,0.9,5,100376,49568,50928
58,0.9,1,58576,45112,46496
58,0.9,2,81000,47680,49048
58,0.9,3,117080,65320,66704
58,0.9,4,83056,49624,51008
58,0.9,5,81384,57360,58744
59,0.9,1,100208,60736,62144
59,0.9,2,103296,62256,63664
59,0.9,3,95160,57344,58752
59,0.9,4,94464,56600,58008
59,0.9,5,88200,49024,50432
60,0.9,1,113880,60792,62224
60,0.9,2,78712,52952,54384
60,0.9,3,114864,58392,59824
60,0.9,4,70784,50936,52368
60,0.9,5,110488,68456,69888
61,0.9,1,73136,46216,47672
61,0.9,2,93680,62144,63600
61,0.9,3,111824,56904,58360
61,0.9,4,58424,49344,50784
61,0.9,5,98256,50224,51680
62,0.9,1,156640,80088,81568
62,0.9,2,107248,50536,52016
62,0.9,3,154672,76912,78392
62,0.9,4,98312,58336,59816
62,0.9,5,115480,52752,54232
63,0.9,1,118960,57752,59256
63,0.9,2,139416,68680,70184
63,0.9,3,71192,55144,56648
63,0.9,4,114208,66464,67968
63,0.9,5,98592,50520,52024
64,0.9,1,103280,73864,75392
64,0.9,2,104240,56712,58240
64,0.9,3,120040,57096,58624
64,0.9,4,128576,78448,79976
64,0.9,5,96984,61632,63160
65,0.9,1,94336,57512,59064
65,0.9,2,94880,60680,62232
65,0.9,3,107456,71136,72688
65,0.9,4,83104,52352,53904
65,0.9,5,96656,56216,57768
66,0.9,1,102224,56752,58328
66,0.9,2,100536,60808,62384
66,0.9,3,119896,70232,71808
66,0.9,4,75160,41864,43440
66,0.9,5,113016,56216,57792
67,0.9,1,146984,72768,74368
67,0.9,2,108416,75128,76728
67,0.9,3,113880,60776,62376
67,0.9,4,113336,67712,69312
67,0.9,5,75592,54424,56024
68,0.9,1,131472,61352,62976
68,0.9,2,148616,73576,75200
68,0.9,3,149712,97232,98856
68,0.9,4,106032,51496,53120
68,0.9,5,155320,69936,71560
69,0.9,1,129584,54200,55848
69,0.9,2,95144,46200,47848
69,0.9,3,125072,64720,66368
69,0.9,4,115896,65560,67208
69,0.9,5,135856,87992,89640
70,0.9,1,139072,73288,74960
70,0.9,2,139928,70848,72520
70,0.9,3,150296,83448,85120
70,0.9,4,117744,49824,51496
70,0.9,5,127616,69552,71224
71,0.9,1,139056,64744,66440
71,0.9,2,144704,73120,74816
71,0.9,3,125336,66784,68480
71,0.9,4,158432,69544,71240
71,0.9,5,100408,59560,61256
72,0.9,1,98064,60232,61952
72,0.9,2,119040,65504,67224
72,0.9,3,98224,56288,58008
72,0.9,4,119800,71304,73024
72,0.9,5,163184,80184,81904
73,0.9,1,156152,68512,70256
73,0.9,2,124568,66056,67800
73,0.9,3,160544,68408,70152
73,0.9,4,149704,89624,91368
73,0.9,5,150272,74120,75864
74,0.9,1,145992,75160,76928
74,0.9,2,165160,71040,72808
74,0.9,3,160064,77464,79232
74,0.9,4,133088,59376,61144
74,0.9,5,176488,74112,75880
75,0.9,1,133680,59936,61712
75,0.9,2,204136,99144,100936
75,0.9,3,169208,78192,79984
75,0.9,4,118008,69784,71576
75,0.9,5,142904,72176,73968
76,0.9,1,95136,59536,61352
76,0.9,2,204984,97000,98816
76,0.9,3,164336,85128,86944
76,0.9,4,141216,76592,78408
76,0.9,5,167400,78016,79832
77,0.9,1,99272,57088,58928
77,0.9,2,146720,68352,70192
77,0.9,3,158024,68232,70072
77,0.9,4,92928,61088,62928
77,0.9,5,169912,77744,79584
78,0.9,1,163064,82264,84128
78,0.9,2,204376,89272,91136
78,0.9,3,106096,53624,55488
78,0.9,4,129816,68536,70400
78,0.9,5,118768,75296,77160
79,0.9,1,174552,83056,84944
79,0.9,2,152824,73552,75440
79,0.9,3,149072,71464,73352
79,0.9,4,183240,87912,89800
79,0.9,5,119096,71712,73600
80,0.9,1,128360,74752,76664
80,0.9,2,154424,61296,63208
80,0.9,3,195496,82800,84712
80,0.9,4,173752,78112,80024
80,0.9,5,182352,81112,83024
81,0.9,1,198456,91480,93416
81,0.9,2,130232,74976,76912
81,0.9,3,189856,84680,86616
81,0.9,4,145104,87920,89856
81,0.9,5,131832,70232,72168
82,0.9,1,124488,70944,72904
82,0.9,2,157704,86336,88296
82,0.9,3,155272,73624,75584
82,0.9,4,157944,78648,80608
82,0.9,5,157744,67768,69728
83,0.9,1,183584,92024,94008
83,0.9,2,213760,100552,102536
83,0.9,3,165704,78768,80752
83,0.9,4,159352,73608,75592
83,0.9,5,173744,83480,85464
84,0.9,1,190576,85344,87352
84,0.9,2,133952,64528,66536
84,0.9,3,168752,73136,75144
84,0.9,4,173864,84840,86848
84,0.9,5,170576,71712,73720
85,0.9,1,150376,76928,78960
85,0.9,2,186192,78752,80784
85,0.9,3,164104,91864,93896
85,0.9,4,140712,66376,68408
85,0.9,5,170336,81936,83968
86,0.9,1,171232,68224,70280
86,0.9,2,211416,98960,101016
86,0.9,3,204704,77320,79376
86,0.9,4,181984,81264,83320
86,0.9,5,143352,80088,82144
87,0.9,1,183824,77728,79808
87,0.9,2,211920,101192,103272
87,0.9,3,173720,87472,89552
87,0.9,4,260232,95368,97448
87,0.9,5,169656,88680,90760
88,0.9,1,143224,59128,61232
88,0.9,2,155968,77728,79832
88,0.9,3,305040,135408,137512
88,0.9,4,241072,96832,98936
88,0.9,5,181432,90912,93016
89,0.9,1,240376,103456,105584
89,0.9,2,171736,76680,78808
89,0.9,3,187296,94792,96920
89,0.9,4,161136,61120,63248
89,0.9,5,202880,98392,100520
90,0.9,1,182304,84464,86616
90,0.9,2,195048,86920,89072
90,0.9,3,255048,95384,97536
90,0.9,4,328384,103768,105920
90,0.9,5,169784,83304,85456
91,0.9,1,194824,77096,79272
91,0.9,2,181608,83280,85456
91,0.9,3,218352,89640,91816
91,0.9,4,261384,116472,118648
91,0.9,5,214296,97848,100024
92,0.9,1,230472,88896,91096
92,0.9,2,183056,75928,78128
92,0.9,3,190464,78008,80208
92,0.9,4,212256,89296,91496
92,0.9,5,250088,107064,109264
93,0.9,1,258928,103504,105728
93,0.9,2,197328,91176,93400
93,0.9,3,224376,99856,102080
93,0.9,4,152696,69168,71392
93,0.9,5,196472,97608,99832
94,0.9,1,201920,93520,95768
94,0.9,2,195416,91944,94192
94,0.9,3,208784,78472,80720
94,0.9,4,281384,114144,116392
94,0.9,5,179176,92112,94360
95,0.9,1,227376,86328,88600
95,0.9,2,274496,114096,116368
95,0.9,3,219544,88152,90424
95,0.9,4,136024,62384,64656
95,0.9,5,237312,99992,102264
96,0.9,1,236848,82904,85200
96,0.9,2,181752,69760,72056
96,0.9,3,142640,81288,83584
96,0.9,4,208968,82848,85144
96,0.9,5,186192,85360,87656
97,0.9,1,180896,80144,82464
97,0.9,2,233536,105040,107360
97,0.9,3,162832,67040,69360
97,0.9,4,281992,122688,125008
97,0.9,5,248760,96280,98600
98,0.9,1,255752,95080,97424
98,0.9,2,276064,117232,119576
98,0.9,3,157848,81528,83872
98,0.9,4,284504,108056,110400
98,0.9,5,222744,93824,96168
99,0.9,1,187960,88416,90784
99,0.9,2,196432,72936,75304
99,0.9,3,245432,130512,132880
99,0.9,4,266904,118392,120760
99,0.9,5,225080,97536,99904
100,0.9,1,162984,71432,73808
100,0.9,2,239360,110520,112912
100,0.9,3,247560,106008,108400
100,0.9,4,224456,93936,96328
100,0.9,5,217616,82344,84736
1,1.0,1,4008,16,16
1,1.0,2,3976,16,16
1,1.0,3,3992,16,16
1,1.0,4,3960,16,16
1,1.0,5,3992,16,16
2,1.0,1,4256,336,360
2,1.0,2,4272,440,464
2,1.0,3,4336,416,440
2,1.0,4,4288,760,784
2,1.0,5,4312,376,400
3,1.0,1,4568,736,784
3,1.0,2,4632,1272,1320
3,1.0,3,4632,1128,1176
3,1.0,4,4624,800,848
3,1.0,5,4824,1096,1160
4,1.0,1,4888,1248,1320
4,1.0,2,4840,2520,2592
4,1.0,3,4896,1016,1088
4,1.0,4,4896,1592,1664
4,1.0,5,4960,1824,1896
5,1.0,1,5200,1912,2008
5,1.0,2,5640,4920,5032
5,1.0,3,7976,7920,8032
5,1.0,4,5496,7496,7592
5,1.0,5,7544,5664,5760
6,1.0,1,5640,2424,2528
6,1.0,2,5472,2136,2240
6,1.0,3,6160,2888,3008
6,1.0,4,5648,6560,6696
6,1.0,5,9752,10136,10256
7,1.0,1,7296,4408,4552
7,1.0,2,6016,3960,4088
7,1.0,3,6560,3864,4008
7,1.0,4,9096,8456,8600
7,1.0,5,10248,11328,11472
8,1.0,1,6408,3248,3416
8,1.0,2,6776,4528,4696
8,1.0,3,9944,11448,11616
8,1.0,4,7792,4736,4904
8,1.0,5,6264,2888,3056
9,1.0,1,6744,2688,2880
9,1.0,2,9168,6456,6648
9,1.0,3,7656,4800,4992
9,1.0,4,13792,16424,16632
9,1.0,5,6936,3488,3680
10,1.0,1,19744,18704,18920
10,1.0,2,8296,10224,10440
10,1.0,3,10944,8960,9176
10,1.0,4,6904,3352,3568
10,1.0,5,7904,5408,5608
11,1.0,1,11464,16368,16608
11,1.0,2,9704,9560,9816
11,1.0,3,11456,11000,11256
11,1.0,4,11408,11704,11944
11,1.0,5,14424,17448,17672
12,1.0,1,11464,10640,10904
12,1.0,2,10168,14776,15056
12,1.0,3,23712,22408,22672
12,1.0,4,15800,15624,15872
12,1.0,5,7920,4272,4536
13,1.0,1,8744,6520,6808
13,1.0,2,13424,11624,11928
13,1.0,3,11424,12816,13104
13,1.0,4,12688,19304,19576
13,1.0,5,13304,10384,10688
14,1.0,1,11736,15184,15512
14,1.0,2,13776,10496,10824
14,1.0,3,13432,11792,12104
14,1.0,4,12744,16440,16768
14,1.0,5,14288,13368,13680
15,1.0,1,14760,13840,14176
15,1.0,2,12344,11528,11880
15,1.0,3,17976,18280,18600
15,1.0,4,10232,6200,6536
15,1.0,5,12640,9464,9800
16,1.0,1,12872,12832,13192
16,1.0,2,9928,9840,10200
16,1.0,3,21696,21640,22000
16,1.0,4,14984,13768,14128
16,1.0,5,18952,15664,16008
17,1.0,1,16984,12864,13248
17,1.0,2,12152,8688,9072
17,1.0,3,22128,21680,22080
17,1.0,4,15048,25504,25904
17,1.0,5,13056,12760,13160
18,1.0,1,14352,11408,11832
18,1.0,2,20320,14384,14792
18,1.0,3,17872,14568,14992
18,1.0,4,24736,24552,24960
18,1.0,5,11776,8176,8584
19,1.0,1,17160,16920,17368
19,1.0,2,27864,31304,31752
19,1.0,3,11800,7912,8360
19,1.0,4,21656,24696,25144
19,1.0,5,25096,22616,23064
20,1.0,1,15312,15552,16008
20,1.0,2,17504,25960,26432
20,1.0,3,31608,30632,31104
20,1.0,4,20064,21264,21736
20,1.0,5,28520,24456,24912
21,1.0,1,23512,22328,22824
21,1.0,2,27080,27816,28296
21,1.0,3,16672,18544,19024
21,1.0,4,18072,19464,19944
21,1.0,5,16888,14240,14736
22,1.0,1,36480,27824,28344
22,1.0,2,24120,22048,22568
22,1.0,3,18512,13776,14296
22,1.0,4,19888,24552,25072
22,1.0,5,20656,19528,20048
23,1.0,1,18296,17640,18184
23,1.0,2,32080,27496,28040
23,1.0,3,21456,17912,18456
23,1.0,4,21376,20048,20576
23,1.0,5,31440,29920,30448
24,1.0,1,26544,21496,22048
24,1.0,2,21048,21424,21992
24,1.0,3,21064,17152,17720
24,1.0,4,28384,20024,20592
24,1.0,5,24368,30520,31088
25,1.0,1,19424,19776,20368
25,1.0,2,22856,18216,18792
25,1.0,3,31224,26656,27232
25,1.0,4,15704,16208,16800
25,1.0,5,31592,27216,27808
26,1.0,1,40224,33000,33616
26,1.0,2,17672,13888,14504
26,1.0,3,20760,18064,18680
26,1.0,4,27408,27488,28104
26,1.0,5,21160,22480,23096
27,1.0,1,22672,15352,15992
27,1.0,2,28656,27640,28280
27,1.0,3,36120,24256,24896
27,1.0,4,37592,31664,32304
27,1.0,5,48680,37216,37856
28,1.0,1,23248,19792,20456
28,1.0,2,34784,37168,37832
28,1.0,3,16960,18584,19248
28,1.0,4,34960,30632,31296
28,1.0,5,33080,34792,35440
29,1.0,1,26424,17112,17784
29,1.0,2,37896,30208,30896
29,1.0,3,35216,32768,33456
29,1.0,4,22152,16392,17064
29,1.0,5,26336,17664,18336
30,1.0,1,48848,34560,35272
30,1.0,2,34784,26616,27328
30,1.0,3,24720,25280,25992
30,1.0,4,38936,32216,32928
30,1.0,5,32112,26520,27232
31,1.0,1,23704,21808,22544
31,1.0,2,31184,22456,23192
31,1.0,3,27896,23896,24632
31,1.0,4,19856,16624,17344
31,1.0,5,25400,22400,23136
32,1.0,1,52720,49152,49912
32,1.0,2,30648,24304,25064
32,1.0,3,35088,24872,25632
32,1.0,4,42464,33800,34560
32,1.0,5,22136,20176,20920
33,1.0,1,43928,33816,34600
33,1.0,2,48416,34552,35336
33,1.0,3,37880,35440,36224
33,1.0,4,47256,33992,34776
33,1.0,5,33336,35312,36080
34,1.0,1,46000,36080,36888
34,1.0,2,28312,21504,22312
34,1.0,3,56680,35520,36328
34,1.0,4,42160,43512,44320
34,1.0,5,45080,43304,44112
35,1.0,1,41040,35128,35960
35,1.0,2,54464,41936,42768
35,1.0,3,41536,29016,29848
35,1.0,4,33664,32208,33040
35,1.0,5,54504,40864,41696
36,1.0,1,81632,51072,51928
36,1.0,2,27432,22296,23152
36,1.0,3,38344,34504,35360
36,1.0,4,34200,22288,23144
36,1.0,5,49864,37680,38536
37,1.0,1,41736,42656,43536
37,1.0,2,50448,33320,34200
37,1.0,3,32536,28968,29848
37,1.0,4,31544,32816,33696
37,1.0,5,37992,26088,26968
38,1.0,1,49768,38264,39168
38,1.0,2,61752,49896,50800
38,1.0,3,42904,35840,36744
38,1.0,4,59528,39128,40032
38,1.0,5,37752,31232,32136
39,1.0,1,79136,46584,47512
39,1.0,2,61488,45880,46808
39,1.0,3,49744,47536,48464
39,1.0,4,38336,28624,29552
39,1.0,5,49000,38176,39104
40,1.0,1,50912,42152,43104
40,1.0,2,66464,42400,43352
40,1.0,3,48416,43888,44840
40,1.0,4,44760,35344,36296
40,1.0,5,54024,39184,40136
41,1.0,1,66576,49656,50632
41,1.0,2,36024,27536,28512
41,1.0,3,39752,30648,31624
41,1.0,4,75072,48208,49184
41,1.0,5,33552,22928,23888
42,1.0,1,57880,64904,65904
42,1.0,2,64176,51328,52328
42,1.0,3,44256,35904,36904
42,1.0,4,59416,34720,35720
42,1.0,5,84936,56648,57648
43,1.0,1,42552,43040,44064
43,1.0,2,42928,29432,30440
43,1.0,3,65632,33496,34520
43,1.0,4,54576,36336,37360
43,1.0,5,63496,52744,53752
44,1.0,1,60560,38816,39864
44,1.0,2,46824,43816,44864
44,1.0,3,67816,46320,47368
44,1.0,4,34752,29968,31016
44,1.0,5,75488,56944,57992
45,1.0,1,56728,46568,47640
45,1.0,2,73496,47480,48552
45,1.0,3,48328,33424,34496
45,1.0,4,75752,57648,58720
45,1.0,5,68232,47152,48224
46,1.0,1,39352,43696,44792
46,1.0,2,50792,37040,38136
46,1.0,3,42296,25928,27024
46,1.0,4,68624,51712,52808
46,1.0,5,68624,54272,55368
47,1.0,1,59752,40392,41512
47,1.0,2,76240,57848,58968
47,1.0,3,55040,41208,42328
47,1.0,4,79528,44368,45488
47,1.0,5,64344,47312,48432
48,1.0,1,58832,38352,39496
48,1.0,2,49320,36448,37592
48,1.0,3,57024,41912,43056
48,1.0,4,65544,35624,36768
48,1.0,5,73544,48224,49368
49,1.0,1,100728,56560,57728
49,1.0,2,60792,38424,39592
49,1.0,3,60656,42040,43208
49,1.0,4,72528,47824,48992
49,1.0,5,90752,60872,62040
50,1.0,1,51992,46592,47784
50,1.0,2,70176,43672,44864
50,1.0,3,62304,39688,40880
50,1.0,4,54296,44456,45648
50,1.0,5,102496,55632,56824
51,1.0,1,86232,55328,56544
51,1.0,2,52488,41360,42576
51,1.0,3,91144,49576,50792
51,1.0,4,84416,47752,48968
51,1.0,5,108800,59184,60400
52,1.0,1,75048,57136,58376
52,1.0,2,91048,61920,63160
52,1.0,3,56384,29672,30912
52,1.0,4,71200,39880,41120
52,1.0,5,64576,49776,51016
53,1.0,1,75584,42320,43584
53,1.0,2,84048,54856,56120
53,1.0,3,96680,62040,63304
53,1.0,4,77488,50568,51832
53,1.0,5,68560,52944,54208
54,1.0,1,66592,48992,50280
54,1.0,2,97432,66128,67416
54,1.0,3,84736,49360,50648
54,1.0,4,99696,64256,65544
54,1.0,5,45016,32912,34200
55,1.0,1,59616,49984,51296
55,1.0,2,127896,67272,68584
55,1.0,3,73864,34288,35600
55,1.0,4,86992,56264,57576
55,1.0,5,74440,41648,42960
56,1.0,1,98352,47480,48816
56,1.0,2,58904,36664,38000
56,1.0,3,73352,47120,48456
56,1.0,4,106424,56360,57696
56,1.0,5,80272,60120,61456
57,1.0,1,133128,77576,78936
57,1.0,2,104248,58040,59400
57,1.0,3,119152,71544,72904
57,1.0,4,77032,48776,50136
57,1.0,5,48720,31736,33096
58,1.0,1,83056,60592,61976
58,1.0,2,48704,35792,37176
58,1.0,3,105376,64112,65496
58,1.0,4,112888,58224,59608
58,1.0,5,94544,62648,64032
59,1.0,1,64320,43968,45376
59,1.0,2,168736,92848,94256
59,1.0,3,122920,73728,75136
59,1.0,4,91176,63032,64440
59,1.0,5,86768,53840,55248
60,1.0,1,71816,38464,39896
60,1.0,2,81920,52984,54416
60,1.0,3,84464,45648,47080
60,1.0,4,108040,57688,59120
60,1.0,5,93528,60232,61664
61,1.0,1,101584,57096,58552
61,1.0,2,112376,61784,63240
61,1.0,3,85256,50072,51528
61,1.0,4,156560,73280,74736
61,1.0,5,75600,51944,53400
62,1.0,1,105400,68944,70424
62,1.0,2,96464,62968,64448
62,1.0,3,136960,79368,80848
62,1.0,4,71704,56400,57880
62,1.0,5,68280,50528,52008
63,1.0,1,73032,44152,45656
63,1.0,2,98776,53928,55432
63,1.0,3,90344,45432,46936
63,1.0,4,89088,49264,50768
63,1.0,5,66976,44928,46432
64,1.0,1,92472,50752,52280
64,1.0,2,111184,61856,63384
64,1.0,3,75120,55520,57048
64,1.0,4,96032,52160,53688
64,1.0,5,98272,58728,60256
65,1.0,1,83288,55488,57040
65,1.0,2,85712,62416,63968
65,1.0,3,117112,61416,62968
65,1.0,4,91336,52920,54472
65,1.0,5,99312,52864,54416
66,1.0,1,106568,54616,56192
66,1.0,2,111088,47080,48656
66,1.0,3,89840,54304,55880
66,1.0,4,82016,52824,54400
66,1.0,5,138152,77136,78712
67,1.0,1,112296,53304,54904
67,1.0,2,131528,77744,79344
67,1.0,3,165392,78144,79744
67,1.0,4,98008,66040,67640
67,1.0,5,105976,63760,65360
68,1.0,1,112840,62168,63792
68,1.0,2,82008,49736,51360
68,1.0,3,100856,53216,54840
68,1.0,4,110104,70040,71664
68,1.0,5,171832,87696,89320
69,1.0,1,103624,53440,55088
69,1.0,2,121440,65968,67616
69,1.0,3,113728,63976,65624
69,1.0,4,177792,82664,84312
69,1.0,5,111408,62320,63968
70,1.0,1,141832,65064,66736
70,1.0,2,156696,78992,80664
70,1.0,3,103496,66168,67840
70,1.0,4,155488,71584,73256
70,1.0,5,112928,65912,67584
71,1.0,1,126472,78408,80104
71,1.0,2,122064,61528,63224
71,1.0,3,95088,53088,54784
71,1.0,4,141448,71952,73648
71,1.0,5,114120,70200,71896
72,1.0,1,118208,66144,67864
72,1.0,2,149592,63048,64768
72,1.0,3,133736,76192,77912
72,1.0,4,142008,69576,71296
72,1.0,5,125608,58384,60104
73,1.0,1,146688,73368,75112
73,1.0,2,144568,74768,76512
73,1.0,3,157808,74664,76408
73,1.0,4,173424,93632,95376
73,1.0,5,134112,67136,68880
74,1.0,1,124856,55464,57232
74,1.0,2,125224,62536,64304
74,1.0,3,116848,60240,62008
74,1.0,4,171704,68992,70760
74,1.0,5,117328,64592,66360
75,1.0,1,150432,66456,68248
75,1.0,2,114248,57064,58856
75,1.0,3,148920,82400,84192
75,1.0,4,116120,59592,61384
75,1.0,5,120032,62760,64552
76,1.0,1,129856,77504,79320
76,1.0,2,172336,75792,77608
76,1.0,3,170808,77208,79024
76,1.0,4,182264,84432,86248
76,1.0,5,173504,81552,83368
77,1.0,1,177912,90072,91912
77,1.0,2,99192,51480,53320
77,1.0,3,122928,58376,60216
77,1.0,4,144352,53560,55400
77,1.0,5,216992,112592,114432
78,1.0,1,110184,58216,60080
78,1.0,2,223368,97480,99344
78,1.0,3,132616,61776,63640
78,1.0,4,139848,76920,78784
78,1.0,5,176912,79776,81640
79,1.0,1,176392,94832,96720
79,1.0,2,123144,52528,54416
79,1.0,3,92120,54680,56568
79,1.0,4,175328,85360,87248
79,1.0,5,169800,75104,76992
80,1.0,1,140808,66104,68016
80,1.0,2,148824,69248,71160
80,1.0,3,178816,82560,84472
80,1.0,4,165728,86216,88128
80,1.0,5,154256,86872,88784
81,1.0,1,197792,95952,97888
81,1.0,2,155512,58304,60240
81,1.0,3,133912,60208,62144
81,1.0,4,175096,84952,86888
81,1.0,5,195376,103880,105816
82,1.0,1,185968,76552,78512
82,1.0,2,119696,61192,63152
82,1.0,3,158944,79824,81784
82,1.0,4,142888,67440,69400
82,1.0,5,163056,90072,92032
83,1.0,1,157496,79960,81944
83,1.0,2,141072,80680,82664
83,1.0,3,138472,84264,86248
83,1.0,4,150240,71224,73208
83,1.0,5,162672,70728,72712
84,1.0,1,111920,59192,61200
84,1.0,2,216080,79040,81048
84,1.0,3,194864,89328,91336
84,1.0,4,212576,100176,102184
84,1.0,5,159608,65128,67136
85,1.0,1,248016,106856,108888
85,1.0,2,187360,86656,88688
85,1.0,3,184448,87128,89160
85,1.0,4,138968,69816,71848
85,1.0,5,157936,76768,78800
86,1.0,1,156456,68328,70384
86,1.0,2,185312,79536,81592
86,1.0,3,179056,81208,83264
86,1.0,4,150296,64456,66512
86,1.0,5,131008,57864,59920
87,1.0,1,160400,72912,74992
87,1.0,2,173112,71376,73456
87,1.0,3,201904,88672,90752
87,1.0,4,197896,88176,90256
87,1.0,5,164544,79512,81592
88,1.0,1,243016,88360,90464
88,1.0,2,183544,101080,103184
88,1.0,3,181216,91712,93816
88,1.0,4,136392,69096,71200
88,1.0,5,175496,86240,88344
89,1.0,1,222368,72648,74776
89,1.0,2,298560,125736,127864
89,1.0,3,179568,82992,85120
89,1.0,4,194520,86984,89112
89,1.0,5,190008,95400,97528
90,1.0,1,245032,99008,101160
90,1.0,2,259360,101984,104136
90,1.0,3,192952,88408,90560
90,1.0,4,274424,102264,104416
90,1.0,5,149104,70880,73032
91,1.0,1,214872,95632,97808
91,1.0,2,160184,85152,87328
91,1.0,3,191528,74944,77120
91,1.0,4,169512,86528,88704
91,1.0,5,157008,73488,75664
92,1.0,1,197272,72504,74704
92,1.0,2,209232,85488,87688
92,1.0,3,199152,83088,85288
92,1.0,4,269032,111928,114128
92,1.0,5,159048,76120,78320
93,1.0,1,207320,101056,103280
93,1.0,2,251496,109648,111872
93,1.0,3,186216,77952,80176
93,1.0,4,145200,68936,71160
93,1.0,5,300120,109848,112072
94,1.0,1,210632,83960,86208
94,1.0,2,188200,83408,85656
94,1.0,3,273976,99008,101256
94,1.0,4,200632,88928,91176
94,1.0,5,251464,105688,107936
95,1.0,1,170760,85216,87488
95,1.0,2,231256,79304,81576
95,1.0,3,208936,89216,91488
95,1.0,4,153832,74240,76512
95,1.0,5,241728,91608,93880
96,1.0,1,280056,108520,110816
96,1.0,2,179952,79696,81992
96,1.0,3,260528,104128,106424
96,1.0,4,257096,96776,99072
96,1.0,5,178808,72064,74360
97,1.0,1,258496,90496,92816
97,1.0,2,279768,102480,104800
97,1.0,3,216992,90696,93016
97,1.0,4,231336,99528,101848
97,1.0,5,208968,99736,102056
98,1.0,1,175736,80680,83024
98,1.0,2,298672,106560,108904
98,1.0,3,201112,82384,84728
98,1.0,4,225904,79488,81832
98,1.0,5,280152,105840,108184
99,1.0,1,221784,79880,82248
99,1.0,2,193088,74784,77152
99,1.0,3,223248,90408,92776
99,1.0,4,217984,109184,111552
99,1.0,5,178544,75504,77872
100,1.0,1,257824,107520,109912
100,1.0,2,256072,103032,105424
100,1.0,3,287464,126304,128696
100,1.0,4,233896,93704,96096
100,1.0,5,265040,122000,124392
