N,P,X,Cmap,ExecEnv
1,0.0,1,16488,88
1,0.0,2,16488,88
1,0.0,3,16488,88
1,0.0,4,16488,88
1,0.0,5,16488,88
2,0.0,1,33000,464
2,0.0,2,33000,664
2,0.0,3,33000,872
2,0.0,4,33000,400
2,0.0,5,33000,864
3,0.0,1,49512,1248
3,0.0,2,49512,760
3,0.0,3,49512,616
3,0.0,4,49512,936
3,0.0,5,49512,792
4,0.0,1,66024,2096
4,0.0,2,66024,1432
4,0.0,3,66024,6088
4,0.0,4,66024,1248
4,0.0,5,66024,1128
5,0.0,1,82536,7648
5,0.0,2,82536,2128
5,0.0,3,82536,4688
5,0.0,4,82536,1608
5,0.0,5,82536,1824
6,0.0,1,99048,7208
6,0.0,2,99048,11888
6,0.0,3,99048,9744
6,0.0,4,99048,7936
6,0.0,5,99048,2616
7,0.0,1,115560,5520
7,0.0,2,115560,13352
7,0.0,3,115560,5632
7,0.0,4,115560,2768
7,0.0,5,115560,9824
8,0.0,1,132072,8712
8,0.0,2,132072,9800
8,0.0,3,132072,11080
8,0.0,4,132072,8712
8,0.0,5,132072,3552
9,0.0,1,148584,14560
9,0.0,2,148584,8880
9,0.0,3,148584,13328
9,0.0,4,148584,3456
9,0.0,5,148584,5520
10,0.0,1,165096,7336
10,0.0,2,165096,4824
10,0.0,3,165096,5760
10,0.0,4,165096,10528
10,0.0,5,165096,8416
11,0.0,1,181608,7816
11,0.0,2,181608,8016
11,0.0,3,181608,17440
11,0.0,4,181608,26800
11,0.0,5,181608,4952
12,0.0,1,198120,10616
12,0.0,2,198120,14560
12,0.0,3,198120,9256
12,0.0,4,198120,6080
12,0.0,5,198120,15840
13,0.0,1,214632,20752
13,0.0,2,214632,5600
13,0.0,3,214632,17544
13,0.0,4,214632,9184
13,0.0,5,214632,7296
14,0.0,1,231144,10128
14,0.0,2,231144,19920
14,0.0,3,231144,23000
14,0.0,4,231144,22176
14,0.0,5,231144,9216
15,0.0,1,247656,11608
15,0.0,2,247656,13304
15,0.0,3,247656,17944
15,0.0,4,247656,19256
15,0.0,5,247656,24392
16,0.0,1,264168,23512
16,0.0,2,264168,23280
16,0.0,3,264168,12272
16,0.0,4,264168,22736
16,0.0,5,264168,16760
17,0.0,1,280680,28056
17,0.0,2,280680,17280
17,0.0,3,280680,19136
17,0.0,4,280680,14200
17,0.0,5,280680,30536
18,0.0,1,297192,19016
18,0.0,2,297192,16584
18,0.0,3,297192,13272
18,0.0,4,297192,28584
18,0.0,5,297192,15544
19,0.0,1,313704,14416
19,0.0,2,313704,14320
19,0.0,3,313704,16912
19,0.0,4,313704,18088
19,0.0,5,313704,16344
20,0.0,1,330216,16976
20,0.0,2,330216,21264
20,0.0,3,330216,26304
20,0.0,4,330216,22968
20,0.0,5,330216,13600
21,0.0,1,346728,22744
21,0.0,2,346728,14992
21,0.0,3,346728,27016
21,0.0,4,346728,20944
21,0.0,5,346728,17520
22,0.0,1,363240,20448
22,0.0,2,363240,22712
22,0.0,3,363240,23904
22,0.0,4,363240,13416
22,0.0,5,363240,16904
23,0.0,1,379752,28832
23,0.0,2,379752,19920
23,0.0,3,379752,24056
23,0.0,4,379752,26184
23,0.0,5,379752,26560
24,0.0,1,396264,18424
24,0.0,2,396264,36272
24,0.0,3,396264,19560
24,0.0,4,396264,18816
24,0.0,5,396264,20984
25,0.0,1,412776,30776
25,0.0,2,412776,19880
25,0.0,3,412776,28816
25,0.0,4,412776,13648
25,0.0,5,412776,23040
26,0.0,1,429288,19776
26,0.0,2,429288,19528
26,0.0,3,429288,37496
26,0.0,4,429288,31456
26,0.0,5,429288,24800
27,0.0,1,445800,38944
27,0.0,2,445800,16736
27,0.0,3,445800,34248
27,0.0,4,445800,32024
27,0.0,5,445800,19952
28,0.0,1,462312,44992
28,0.0,2,462312,32936
28,0.0,3,462312,33904
28,0.0,4,462312,30880
28,0.0,5,462312,43640
29,0.0,1,478824,31024
29,0.0,2,478824,26456
29,0.0,3,478824,15536
29,0.0,4,478824,17952
29,0.0,5,478824,31832
30,0.0,1,495336,21432
30,0.0,2,495336,25792
30,0.0,3,495336,28480
30,0.0,4,495336,42808
30,0.0,5,495336,22776
31,0.0,1,511848,35208
31,0.0,2,511848,34128
31,0.0,3,511848,40616
31,0.0,4,511848,26568
31,0.0,5,511848,19096
32,0.0,1,528360,28520
32,0.0,2,528360,35472
32,0.0,3,528360,35168
32,0.0,4,528360,19656
32,0.0,5,528360,35432
33,0.0,1,544872,38288
33,0.0,2,544872,42448
33,0.0,3,544872,29056
33,0.0,4,544872,36976
33,0.0,5,544872,52400
34,0.0,1,561384,40472
34,0.0,2,561384,27888
34,0.0,3,561384,49704
34,0.0,4,561384,40592
34,0.0,5,561384,24880
35,0.0,1,577896,46088
35,0.0,2,577896,35048
35,0.0,3,577896,18400
35,0.0,4,577896,38896
35,0.0,5,577896,37184
36,0.0,1,594408,29304
36,0.0,2,594408,21760
36,0.0,3,594408,23456
36,0.0,4,594408,35160
36,0.0,5,594408,39768
37,0.0,1,610920,28968
37,0.0,2,610920,28064
37,0.0,3,610920,25016
37,0.0,4,610920,52760
37,0.0,5,610920,41192
38,0.0,1,627432,37880
38,0.0,2,627432,24288
38,0.0,3,627432,52768
38,0.0,4,627432,31696
38,0.0,5,627432,43624
39,0.0,1,643944,37128
39,0.0,2,643944,41296
39,0.0,3,643944,31192
39,0.0,4,643944,44376
39,0.0,5,643944,30568
40,0.0,1,660456,33688
40,0.0,2,660456,53616
40,0.0,3,660456,30088
40,0.0,4,660456,43784
40,0.0,5,660456,60840
41,0.0,1,676968,42576
41,0.0,2,676968,50008
41,0.0,3,676968,36096
41,0.0,4,676968,43560
41,0.0,5,676968,69400
42,0.0,1,693480,42808
42,0.0,2,693480,44192
42,0.0,3,693480,39824
42,0.0,4,693480,42128
42,0.0,5,693480,42504
43,0.0,1,709992,39896
43,0.0,2,709992,34792
43,0.0,3,709992,57776
43,0.0,4,709992,32200
43,0.0,5,709992,54384
44,0.0,1,726504,57320
44,0.0,2,726504,41008
44,0.0,3,726504,45968
44,0.0,4,726504,41464
44,0.0,5,726504,39872
45,0.0,1,743016,34200
45,0.0,2,743016,29880
45,0.0,3,743016,46552
45,0.0,4,743016,40664
45,0.0,5,743016,34376
46,0.0,1,759528,36304
46,0.0,2,759528,57480
46,0.0,3,759528,28176
46,0.0,4,759528,47008
46,0.0,5,759528,43288
47,0.0,1,776040,39456
47,0.0,2,776040,37808
47,0.0,3,776040,43520
47,0.0,4,776040,56928
47,0.0,5,776040,45104
48,0.0,1,792552,54832
48,0.0,2,792552,65384
48,0.0,3,792552,39784
48,0.0,4,792552,35992
48,0.0,5,792552,58368
49,0.0,1,809064,56088
49,0.0,2,809064,67184
49,0.0,3,809064,43520
49,0.0,4,809064,47736
49,0.0,5,809064,39984
50,0.0,1,825576,66376
50,0.0,2,825576,69392
50,0.0,3,825576,53568
50,0.0,4,825576,48568
50,0.0,5,825576,56648
51,0.0,1,842088,45664
51,0.0,2,842088,41288
51,0.0,3,842088,53928
51,0.0,4,842088,73168
51,0.0,5,842088,46736
52,0.0,1,858600,48040
52,0.0,2,858600,47976
52,0.0,3,858600,50544
52,0.0,4,858600,57016
52,0.0,5,858600,48616
53,0.0,1,875112,56792
53,0.0,2,875112,47512
53,0.0,3,875112,48312
53,0.0,4,875112,66208
53,0.0,5,875112,73688
54,0.0,1,891624,48072
54,0.0,2,891624,34352
54,0.0,3,891624,51536
54,0.0,4,891624,51360
54,0.0,5,891624,45280
55,0.0,1,908136,64112
55,0.0,2,908136,39792
55,0.0,3,908136,48032
55,0.0,4,908136,77152
55,0.0,5,908136,52144
56,0.0,1,924648,52336
56,0.0,2,924648,45224
56,0.0,3,924648,51416
56,0.0,4,924648,59544
56,0.0,5,924648,57848
57,0.0,1,941160,49904
57,0.0,2,941160,65184
57,0.0,3,941160,50040
57,0.0,4,941160,67608
57,0.0,5,941160,63720
58,0.0,1,957672,83208
58,0.0,2,957672,50712
58,0.0,3,957672,57496
58,0.0,4,957672,63720
58,0.0,5,957672,56432
59,0.0,1,974184,63624
59,0.0,2,974184,43368
59,0.0,3,974184,53600
59,0.0,4,974184,44912
59,0.0,5,974184,61096
60,0.0,1,990696,71056
60,0.0,2,990696,55632
60,0.0,3,990696,71096
60,0.0,4,990696,70288
60,0.0,5,990696,62040
61,0.0,1,1007208,59432
61,0.0,2,1007208,71080
61,0.0,3,1007208,64560
61,0.0,4,1007208,67264
61,0.0,5,1007208,40000
62,0.0,1,1023720,54624
62,0.0,2,1023720,50408
62,0.0,3,1023720,86240
62,0.0,4,1023720,52824
62,0.0,5,1023720,62128
63,0.0,1,1040232,48120
63,0.0,2,1040232,72952
63,0.0,3,1040232,64720
63,0.0,4,1040232,61376
63,0.0,5,1040232,53384
64,0.0,1,1056744,79624
64,0.0,2,1056744,52656
64,0.0,3,1056744,44128
64,0.0,4,1056744,51360
64,0.0,5,1056744,74192
65,0.0,1,1073256,48416
65,0.0,2,1073256,50144
65,0.0,3,1073256,89112
65,0.0,4,1073256,69712
65,0.0,5,1073256,58304
66,0.0,1,1089768,50536
66,0.0,2,1089768,57024
66,0.0,3,1089768,56760
66,0.0,4,1089768,62120
66,0.0,5,1089768,64088
67,0.0,1,1106280,62608
67,0.0,2,1106280,35912
67,0.0,3,1106280,74752
67,0.0,4,1106280,79272
67,0.0,5,1106280,56304
68,0.0,1,1122792,56648
68,0.0,2,1122792,61424
68,0.0,3,1122792,74880
68,0.0,4,1122792,69680
68,0.0,5,1122792,65480
69,0.0,1,1139304,53608
69,0.0,2,1139304,75880
69,0.0,3,1139304,81472
69,0.0,4,1139304,84536
69,0.0,5,1139304,60824
70,0.0,1,1155816,54016
70,0.0,2,1155816,75296
70,0.0,3,1155816,55192
70,0.0,4,1155816,69976
70,0.0,5,1155816,80344
71,0.0,1,1172328,64888
71,0.0,2,1172328,69104
71,0.0,3,1172328,69816
71,0.0,4,1172328,64056
71,0.0,5,1172328,84776
72,0.0,1,1188840,66368
72,0.0,2,1188840,80912
72,0.0,3,1188840,74032
72,0.0,4,1188840,62904
72,0.0,5,1188840,60416
73,0.0,1,1205352,61240
73,0.0,2,1205352,69120
73,0.0,3,1205352,72616
73,0.0,4,1205352,86704
73,0.0,5,1205352,58432
74,0.0,1,1221864,62008
74,0.0,2,1221864,70968
74,0.0,3,1221864,88376
74,0.0,4,1221864,75744
74,0.0,5,1221864,73096
75,0.0,1,1238376,96328
75,0.0,2,1238376,87680
75,0.0,3,1238376,83088
75,0.0,4,1238376,71752
75,0.0,5,1238376,68040
76,0.0,1,1254888,90056
76,0.0,2,1254888,90624
76,0.0,3,1254888,76096
76,0.0,4,1254888,79048
76,0.0,5,1254888,81224
77,0.0,1,1271400,76928
77,0.0,2,1271400,65088
77,0.0,3,1271400,101360
77,0.0,4,1271400,87304
77,0.0,5,1271400,51344
78,0.0,1,1287912,81040
78,0.0,2,1287912,76792
78,0.0,3,1287912,68232
78,0.0,4,1287912,85728
78,0.0,5,1287912,65104
79,0.0,1,1304424,81544
79,0.0,2,1304424,51040
79,0.0,3,1304424,75904
79,0.0,4,1304424,78336
79,0.0,5,1304424,79544
80,0.0,1,1320936,79256
80,0.0,2,1320936,80488
80,0.0,3,1320936,69128
80,0.0,4,1320936,78976
80,0.0,5,1320936,86592
81,0.0,1,1337448,66016
81,0.0,2,1337448,93440
81,0.0,3,1337448,69144
81,0.0,4,1337448,65736
81,0.0,5,1337448,74928
82,0.0,1,1353960,83040
82,0.0,2,1353960,82128
82,0.0,3,1353960,95352
82,0.0,4,1353960,75328
82,0.0,5,1353960,73008
83,0.0,1,1370472,93360
83,0.0,2,1370472,115608
83,0.0,3,1370472,95112
83,0.0,4,1370472,84840
83,0.0,5,1370472,97336
84,0.0,1,1386984,78944
84,0.0,2,1386984,73288
84,0.0,3,1386984,78640
84,0.0,4,1386984,95944
84,0.0,5,1386984,106240
85,0.0,1,1403496,85824
85,0.0,2,1403496,81864
85,0.0,3,1403496,69464
85,0.0,4,1403496,66216
85,0.0,5,1403496,78944
86,0.0,1,1420008,103000
86,0.0,2,1420008,74584
86,0.0,3,1420008,84968
86,0.0,4,1420008,94256
86,0.0,5,1420008,114688
87,0.0,1,1436520,73016
87,0.0,2,1436520,105640
87,0.0,3,1436520,86872
87,0.0,4,1436520,81824
87,0.0,5,1436520,88048
88,0.0,1,1453032,77240
88,0.0,2,1453032,104608
88,0.0,3,1453032,103824
88,0.0,4,1453032,54408
88,0.0,5,1453032,96624
89,0.0,1,1469544,93992
89,0.0,2,1469544,83088
89,0.0,3,1469544,73744
89,0.0,4,1469544,96496
89,0.0,5,1469544,83192
90,0.0,1,1486056,83136
90,0.0,2,1486056,86000
90,0.0,3,1486056,74392
90,0.0,4,1486056,82936
90,0.0,5,1486056,82584
91,0.0,1,1502568,86528
91,0.0,2,1502568,86736
91,0.0,3,1502568,78928
91,0.0,4,1502568,103160
91,0.0,5,1502568,86288
92,0.0,1,1519080,95168
92,0.0,2,1519080,92160
92,0.0,3,1519080,81704
92,0.0,4,1519080,85208
92,0.0,5,1519080,106280
93,0.0,1,1535592,88160
93,0.0,2,1535592,105752
93,0.0,3,1535592,96712
93,0.0,4,1535592,88752
93,0.0,5,1535592,113264
94,0.0,1,1552104,93456
94,0.0,2,1552104,74784
94,0.0,3,1552104,74192
94,0.0,4,1552104,100640
94,0.0,5,1552104,84304
95,0.0,1,1568616,106304
95,0.0,2,1568616,90664
95,0.0,3,1568616,94960
95,0.0,4,1568616,108248
95,0.0,5,1568616,91576
96,0.0,1,1585128,100536
96,0.0,2,1585128,96208
96,0.0,3,1585128,79920
96,0.0,4,1585128,110776
96,0.0,5,1585128,104048
97,0.0,1,1601640,93336
97,0.0,2,1601640,94944
97,0.0,3,1601640,101576
97,0.0,4,1601640,125672
97,0.0,5,1601640,88152
98,0.0,1,1618152,103448
98,0.0,2,1618152,121112
98,0.0,3,1618152,106944
98,0.0,4,1618152,104168
98,0.0,5,1618152,105680
99,0.0,1,1634664,88872
99,0.0,2,1634664,111448
99,0.0,3,1634664,94064
99,0.0,4,1634664,109472
99,0.0,5,1634664,101576
100,0.0,1,1651176,68744
100,0.0,2,1651176,116048
100,0.0,3,1651176,104632
100,0.0,4,1651176,95752
100,0.0,5,1651176,92888
1,0.1,1,16488,88
1,0.1,2,16488,88
1,0.1,3,16488,88
1,0.1,4,16488,88
1,0.1,5,16488,88
2,0.1,1,33000,400
2,0.1,2,33000,776
2,0.1,3,33000,640
2,0.1,4,33000,672
2,0.1,5,33000,504
3,0.1,1,49512,4600
3,0.1,2,49512,1072
3,0.1,3,49512,1224
3,0.1,4,49512,3080
3,0.1,5,49512,4440
4,0.1,1,66024,9320
4,0.1,2,66024,5408
4,0.1,3,66024,1504
4,0.1,4,66024,5544
4,0.1,5,66024,10600
5,0.1,1,82536,1936
5,0.1,2,82536,9832
5,0.1,3,82536,7736
5,0.1,4,82536,2160
5,0.1,5,82536,4504
6,0.1,1,99048,4136
6,0.1,2,99048,7968
6,0.1,3,99048,5184
6,0.1,4,99048,8232
6,0.1,5,99048,2616
7,0.1,1,115560,5928
7,0.1,2,115560,5600
7,0.1,3,115560,18296
7,0.1,4,115560,11424
7,0.1,5,115560,2888
8,0.1,1,132072,9240
8,0.1,2,132072,4664
8,0.1,3,132072,9408
8,0.1,4,132072,3464
8,0.1,5,132072,3880
9,0.1,1,148584,9480
9,0.1,2,148584,8176
9,0.1,3,148584,9432
9,0.1,4,148584,20568
9,0.1,5,148584,10984
10,0.1,1,165096,5528
10,0.1,2,165096,3568
10,0.1,3,165096,8680
10,0.1,4,165096,7392
10,0.1,5,165096,5296
11,0.1,1,181608,11392
11,0.1,2,181608,13184
11,0.1,3,181608,10192
11,0.1,4,181608,5608
11,0.1,5,181608,14720
12,0.1,1,198120,13896
12,0.1,2,198120,10912
12,0.1,3,198120,16720
12,0.1,4,198120,16232
12,0.1,5,198120,7056
13,0.1,1,214632,13816
13,0.1,2,214632,6640
13,0.1,3,214632,18952
13,0.1,4,214632,11720
13,0.1,5,214632,14912
14,0.1,1,231144,6672
14,0.1,2,231144,11688
14,0.1,3,231144,15072
14,0.1,4,231144,18200
14,0.1,5,231144,15240
15,0.1,1,247656,20736
15,0.1,2,247656,25064
15,0.1,3,247656,14024
15,0.1,4,247656,18008
15,0.1,5,247656,10688
16,0.1,1,264168,16048
16,0.1,2,264168,20920
16,0.1,3,264168,16088
16,0.1,4,264168,7264
16,0.1,5,264168,22976
17,0.1,1,280680,13056
17,0.1,2,280680,20792
17,0.1,3,280680,28784
17,0.1,4,280680,20360
17,0.1,5,280680,23352
18,0.1,1,297192,19920
18,0.1,2,297192,16720
18,0.1,3,297192,11056
18,0.1,4,297192,8848
18,0.1,5,297192,12056
19,0.1,1,313704,19136
19,0.1,2,313704,18776
19,0.1,3,313704,19616
19,0.1,4,313704,23192
19,0.1,5,313704,30024
20,0.1,1,330216,25648
20,0.1,2,330216,17816
20,0.1,3,330216,15272
20,0.1,4,330216,26576
20,0.1,5,330216,24392
21,0.1,1,346728,25528
21,0.1,2,346728,16192
21,0.1,3,346728,14392
21,0.1,4,346728,36208
21,0.1,5,346728,43616
22,0.1,1,363240,24976
22,0.1,2,363240,26896
22,0.1,3,363240,24344
22,0.1,4,363240,33064
22,0.1,5,363240,26528
23,0.1,1,379752,19520
23,0.1,2,379752,27776
23,0.1,3,379752,29184
23,0.1,4,379752,10152
23,0.1,5,379752,16648
24,0.1,1,396264,10896
24,0.1,2,396264,35840
24,0.1,3,396264,28024
24,0.1,4,396264,29128
24,0.1,5,396264,15536
25,0.1,1,412776,24504
25,0.1,2,412776,27448
25,0.1,3,412776,18312
25,0.1,4,412776,24344
25,0.1,5,412776,28040
26,0.1,1,429288,26808
26,0.1,2,429288,19352
26,0.1,3,429288,32192
26,0.1,4,429288,37592
26,0.1,5,429288,34968
27,0.1,1,445800,27048
27,0.1,2,445800,25584
27,0.1,3,445800,19224
27,0.1,4,445800,27512
27,0.1,5,445800,28168
28,0.1,1,462312,44200
28,0.1,2,462312,25552
28,0.1,3,462312,15744
28,0.1,4,462312,20504
28,0.1,5,462312,26768
29,0.1,1,478824,38024
29,0.1,2,478824,26688
29,0.1,3,478824,29696
29,0.1,4,478824,44288
29,0.1,5,478824,19832
30,0.1,1,495336,31680
30,0.1,2,495336,34984
30,0.1,3,495336,24600
30,0.1,4,495336,31848
30,0.1,5,495336,24368
31,0.1,1,511848,38128
31,0.1,2,511848,28280
31,0.1,3,511848,20040
31,0.1,4,511848,22552
31,0.1,5,511848,40632
32,0.1,1,528360,35152
32,0.1,2,528360,48656
32,0.1,3,528360,32576
32,0.1,4,528360,26512
32,0.1,5,528360,31696
33,0.1,1,544872,34872
33,0.1,2,544872,39864
33,0.1,3,544872,33256
33,0.1,4,544872,28208
33,0.1,5,544872,34376
34,0.1,1,561384,40464
34,0.1,2,561384,45376
34,0.1,3,561384,38328
34,0.1,4,561384,54200
34,0.1,5,561384,32080
35,0.1,1,577896,49608
35,0.1,2,577896,24944
35,0.1,3,577896,44720
35,0.1,4,577896,27240
35,0.1,5,577896,18920
36,0.1,1,594408,32736
36,0.1,2,594408,39320
36,0.1,3,594408,34312
36,0.1,4,594408,57800
36,0.1,5,594408,42688
37,0.1,1,610920,45104
37,0.1,2,610920,34672
37,0.1,3,610920,37984
37,0.1,4,610920,38248
37,0.1,5,610920,27608
38,0.1,1,627432,55584
38,0.1,2,627432,41248
38,0.1,3,627432,28312
38,0.1,4,627432,34384
38,0.1,5,627432,45280
39,0.1,1,643944,47576
39,0.1,2,643944,39056
39,0.1,3,643944,32784
39,0.1,4,643944,49904
39,0.1,5,643944,38744
40,0.1,1,660456,48056
40,0.1,2,660456,50432
40,0.1,3,660456,46272
40,0.1,4,660456,44608
40,0.1,5,660456,25280
41,0.1,1,676968,54328
41,0.1,2,676968,48424
41,0.1,3,676968,33656
41,0.1,4,676968,44888
41,0.1,5,676968,45768
42,0.1,1,693480,35272
42,0.1,2,693480,39352
42,0.1,3,693480,68176
42,0.1,4,693480,48192
42,0.1,5,693480,30328
43,0.1,1,709992,33216
43,0.1,2,709992,44848
43,0.1,3,709992,30248
43,0.1,4,709992,36336
43,0.1,5,709992,41904
44,0.1,1,726504,44488
44,0.1,2,726504,27144
44,0.1,3,726504,54472
44,0.1,4,726504,34768
44,0.1,5,726504,37768
45,0.1,1,743016,60768
45,0.1,2,743016,46288
45,0.1,3,743016,44904
45,0.1,4,743016,32480
45,0.1,5,743016,53168
46,0.1,1,759528,32456
46,0.1,2,759528,47832
46,0.1,3,759528,48144
46,0.1,4,759528,40264
46,0.1,5,759528,40688
47,0.1,1,776040,49744
47,0.1,2,776040,51136
47,0.1,3,776040,55632
47,0.1,4,776040,46320
47,0.1,5,776040,53528
48,0.1,1,792552,45104
48,0.1,2,792552,60568
48,0.1,3,792552,31848
48,0.1,4,792552,45472
48,0.1,5,792552,50888
49,0.1,1,809064,37976
49,0.1,2,809064,45480
49,0.1,3,809064,42240
49,0.1,4,809064,51128
49,0.1,5,809064,51056
50,0.1,1,825576,43640
50,0.1,2,825576,68608
50,0.1,3,825576,55080
50,0.1,4,825576,58488
50,0.1,5,825576,47840
51,0.1,1,842088,50320
51,0.1,2,842088,66832
51,0.1,3,842088,73080
51,0.1,4,842088,56336
51,0.1,5,842088,46432
52,0.1,1,858600,43200
52,0.1,2,858600,60976
52,0.1,3,858600,52480
52,0.1,4,858600,42720
52,0.1,5,858600,50304
53,0.1,1,875112,43632
53,0.1,2,875112,57728
53,0.1,3,875112,43976
53,0.1,4,875112,42080
53,0.1,5,875112,54336
54,0.1,1,891624,45416
54,0.1,2,891624,56072
54,0.1,3,891624,45776
54,0.1,4,891624,29160
54,0.1,5,891624,54080
55,0.1,1,908136,47120
55,0.1,2,908136,59408
55,0.1,3,908136,44536
55,0.1,4,908136,67248
55,0.1,5,908136,59848
56,0.1,1,924648,64504
56,0.1,2,924648,54864
56,0.1,3,924648,38792
56,0.1,4,924648,75184
56,0.1,5,924648,41728
57,0.1,1,941160,47488
57,0.1,2,941160,46392
57,0.1,3,941160,49360
57,0.1,4,941160,69120
57,0.1,5,941160,58376
58,0.1,1,957672,69872
58,0.1,2,957672,51744
58,0.1,3,957672,61904
58,0.1,4,957672,51288
58,0.1,5,957672,44776
59,0.1,1,974184,37136
59,0.1,2,974184,45504
59,0.1,3,974184,52936
59,0.1,4,974184,74928
59,0.1,5,974184,62792
60,0.1,1,990696,73176
60,0.1,2,990696,66664
60,0.1,3,990696,61288
60,0.1,4,990696,64176
60,0.1,5,990696,59376
61,0.1,1,1007208,52920
61,0.1,2,1007208,62600
61,0.1,3,1007208,54256
61,0.1,4,1007208,77928
61,0.1,5,1007208,63776
62,0.1,1,1023720,57088
62,0.1,2,1023720,68744
62,0.1,3,1023720,59048
62,0.1,4,1023720,67584
62,0.1,5,1023720,58288
63,0.1,1,1040232,84880
63,0.1,2,1040232,68768
63,0.1,3,1040232,47136
63,0.1,4,1040232,78056
63,0.1,5,1040232,64208
64,0.1,1,1056744,71728
64,0.1,2,1056744,72064
64,0.1,3,1056744,74344
64,0.1,4,1056744,55288
64,0.1,5,1056744,61536
65,0.1,1,1073256,90840
65,0.1,2,1073256,62616
65,0.1,3,1073256,71432
65,0.1,4,1073256,74328
65,0.1,5,1073256,69600
66,0.1,1,1089768,67240
66,0.1,2,1089768,48888
66,0.1,3,1089768,68456
66,0.1,4,1089768,47856
66,0.1,5,1089768,64112
67,0.1,1,1106280,57896
67,0.1,2,1106280,68168
67,0.1,3,1106280,77776
67,0.1,4,1106280,65256
67,0.1,5,1106280,70216
68,0.1,1,1122792,61408
68,0.1,2,1122792,59392
68,0.1,3,1122792,65008
68,0.1,4,1122792,68448
68,0.1,5,1122792,51736
69,0.1,1,1139304,73696
69,0.1,2,1139304,63456
69,0.1,3,1139304,61536
69,0.1,4,1139304,75504
69,0.1,5,1139304,73984
70,0.1,1,1155816,44304
70,0.1,2,1155816,67008
70,0.1,3,1155816,82824
70,0.1,4,1155816,79576
70,0.1,5,1155816,79416
71,0.1,1,1172328,69456
71,0.1,2,1172328,67888
71,0.1,3,1172328,60984
71,0.1,4,1172328,73664
71,0.1,5,1172328,60232
72,0.1,1,1188840,75328
72,0.1,2,1188840,85896
72,0.1,3,1188840,88264
72,0.1,4,1188840,75160
72,0.1,5,1188840,91280
73,0.1,1,1205352,83512
73,0.1,2,1205352,72624
73,0.1,3,1205352,70600
73,0.1,4,1205352,72672
73,0.1,5,1205352,72864
74,0.1,1,1221864,79544
74,0.1,2,1221864,63904
74,0.1,3,1221864,78600
74,0.1,4,1221864,95672
74,0.1,5,1221864,51584
75,0.1,1,1238376,79840
75,0.1,2,1238376,64376
75,0.1,3,1238376,88888
75,0.1,4,1238376,53944
75,0.1,5,1238376,72800
76,0.1,1,1254888,69056
76,0.1,2,1254888,52296
76,0.1,3,1254888,85392
76,0.1,4,1254888,80528
76,0.1,5,1254888,65720
77,0.1,1,1271400,84256
77,0.1,2,1271400,97672
77,0.1,3,1271400,84680
77,0.1,4,1271400,87936
77,0.1,5,1271400,58600
78,0.1,1,1287912,98448
78,0.1,2,1287912,74952
78,0.1,3,1287912,60544
78,0.1,4,1287912,66128
78,0.1,5,1287912,71200
79,0.1,1,1304424,64992
79,0.1,2,1304424,47824
79,0.1,3,1304424,91200
79,0.1,4,1304424,68920
79,0.1,5,1304424,68648
80,0.1,1,1320936,81992
80,0.1,2,1320936,81632
80,0.1,3,1320936,77000
80,0.1,4,1320936,83008
80,0.1,5,1320936,94976
81,0.1,1,1337448,70576
81,0.1,2,1337448,77264
81,0.1,3,1337448,76144
81,0.1,4,1337448,97240
81,0.1,5,1337448,76704
82,0.1,1,1353960,82288
82,0.1,2,1353960,77312
82,0.1,3,1353960,87032
82,0.1,4,1353960,71864
82,0.1,5,1353960,66320
83,0.1,1,1370472,76416
83,0.1,2,1370472,62760
83,0.1,3,1370472,80328
83,0.1,4,1370472,76080
83,0.1,5,1370472,97304
84,0.1,1,1386984,87904
84,0.1,2,1386984,116000
84,0.1,3,1386984,75944
84,0.1,4,1386984,68920
84,0.1,5,1386984,66728
85,0.1,1,1403496,74544
85,0.1,2,1403496,80120
85,0.1,3,1403496,91408
85,0.1,4,1403496,56064
85,0.1,5,1403496,77064
86,0.1,1,1420008,63896
86,0.1,2,1420008,96504
86,0.1,3,1420008,87320
86,0.1,4,1420008,79160
86,0.1,5,1420008,75048
87,0.1,1,1436520,79696
87,0.1,2,1436520,88688
87,0.1,3,1436520,85800
87,0.1,4,1436520,90624
87,0.1,5,1436520,93128
88,0.1,1,1453032,84768
88,0.1,2,1453032,98312
88,0.1,3,1453032,79120
88,0.1,4,1453032,88824
88,0.1,5,1453032,68648
89,0.1,1,1469544,73008
89,0.1,2,1469544,83256
89,0.1,3,1469544,99608
89,0.1,4,1469544,75856
89,0.1,5,1469544,103736
90,0.1,1,1486056,98176
90,0.1,2,1486056,110296
90,0.1,3,1486056,74816
90,0.1,4,1486056,85712
90,0.1,5,1486056,99992
91,0.1,1,1502568,98512
91,0.1,2,1502568,77256
91,0.1,3,1502568,113632
91,0.1,4,1502568,70792
91,0.1,5,1502568,88000
92,0.1,1,1519080,89136
92,0.1,2,1519080,73840
92,0.1,3,1519080,87272
92,0.1,4,1519080,91384
92,0.1,5,1519080,109520
93,0.1,1,1535592,91792
93,0.1,2,1535592,97296
93,0.1,3,1535592,95024
93,0.1,4,1535592,95960
93,0.1,5,1535592,75528
94,0.1,1,1552104,97304
94,0.1,2,1552104,87232
94,0.1,3,1552104,95752
94,0.1,4,1552104,92928
94,0.1,5,1552104,104152
95,0.1,1,1568616,97272
95,0.1,2,1568616,94816
95,0.1,3,1568616,96640
95,0.1,4,1568616,85536
95,0.1,5,1568616,97928
96,0.1,1,1585128,70072
96,0.1,2,1585128,98624
96,0.1,3,1585128,102032
96,0.1,4,1585128,114720
96,0.1,5,1585128,92632
97,0.1,1,1601640,105920
97,0.1,2,1601640,99464
97,0.1,3,1601640,82432
97,0.1,4,1601640,101240
97,0.1,5,1601640,105560
98,0.1,1,1618152,90712
98,0.1,2,1618152,97000
98,0.1,3,1618152,84376
98,0.1,4,1618152,121656
98,0.1,5,1618152,95024
99,0.1,1,1634664,89528
99,0.1,2,1634664,99216
99,0.1,3,1634664,100040
99,0.1,4,1634664,96184
99,0.1,5,1634664,110104
100,0.1,1,1651176,104720
100,0.1,2,1651176,94456
100,0.1,3,1651176,133872
100,0.1,4,1651176,76896
100,0.1,5,1651176,95872
1,0.2,1,16488,88
1,0.2,2,16488,88
1,0.2,3,16488,88
1,0.2,4,16488,88
1,0.2,5,16488,88
2,0.2,1,33000,616
2,0.2,2,33000,504
2,0.2,3,33000,744
2,0.2,4,33000,616
2,0.2,5,33000,1032
3,0.2,1,49512,1392
3,0.2,2,49512,1384
3,0.2,3,49512,5264
3,0.2,4,49512,3824
3,0.2,5,49512,1048
4,0.2,1,66024,1376
4,0.2,2,66024,7528
4,0.2,3,66024,1408
4,0.2,4,66024,1960
4,0.2,5,66024,1648
5,0.2,1,82536,5176
5,0.2,2,82536,3248
5,0.2,3,82536,9792
5,0.2,4,82536,6232
5,0.2,5,82536,2456
6,0.2,1,99048,5728
6,0.2,2,99048,6016
6,0.2,3,99048,2632
6,0.2,4,99048,2848
6,0.2,5,99048,3600
7,0.2,1,115560,6936
7,0.2,2,115560,7832
7,0.2,3,115560,11648
7,0.2,4,115560,3504
7,0.2,5,115560,9304
8,0.2,1,132072,10136
8,0.2,2,132072,3592
8,0.2,3,132072,11520
8,0.2,4,132072,3272
8,0.2,5,132072,8976
9,0.2,1,148584,11480
9,0.2,2,148584,8832
9,0.2,3,148584,13560
9,0.2,4,148584,19928
9,0.2,5,148584,11984
10,0.2,1,165096,9904
10,0.2,2,165096,12144
10,0.2,3,165096,9968
10,0.2,4,165096,4480
10,0.2,5,165096,15552
11,0.2,1,181608,16448
11,0.2,2,181608,5176
11,0.2,3,181608,4120
11,0.2,4,181608,18240
11,0.2,5,181608,5320
12,0.2,1,198120,9464
12,0.2,2,198120,5368
12,0.2,3,198120,19544
12,0.2,4,198120,13280
12,0.2,5,198120,12128
13,0.2,1,214632,5208
13,0.2,2,214632,12144
13,0.2,3,214632,12504
13,0.2,4,214632,13856
13,0.2,5,214632,18712
14,0.2,1,231144,12504
14,0.2,2,231144,11208
14,0.2,3,231144,15176
14,0.2,4,231144,26328
14,0.2,5,231144,14944
15,0.2,1,247656,13552
15,0.2,2,247656,17136
15,0.2,3,247656,14512
15,0.2,4,247656,19944
15,0.2,5,247656,20368
16,0.2,1,264168,5760
16,0.2,2,264168,20008
16,0.2,3,264168,9040
16,0.2,4,264168,14496
16,0.2,5,264168,21672
17,0.2,1,280680,18768
17,0.2,2,280680,23128
17,0.2,3,280680,8440
17,0.2,4,280680,9928
17,0.2,5,280680,9736
18,0.2,1,297192,18624
18,0.2,2,297192,26592
18,0.2,3,297192,14560
18,0.2,4,297192,13824
18,0.2,5,297192,14032
19,0.2,1,313704,9528
19,0.2,2,313704,23488
19,0.2,3,313704,20336
19,0.2,4,313704,27840
19,0.2,5,313704,24672
20,0.2,1,330216,14568
20,0.2,2,330216,20232
20,0.2,3,330216,15480
20,0.2,4,330216,11424
20,0.2,5,330216,31872
21,0.2,1,346728,27296
21,0.2,2,346728,18512
21,0.2,3,346728,22096
21,0.2,4,346728,16040
21,0.2,5,346728,10752
22,0.2,1,363240,32536
22,0.2,2,363240,14128
22,0.2,3,363240,17920
22,0.2,4,363240,20624
22,0.2,5,363240,23192
23,0.2,1,379752,34720
23,0.2,2,379752,24968
23,0.2,3,379752,15616
23,0.2,4,379752,32872
23,0.2,5,379752,20304
24,0.2,1,396264,20608
24,0.2,2,396264,21608
24,0.2,3,396264,26072
24,0.2,4,396264,28584
24,0.2,5,396264,28256
25,0.2,1,412776,18032
25,0.2,2,412776,25432
25,0.2,3,412776,15960
25,0.2,4,412776,37104
25,0.2,5,412776,31696
26,0.2,1,429288,17856
26,0.2,2,429288,24488
26,0.2,3,429288,23040
26,0.2,4,429288,18248
26,0.2,5,429288,29608
27,0.2,1,445800,20968
27,0.2,2,445800,19280
27,0.2,3,445800,21200
27,0.2,4,445800,38176
27,0.2,5,445800,24864
28,0.2,1,462312,35608
28,0.2,2,462312,14728
28,0.2,3,462312,25232
28,0.2,4,462312,20656
28,0.2,5,462312,20232
29,0.2,1,478824,30800
29,0.2,2,478824,19608
29,0.2,3,478824,38152
29,0.2,4,478824,36656
29,0.2,5,478824,38384
30,0.2,1,495336,26056
30,0.2,2,495336,39320
30,0.2,3,495336,27224
30,0.2,4,495336,26552
30,0.2,5,495336,34328
31,0.2,1,511848,26088
31,0.2,2,511848,39568
31,0.2,3,511848,25440
31,0.2,4,511848,30360
31,0.2,5,511848,31176
32,0.2,1,528360,28520
32,0.2,2,528360,29408
32,0.2,3,528360,23648
32,0.2,4,528360,27248
32,0.2,5,528360,38632
33,0.2,1,544872,25008
33,0.2,2,544872,37352
33,0.2,3,544872,33672
33,0.2,4,544872,36120
33,0.2,5,544872,30576
34,0.2,1,561384,23792
34,0.2,2,561384,27152
34,0.2,3,561384,28016
34,0.2,4,561384,26512
34,0.2,5,561384,28600
35,0.2,1,577896,28944
35,0.2,2,577896,26704
35,0.2,3,577896,40720
35,0.2,4,577896,31400
35,0.2,5,577896,38568
36,0.2,1,594408,30296
36,0.2,2,594408,42760
36,0.2,3,594408,29640
36,0.2,4,594408,30232
36,0.2,5,594408,36552
37,0.2,1,610920,39368
37,0.2,2,610920,51728
37,0.2,3,610920,27208
37,0.2,4,610920,36648
37,0.2,5,610920,48264
38,0.2,1,627432,37352
38,0.2,2,627432,34192
38,0.2,3,627432,29632
38,0.2,4,627432,30592
38,0.2,5,627432,41712
39,0.2,1,643944,53768
39,0.2,2,643944,32048
39,0.2,3,643944,40432
39,0.2,4,643944,26488
39,0.2,5,643944,52368
40,0.2,1,660456,26896
40,0.2,2,660456,66440
40,0.2,3,660456,41520
40,0.2,4,660456,30456
40,0.2,5,660456,34552
41,0.2,1,676968,42912
41,0.2,2,676968,40840
41,0.2,3,676968,58728
41,0.2,4,676968,48744
41,0.2,5,676968,37504
42,0.2,1,693480,34104
42,0.2,2,693480,37104
42,0.2,3,693480,39912
42,0.2,4,693480,47176
42,0.2,5,693480,49552
43,0.2,1,709992,43776
43,0.2,2,709992,45536
43,0.2,3,709992,48960
43,0.2,4,709992,50488
43,0.2,5,709992,54216
44,0.2,1,726504,85552
44,0.2,2,726504,48216
44,0.2,3,726504,36496
44,0.2,4,726504,34960
44,0.2,5,726504,39456
45,0.2,1,743016,46192
45,0.2,2,743016,34464
45,0.2,3,743016,38504
45,0.2,4,743016,32864
45,0.2,5,743016,58032
46,0.2,1,759528,51896
46,0.2,2,759528,45392
46,0.2,3,759528,35888
46,0.2,4,759528,62880
46,0.2,5,759528,53400
47,0.2,1,776040,38048
47,0.2,2,776040,53312
47,0.2,3,776040,59624
47,0.2,4,776040,47064
47,0.2,5,776040,78392
48,0.2,1,792552,50584
48,0.2,2,792552,51056
48,0.2,3,792552,47464
48,0.2,4,792552,58600
48,0.2,5,792552,56976
49,0.2,1,809064,54624
49,0.2,2,809064,53248
49,0.2,3,809064,58296
49,0.2,4,809064,40376
49,0.2,5,809064,40720
50,0.2,1,825576,50176
50,0.2,2,825576,28184
50,0.2,3,825576,55200
50,0.2,4,825576,50272
50,0.2,5,825576,44088
51,0.2,1,842088,45040
51,0.2,2,842088,46200
51,0.2,3,842088,47456
51,0.2,4,842088,32680
51,0.2,5,842088,44128
52,0.2,1,858600,35168
52,0.2,2,858600,45808
52,0.2,3,858600,33304
52,0.2,4,858600,45112
52,0.2,5,858600,61672
53,0.2,1,875112,46872
53,0.2,2,875112,60864
53,0.2,3,875112,43040
53,0.2,4,875112,50960
53,0.2,5,875112,59656
54,0.2,1,891624,53008
54,0.2,2,891624,64176
54,0.2,3,891624,52120
54,0.2,4,891624,45072
54,0.2,5,891624,60016
55,0.2,1,908136,49752
55,0.2,2,908136,60480
55,0.2,3,908136,51728
55,0.2,4,908136,68960
55,0.2,5,908136,50272
56,0.2,1,924648,62096
56,0.2,2,924648,52184
56,0.2,3,924648,52104
56,0.2,4,924648,45552
56,0.2,5,924648,48824
57,0.2,1,941160,62224
57,0.2,2,941160,54928
57,0.2,3,941160,40672
57,0.2,4,941160,57032
57,0.2,5,941160,54896
58,0.2,1,957672,53624
58,0.2,2,957672,69240
58,0.2,3,957672,60712
58,0.2,4,957672,50096
58,0.2,5,957672,56752
59,0.2,1,974184,53072
59,0.2,2,974184,53896
59,0.2,3,974184,87496
59,0.2,4,974184,64008
59,0.2,5,974184,64584
60,0.2,1,990696,63648
60,0.2,2,990696,42920
60,0.2,3,990696,71464
60,0.2,4,990696,77064
60,0.2,5,990696,46296
61,0.2,1,1007208,47544
61,0.2,2,1007208,67504
61,0.2,3,1007208,56880
61,0.2,4,1007208,52920
61,0.2,5,1007208,51672
62,0.2,1,1023720,73448
62,0.2,2,1023720,57376
62,0.2,3,1023720,64872
62,0.2,4,1023720,59712
62,0.2,5,1023720,64544
63,0.2,1,1040232,49536
63,0.2,2,1040232,50472
63,0.2,3,1040232,69960
63,0.2,4,1040232,74720
63,0.2,5,1040232,61040
64,0.2,1,1056744,58640
64,0.2,2,1056744,68752
64,0.2,3,1056744,66496
64,0.2,4,1056744,70832
64,0.2,5,1056744,67632
65,0.2,1,1073256,75072
65,0.2,2,1073256,82992
65,0.2,3,1073256,56456
65,0.2,4,1073256,75288
65,0.2,5,1073256,67040
66,0.2,1,1089768,65648
66,0.2,2,1089768,58040
66,0.2,3,1089768,60400
66,0.2,4,1089768,59456
66,0.2,5,1089768,47600
67,0.2,1,1106280,71616
67,0.2,2,1106280,56336
67,0.2,3,1106280,90304
67,0.2,4,1106280,64144
67,0.2,5,1106280,67288
68,0.2,1,1122792,53792
68,0.2,2,1122792,88432
68,0.2,3,1122792,72640
68,0.2,4,1122792,63424
68,0.2,5,1122792,77248
69,0.2,1,1139304,61080
69,0.2,2,1139304,65072
69,0.2,3,1139304,94208
69,0.2,4,1139304,74768
69,0.2,5,1139304,63192
70,0.2,1,1155816,71440
70,0.2,2,1155816,58400
70,0.2,3,1155816,80088
70,0.2,4,1155816,50600
70,0.2,5,1155816,82776
71,0.2,1,1172328,81760
71,0.2,2,1172328,47616
71,0.2,3,1172328,84736
71,0.2,4,1172328,68520
71,0.2,5,1172328,76248
72,0.2,1,1188840,73184
72,0.2,2,1188840,68064
72,0.2,3,1188840,64640
72,0.2,4,1188840,65392
72,0.2,5,1188840,94920
73,0.2,1,1205352,71168
73,0.2,2,1205352,58352
73,0.2,3,1205352,74400
73,0.2,4,1205352,67328
73,0.2,5,1205352,92856
74,0.2,1,1221864,66208
74,0.2,2,1221864,66096
74,0.2,3,1221864,86848
74,0.2,4,1221864,71608
74,0.2,5,1221864,100504
75,0.2,1,1238376,90384
75,0.2,2,1238376,75384
75,0.2,3,1238376,60320
75,0.2,4,1238376,71688
75,0.2,5,1238376,68672
76,0.2,1,1254888,68728
76,0.2,2,1254888,67216
76,0.2,3,1254888,75560
76,0.2,4,1254888,74424
76,0.2,5,1254888,66072
77,0.2,1,1271400,73832
77,0.2,2,1271400,67392
77,0.2,3,1271400,81240
77,0.2,4,1271400,79096
77,0.2,5,1271400,79632
78,0.2,1,1287912,77440
78,0.2,2,1287912,101056
78,0.2,3,1287912,78312
78,0.2,4,1287912,97112
78,0.2,5,1287912,69304
79,0.2,1,1304424,75952
79,0.2,2,1304424,61520
79,0.2,3,1304424,84072
79,0.2,4,1304424,83760
79,0.2,5,1304424,63632
80,0.2,1,1320936,79328
80,0.2,2,1320936,67232
80,0.2,3,1320936,89584
80,0.2,4,1320936,66936
80,0.2,5,1320936,69896
81,0.2,1,1337448,89928
81,0.2,2,1337448,96400
81,0.2,3,1337448,89304
81,0.2,4,1337448,72168
81,0.2,5,1337448,91864
82,0.2,1,1353960,68376
82,0.2,2,1353960,86616
82,0.2,3,1353960,74800
82,0.2,4,1353960,71376
82,0.2,5,1353960,75304
83,0.2,1,1370472,84800
83,0.2,2,1370472,73704
83,0.2,3,1370472,64288
83,0.2,4,1370472,94072
83,0.2,5,1370472,86840
84,0.2,1,1386984,66760
84,0.2,2,1386984,94816
84,0.2,3,1386984,69680
84,0.2,4,1386984,103960
84,0.2,5,1386984,94232
85,0.2,1,1403496,81984
85,0.2,2,1403496,75504
85,0.2,3,1403496,75232
85,0.2,4,1403496,69328
85,0.2,5,1403496,79160
86,0.2,1,1420008,84536
86,0.2,2,1420008,90312
86,0.2,3,1420008,85840
86,0.2,4,1420008,78920
86,0.2,5,1420008,75920
87,0.2,1,1436520,98360
87,0.2,2,1436520,84704
87,0.2,3,1436520,123888
87,0.2,4,1436520,82768
87,0.2,5,1436520,82800
88,0.2,1,1453032,85344
88,0.2,2,1453032,90912
88,0.2,3,1453032,91408
88,0.2,4,1453032,75440
88,0.2,5,1453032,98368
89,0.2,1,1469544,79936
89,0.2,2,1469544,102200
89,0.2,3,1469544,77264
89,0.2,4,1469544,110760
89,0.2,5,1469544,117008
90,0.2,1,1486056,70808
90,0.2,2,1486056,105240
90,0.2,3,1486056,100208
90,0.2,4,1486056,82136
90,0.2,5,1486056,90520
91,0.2,1,1502568,107904
91,0.2,2,1502568,107848
91,0.2,3,1502568,89384
91,0.2,4,1502568,81592
91,0.2,5,1502568,86712
92,0.2,1,1519080,103880
92,0.2,2,1519080,87984
92,0.2,3,1519080,90040
92,0.2,4,1519080,94624
92,0.2,5,1519080,97864
93,0.2,1,1535592,97616
93,0.2,2,1535592,82688
93,0.2,3,1535592,98152
93,0.2,4,1535592,80816
93,0.2,5,1535592,69848
94,0.2,1,1552104,94072
94,0.2,2,1552104,96816
94,0.2,3,1552104,105728
94,0.2,4,1552104,98528
94,0.2,5,1552104,102416
95,0.2,1,1568616,104112
95,0.2,2,1568616,107752
95,0.2,3,1568616,75136
95,0.2,4,1568616,98520
95,0.2,5,1568616,72232
96,0.2,1,1585128,88024
96,0.2,2,1585128,133024
96,0.2,3,1585128,141760
96,0.2,4,1585128,98168
96,0.2,5,1585128,78728
97,0.2,1,1601640,110416
97,0.2,2,1601640,103736
97,0.2,3,1601640,96224
97,0.2,4,1601640,101224
97,0.2,5,1601640,101880
98,0.2,1,1618152,85080
98,0.2,2,1618152,95528
98,0.2,3,1618152,100880
98,0.2,4,1618152,107680
98,0.2,5,1618152,104024
99,0.2,1,1634664,84272
99,0.2,2,1634664,73256
99,0.2,3,1634664,90752
99,0.2,4,1634664,109008
99,0.2,5,1634664,98488
100,0.2,1,1651176,94392
100,0.2,2,1651176,101992
100,0.2,3,1651176,110344
100,0.2,4,1651176,66912
100,0.2,5,1651176,90200
1,0.3,1,16488,88
1,0.3,2,16488,88
1,0.3,3,16488,88
1,0.3,4,16488,88
1,0.3,5,16488,88
2,0.3,1,33000,912
2,0.3,2,33000,400
2,0.3,3,33000,400
2,0.3,4,33000,856
2,0.3,5,33000,880
3,0.3,1,49512,696
3,0.3,2,49512,1264
3,0.3,3,49512,1536
3,0.3,4,49512,864
3,0.3,5,49512,976
4,0.3,1,66024,1920
4,0.3,2,66024,1400
4,0.3,3,66024,1624
4,0.3,4,66024,1528
4,0.3,5,66024,1544
5,0.3,1,82536,2352
5,0.3,2,82536,6504
5,0.3,3,82536,1968
5,0.3,4,82536,1760
5,0.3,5,82536,7040
6,0.3,1,99048,6576
6,0.3,2,99048,3504
6,0.3,3,99048,12320
6,0.3,4,99048,8456
6,0.3,5,99048,12664
7,0.3,1,115560,13784
7,0.3,2,115560,3104
7,0.3,3,115560,8728
7,0.3,4,115560,6728
7,0.3,5,115560,9456
8,0.3,1,132072,8240
8,0.3,2,132072,3352
8,0.3,3,132072,7936
8,0.3,4,132072,10952
8,0.3,5,132072,16800
9,0.3,1,148584,4616
9,0.3,2,148584,4784
9,0.3,3,148584,9968
9,0.3,4,148584,4120
9,0.3,5,148584,7896
10,0.3,1,165096,10120
10,0.3,2,165096,12904
10,0.3,3,165096,11952
10,0.3,4,165096,14392
10,0.3,5,165096,15120
11,0.3,1,181608,7320
11,0.3,2,181608,7800
11,0.3,3,181608,13344
11,0.3,4,181608,11272
11,0.3,5,181608,6504
12,0.3,1,198120,9576
12,0.3,2,198120,10488
12,0.3,3,198120,23968
12,0.3,4,198120,12584
12,0.3,5,198120,16472
13,0.3,1,214632,5568
13,0.3,2,214632,16536
13,0.3,3,214632,9736
13,0.3,4,214632,30744
13,0.3,5,214632,13480
14,0.3,1,231144,10352
14,0.3,2,231144,9896
14,0.3,3,231144,17088
14,0.3,4,231144,12968
14,0.3,5,231144,21136
15,0.3,1,247656,15272
15,0.3,2,247656,13480
15,0.3,3,247656,12072
15,0.3,4,247656,11088
15,0.3,5,247656,12968
16,0.3,1,264168,14264
16,0.3,2,264168,19496
16,0.3,3,264168,12704
16,0.3,4,264168,11904
16,0.3,5,264168,32600
17,0.3,1,280680,18760
17,0.3,2,280680,12728
17,0.3,3,280680,21288
17,0.3,4,280680,29984
17,0.3,5,280680,33264
18,0.3,1,297192,9592
18,0.3,2,297192,10584
18,0.3,3,297192,18096
18,0.3,4,297192,12688
18,0.3,5,297192,22560
19,0.3,1,313704,12656
19,0.3,2,313704,18392
19,0.3,3,313704,10304
19,0.3,4,313704,20952
19,0.3,5,313704,18648
20,0.3,1,330216,14296
20,0.3,2,330216,32768
20,0.3,3,330216,21816
20,0.3,4,330216,20200
20,0.3,5,330216,12080
21,0.3,1,346728,24624
21,0.3,2,346728,29848
21,0.3,3,346728,15776
21,0.3,4,346728,10736
21,0.3,5,346728,15688
22,0.3,1,363240,20616
22,0.3,2,363240,20552
22,0.3,3,363240,17304
22,0.3,4,363240,24128
22,0.3,5,363240,21768
23,0.3,1,379752,16272
23,0.3,2,379752,18416
23,0.3,3,379752,27552
23,0.3,4,379752,23376
23,0.3,5,379752,38488
24,0.3,1,396264,12424
24,0.3,2,396264,27032
24,0.3,3,396264,21744
24,0.3,4,396264,27352
24,0.3,5,396264,34232
25,0.3,1,412776,21208
25,0.3,2,412776,27256
25,0.3,3,412776,35112
25,0.3,4,412776,24256
25,0.3,5,412776,14712
26,0.3,1,429288,20608
26,0.3,2,429288,13968
26,0.3,3,429288,20736
26,0.3,4,429288,34976
26,0.3,5,429288,29176
27,0.3,1,445800,19896
27,0.3,2,445800,31016
27,0.3,3,445800,23640
27,0.3,4,445800,27768
27,0.3,5,445800,24336
28,0.3,1,462312,18416
28,0.3,2,462312,15152
28,0.3,3,462312,12816
28,0.3,4,462312,24816
28,0.3,5,462312,25816
29,0.3,1,478824,27640
29,0.3,2,478824,32192
29,0.3,3,478824,39216
29,0.3,4,478824,32216
29,0.3,5,478824,25376
30,0.3,1,495336,24840
30,0.3,2,495336,20824
30,0.3,3,495336,19168
30,0.3,4,495336,41536
30,0.3,5,495336,20568
31,0.3,1,511848,27688
31,0.3,2,511848,42000
31,0.3,3,511848,22064
31,0.3,4,511848,20240
31,0.3,5,511848,31864
32,0.3,1,528360,26544
32,0.3,2,528360,21360
32,0.3,3,528360,33472
32,0.3,4,528360,29392
32,0.3,5,528360,32184
33,0.3,1,544872,36240
33,0.3,2,544872,40888
33,0.3,3,544872,18216
33,0.3,4,544872,48504
33,0.3,5,544872,40072
34,0.3,1,561384,30288
34,0.3,2,561384,24032
34,0.3,3,561384,37392
34,0.3,4,561384,30816
34,0.3,5,561384,33776
35,0.3,1,577896,51064
35,0.3,2,577896,38392
35,0.3,3,577896,39488
35,0.3,4,577896,27512
35,0.3,5,577896,27504
36,0.3,1,594408,25360
36,0.3,2,594408,44424
36,0.3,3,594408,32472
36,0.3,4,594408,31784
36,0.3,5,594408,35696
37,0.3,1,610920,33248
37,0.3,2,610920,40792
37,0.3,3,610920,44448
37,0.3,4,610920,40952
37,0.3,5,610920,30776
38,0.3,1,627432,35760
38,0.3,2,627432,40240
38,0.3,3,627432,33648
38,0.3,4,627432,32560
38,0.3,5,627432,37176
39,0.3,1,643944,39328
39,0.3,2,643944,38112
39,0.3,3,643944,32808
39,0.3,4,643944,65864
39,0.3,5,643944,39024
40,0.3,1,660456,26296
40,0.3,2,660456,41976
40,0.3,3,660456,34912
40,0.3,4,660456,28704
40,0.3,5,660456,50880
41,0.3,1,676968,40544
41,0.3,2,676968,40152
41,0.3,3,676968,25944
41,0.3,4,676968,23680
41,0.3,5,676968,37848
42,0.3,1,693480,42480
42,0.3,2,693480,45216
42,0.3,3,693480,40160
42,0.3,4,693480,39864
42,0.3,5,693480,51584
43,0.3,1,709992,53080
43,0.3,2,709992,30152
43,0.3,3,709992,29760
43,0.3,4,709992,57080
43,0.3,5,709992,40912
44,0.3,1,726504,43464
44,0.3,2,726504,40320
44,0.3,3,726504,45696
44,0.3,4,726504,38944
44,0.3,5,726504,41536
45,0.3,1,743016,56896
45,0.3,2,743016,39856
45,0.3,3,743016,56648
45,0.3,4,743016,52000
45,0.3,5,743016,47376
46,0.3,1,759528,50448
46,0.3,2,759528,31584
46,0.3,3,759528,52040
46,0.3,4,759528,57352
46,0.3,5,759528,55240
47,0.3,1,776040,47512
47,0.3,2,776040,47592
47,0.3,3,776040,32456
47,0.3,4,776040,57736
47,0.3,5,776040,41888
48,0.3,1,792552,41864
48,0.3,2,792552,66312
48,0.3,3,792552,51416
48,0.3,4,792552,59096
48,0.3,5,792552,50720
49,0.3,1,809064,71392
49,0.3,2,809064,34376
49,0.3,3,809064,46856
49,0.3,4,809064,32192
49,0.3,5,809064,60464
50,0.3,1,825576,43016
50,0.3,2,825576,47184
50,0.3,3,825576,52688
50,0.3,4,825576,39664
50,0.3,5,825576,39616
51,0.3,1,842088,42664
51,0.3,2,842088,30784
51,0.3,3,842088,47808
51,0.3,4,842088,59104
51,0.3,5,842088,46256
52,0.3,1,858600,56224
52,0.3,2,858600,70304
52,0.3,3,858600,70424
52,0.3,4,858600,45632
52,0.3,5,858600,55408
53,0.3,1,875112,53976
53,0.3,2,875112,43696
53,0.3,3,875112,60528
53,0.3,4,875112,50704
53,0.3,5,875112,39160
54,0.3,1,891624,41368
54,0.3,2,891624,48104
54,0.3,3,891624,63232
54,0.3,4,891624,53448
54,0.3,5,891624,70160
55,0.3,1,908136,70792
55,0.3,2,908136,54640
55,0.3,3,908136,48456
55,0.3,4,908136,45056
55,0.3,5,908136,56080
56,0.3,1,924648,45336
56,0.3,2,924648,49464
56,0.3,3,924648,48456
56,0.3,4,924648,47416
56,0.3,5,924648,51784
57,0.3,1,941160,60184
57,0.3,2,941160,63072
57,0.3,3,941160,71016
57,0.3,4,941160,54048
57,0.3,5,941160,73224
58,0.3,1,957672,59168
58,0.3,2,957672,45768
58,0.3,3,957672,63064
58,0.3,4,957672,58312
58,0.3,5,957672,73440
59,0.3,1,974184,71792
59,0.3,2,974184,56824
59,0.3,3,974184,48544
59,0.3,4,974184,50840
59,0.3,5,974184,58072
60,0.3,1,990696,63256
60,0.3,2,990696,60600
60,0.3,3,990696,50184
60,0.3,4,990696,85696
60,0.3,5,990696,73720
61,0.3,1,1007208,76744
61,0.3,2,1007208,54984
61,0.3,3,1007208,43584
61,0.3,4,1007208,45704
61,0.3,5,1007208,57288
62,0.3,1,1023720,54096
62,0.3,2,1023720,56176
62,0.3,3,1023720,59576
62,0.3,4,1023720,56512
62,0.3,5,1023720,52944
63,0.3,1,1040232,49696
63,0.3,2,1040232,75816
63,0.3,3,1040232,59400
63,0.3,4,1040232,71816
63,0.3,5,1040232,66752
64,0.3,1,1056744,69368
64,0.3,2,1056744,43800
64,0.3,3,1056744,62496
64,0.3,4,1056744,56000
64,0.3,5,1056744,71136
65,0.3,1,1073256,78504
65,0.3,2,1073256,53448
65,0.3,3,1073256,65608
65,0.3,4,1073256,66672
65,0.3,5,1073256,63680
66,0.3,1,1089768,58088
66,0.3,2,1089768,81344
66,0.3,3,1089768,61736
66,0.3,4,1089768,75784
66,0.3,5,1089768,58360
67,0.3,1,1106280,68480
67,0.3,2,1106280,60160
67,0.3,3,1106280,54472
67,0.3,4,1106280,78520
67,0.3,5,1106280,67368
68,0.3,1,1122792,64408
68,0.3,2,1122792,97392
68,0.3,3,1122792,58952
68,0.3,4,1122792,87168
68,0.3,5,1122792,63280
69,0.3,1,1139304,64776
69,0.3,2,1139304,73648
69,0.3,3,1139304,83424
69,0.3,4,1139304,66168
69,0.3,5,1139304,75008
70,0.3,1,1155816,63808
70,0.3,2,1155816,86992
70,0.3,3,1155816,87456
70,0.3,4,1155816,65552
70,0.3,5,1155816,71272
71,0.3,1,1172328,59440
71,0.3,2,1172328,73464
71,0.3,3,1172328,69648
71,0.3,4,1172328,55488
71,0.3,5,1172328,58160
72,0.3,1,1188840,61152
72,0.3,2,1188840,71408
72,0.3,3,1188840,63608
72,0.3,4,1188840,89016
72,0.3,5,1188840,83480
73,0.3,1,1205352,70928
73,0.3,2,1205352,110168
73,0.3,3,1205352,72048
73,0.3,4,1205352,84072
73,0.3,5,1205352,65592
74,0.3,1,1221864,65952
74,0.3,2,1221864,60496
74,0.3,3,1221864,79904
74,0.3,4,1221864,72528
74,0.3,5,1221864,73352
75,0.3,1,1238376,52936
75,0.3,2,1238376,70624
75,0.3,3,1238376,53176
75,0.3,4,1238376,63920
75,0.3,5,1238376,84352
76,0.3,1,1254888,69536
76,0.3,2,1254888,74312
76,0.3,3,1254888,63264
76,0.3,4,1254888,77976
76,0.3,5,1254888,58376
77,0.3,1,1271400,72672
77,0.3,2,1271400,67640
77,0.3,3,1271400,61368
77,0.3,4,1271400,58072
77,0.3,5,1271400,76928
78,0.3,1,1287912,71872
78,0.3,2,1287912,93016
78,0.3,3,1287912,82184
78,0.3,4,1287912,67808
78,0.3,5,1287912,66488
79,0.3,1,1304424,79928
79,0.3,2,1304424,93152
79,0.3,3,1304424,76552
79,0.3,4,1304424,94552
79,0.3,5,1304424,89000
80,0.3,1,1320936,74328
80,0.3,2,1320936,80440
80,0.3,3,1320936,87568
80,0.3,4,1320936,86336
80,0.3,5,1320936,90336
81,0.3,1,1337448,96272
81,0.3,2,1337448,73320
81,0.3,3,1337448,91648
81,0.3,4,1337448,72584
81,0.3,5,1337448,87992
82,0.3,1,1353960,84336
82,0.3,2,1353960,92128
82,0.3,3,1353960,73304
82,0.3,4,1353960,74056
82,0.3,5,1353960,67680
83,0.3,1,1370472,88704
83,0.3,2,1370472,86584
83,0.3,3,1370472,93536
83,0.3,4,1370472,95600
83,0.3,5,1370472,69256
84,0.3,1,1386984,91416
84,0.3,2,1386984,73144
84,0.3,3,1386984,86072
84,0.3,4,1386984,74128
84,0.3,5,1386984,79016
85,0.3,1,1403496,89296
85,0.3,2,1403496,77256
85,0.3,3,1403496,72072
85,0.3,4,1403496,87712
85,0.3,5,1403496,113320
86,0.3,1,1420008,73816
86,0.3,2,1420008,120984
86,0.3,3,1420008,82424
86,0.3,4,1420008,79136
86,0.3,5,1420008,76656
87,0.3,1,1436520,59984
87,0.3,2,1436520,82360
87,0.3,3,1436520,76056
87,0.3,4,1436520,99648
87,0.3,5,1436520,99968
88,0.3,1,1453032,89664
88,0.3,2,1453032,76768
88,0.3,3,1453032,99136
88,0.3,4,1453032,70512
88,0.3,5,1453032,88736
89,0.3,1,1469544,107040
89,0.3,2,1469544,66936
89,0.3,3,1469544,98752
89,0.3,4,1469544,98840
89,0.3,5,1469544,93672
90,0.3,1,1486056,106760
90,0.3,2,1486056,120960
90,0.3,3,1486056,77656
90,0.3,4,1486056,86136
90,0.3,5,1486056,71312
91,0.3,1,1502568,110520
91,0.3,2,1502568,78072
91,0.3,3,1502568,111376
91,0.3,4,1502568,80448
91,0.3,5,1502568,94696
92,0.3,1,1519080,111752
92,0.3,2,1519080,96000
92,0.3,3,1519080,88408
92,0.3,4,1519080,95032
92,0.3,5,1519080,106480
93,0.3,1,1535592,84688
93,0.3,2,1535592,101224
93,0.3,3,1535592,78032
93,0.3,4,1535592,100520
93,0.3,5,1535592,91240
94,0.3,1,1552104,109888
94,0.3,2,1552104,111496
94,0.3,3,1552104,105248
94,0.3,4,1552104,86384
94,0.3,5,1552104,96512
95,0.3,1,1568616,96048
95,0.3,2,1568616,113736
95,0.3,3,1568616,91208
95,0.3,4,1568616,113440
95,0.3,5,1568616,99936
96,0.3,1,1585128,62736
96,0.3,2,1585128,113248
96,0.3,3,1585128,80576
96,0.3,4,1585128,105792
96,0.3,5,1585128,97504
97,0.3,1,1601640,86144
97,0.3,2,1601640,106008
97,0.3,3,1601640,100056
97,0.3,4,1601640,106392
97,0.3,5,1601640,97776
98,0.3,1,1618152,92848
98,0.3,2,1618152,114160
98,0.3,3,1618152,114264
98,0.3,4,1618152,96448
98,0.3,5,1618152,116344
99,0.3,1,1634664,82440
99,0.3,2,1634664,69360
99,0.3,3,1634664,111696
99,0.3,4,1634664,115896
99,0.3,5,1634664,95832
100,0.3,1,1651176,100192
100,0.3,2,1651176,95048
100,0.3,3,1651176,106280
100,0.3,4,1651176,99600
100,0.3,5,1651176,114000
1,0.4,1,16488,88
1,0.4,2,16488,88
1,0.4,3,16488,88
1,0.4,4,16488,88
1,0.4,5,16488,88
2,0.4,1,33000,1080
2,0.4,2,33000,4632
2,0.4,3,33000,888
2,0.4,4,33000,440
2,0.4,5,33000,480
3,0.4,1,49512,720
3,0.4,2,49512,1120
3,0.4,3,49512,984
3,0.4,4,49512,776
3,0.4,5,49512,1344
4,0.4,1,66024,2464
4,0.4,2,66024,1768
4,0.4,3,66024,1464
4,0.4,4,66024,3488
4,0.4,5,66024,6008
5,0.4,1,82536,7880
5,0.4,2,82536,3560
5,0.4,3,82536,2592
5,0.4,4,82536,9672
5,0.4,5,82536,2272
6,0.4,1,99048,7472
6,0.4,2,99048,2728
6,0.4,3,99048,5512
6,0.4,4,99048,5816
6,0.4,5,99048,7440
7,0.4,1,115560,2496
7,0.4,2,115560,4936
7,0.4,3,115560,8080
7,0.4,4,115560,10704
7,0.4,5,115560,9160
8,0.4,1,132072,3464
8,0.4,2,132072,3480
8,0.4,3,132072,6960
8,0.4,4,132072,3656
8,0.4,5,132072,9640
9,0.4,1,148584,9880
9,0.4,2,148584,4608
9,0.4,3,148584,16512
9,0.4,4,148584,12472
9,0.4,5,148584,4224
10,0.4,1,165096,10464
10,0.4,2,165096,5920
10,0.4,3,165096,9360
10,0.4,4,165096,12664
10,0.4,5,165096,10792
11,0.4,1,181608,9552
11,0.4,2,181608,19328
11,0.4,3,181608,4960
11,0.4,4,181608,11568
11,0.4,5,181608,5144
12,0.4,1,198120,12456
12,0.4,2,198120,6752
12,0.4,3,198120,15728
12,0.4,4,198120,11592
12,0.4,5,198120,15592
13,0.4,1,214632,19592
13,0.4,2,214632,16312
13,0.4,3,214632,14112
13,0.4,4,214632,15080
13,0.4,5,214632,23224
14,0.4,1,231144,15584
14,0.4,2,231144,17728
14,0.4,3,231144,6600
14,0.4,4,231144,15312
14,0.4,5,231144,18128
15,0.4,1,247656,14152
15,0.4,2,247656,13624
15,0.4,3,247656,17888
15,0.4,4,247656,10392
15,0.4,5,247656,15680
16,0.4,1,264168,17752
16,0.4,2,264168,18304
16,0.4,3,264168,16872
16,0.4,4,264168,6904
16,0.4,5,264168,25424
17,0.4,1,280680,23192
17,0.4,2,280680,22424
17,0.4,3,280680,12056
17,0.4,4,280680,21304
17,0.4,5,280680,8080
18,0.4,1,297192,22024
18,0.4,2,297192,11248
18,0.4,3,297192,12080
18,0.4,4,297192,16496
18,0.4,5,297192,15344
19,0.4,1,313704,24736
19,0.4,2,313704,19616
19,0.4,3,313704,13960
19,0.4,4,313704,8456
19,0.4,5,313704,13200
20,0.4,1,330216,10408
20,0.4,2,330216,36224
20,0.4,3,330216,19616
20,0.4,4,330216,22552
20,0.4,5,330216,32256
21,0.4,1,346728,24040
21,0.4,2,346728,28832
21,0.4,3,346728,23952
21,0.4,4,346728,31160
21,0.4,5,346728,20768
22,0.4,1,363240,15448
22,0.4,2,363240,19264
22,0.4,3,363240,10312
22,0.4,4,363240,21240
22,0.4,5,363240,26432
23,0.4,1,379752,10744
23,0.4,2,379752,14472
23,0.4,3,379752,22280
23,0.4,4,379752,24400
23,0.4,5,379752,13936
24,0.4,1,396264,23488
24,0.4,2,396264,13688
24,0.4,3,396264,18408
24,0.4,4,396264,18920
24,0.4,5,396264,14656
25,0.4,1,412776,17496
25,0.4,2,412776,21720
25,0.4,3,412776,32240
25,0.4,4,412776,23944
25,0.4,5,412776,20344
26,0.4,1,429288,24336
26,0.4,2,429288,18912
26,0.4,3,429288,34672
26,0.4,4,429288,16160
26,0.4,5,429288,34504
27,0.4,1,445800,20968
27,0.4,2,445800,43752
27,0.4,3,445800,32064
27,0.4,4,445800,17344
27,0.4,5,445800,29232
28,0.4,1,462312,21656
28,0.4,2,462312,19128
28,0.4,3,462312,20256
28,0.4,4,462312,32856
28,0.4,5,462312,31824
29,0.4,1,478824,16040
29,0.4,2,478824,18800
29,0.4,3,478824,36464
29,0.4,4,478824,32568
29,0.4,5,478824,31936
30,0.4,1,495336,23512
30,0.4,2,495336,22224
30,0.4,3,495336,23216
30,0.4,4,495336,18296
30,0.4,5,495336,36624
31,0.4,1,511848,33240
31,0.4,2,511848,41392
31,0.4,3,511848,28376
31,0.4,4,511848,20296
31,0.4,5,511848,26584
32,0.4,1,528360,41768
32,0.4,2,528360,44608
32,0.4,3,528360,30112
32,0.4,4,528360,30576
32,0.4,5,528360,31416
33,0.4,1,544872,32992
33,0.4,2,544872,34240
33,0.4,3,544872,30896
33,0.4,4,544872,31872
33,0.4,5,544872,34432
34,0.4,1,561384,28432
34,0.4,2,561384,26008
34,0.4,3,561384,38688
34,0.4,4,561384,40080
34,0.4,5,561384,42536
35,0.4,1,577896,42704
35,0.4,2,577896,46080
35,0.4,3,577896,42040
35,0.4,4,577896,25152
35,0.4,5,577896,32888
36,0.4,1,594408,34376
36,0.4,2,594408,35312
36,0.4,3,594408,39792
36,0.4,4,594408,45080
36,0.4,5,594408,36768
37,0.4,1,610920,44928
37,0.4,2,610920,43160
37,0.4,3,610920,56880
37,0.4,4,610920,29528
37,0.4,5,610920,22904
38,0.4,1,627432,27192
38,0.4,2,627432,45008
38,0.4,3,627432,33048
38,0.4,4,627432,31648
38,0.4,5,627432,22880
39,0.4,1,643944,41064
39,0.4,2,643944,34544
39,0.4,3,643944,22032
39,0.4,4,643944,42320
39,0.4,5,643944,30600
40,0.4,1,660456,29672
40,0.4,2,660456,34232
40,0.4,3,660456,35432
40,0.4,4,660456,60896
40,0.4,5,660456,50320
41,0.4,1,676968,35944
41,0.4,2,676968,37520
41,0.4,3,676968,33832
41,0.4,4,676968,36048
41,0.4,5,676968,40880
42,0.4,1,693480,52104
42,0.4,2,693480,29920
42,0.4,3,693480,44080
42,0.4,4,693480,47792
42,0.4,5,693480,45240
43,0.4,1,709992,40776
43,0.4,2,709992,33240
43,0.4,3,709992,64520
43,0.4,4,709992,39632
43,0.4,5,709992,44624
44,0.4,1,726504,42776
44,0.4,2,726504,39888
44,0.4,3,726504,31856
44,0.4,4,726504,34840
44,0.4,5,726504,47912
45,0.4,1,743016,59280
45,0.4,2,743016,51528
45,0.4,3,743016,48112
45,0.4,4,743016,40568
45,0.4,5,743016,40336
46,0.4,1,759528,49720
46,0.4,2,759528,46888
46,0.4,3,759528,32792
46,0.4,4,759528,33800
46,0.4,5,759528,54896
47,0.4,1,776040,46576
47,0.4,2,776040,80400
47,0.4,3,776040,33208
47,0.4,4,776040,57760
47,0.4,5,776040,50176
48,0.4,1,792552,48112
48,0.4,2,792552,46192
48,0.4,3,792552,31504
48,0.4,4,792552,36416
48,0.4,5,792552,50736
49,0.4,1,809064,46464
49,0.4,2,809064,32672
49,0.4,3,809064,35400
49,0.4,4,809064,62472
49,0.4,5,809064,37976
50,0.4,1,825576,66896
50,0.4,2,825576,58008
50,0.4,3,825576,35992
50,0.4,4,825576,51648
50,0.4,5,825576,52128
51,0.4,1,842088,32776
51,0.4,2,842088,66200
51,0.4,3,842088,44752
51,0.4,4,842088,84560
51,0.4,5,842088,30632
52,0.4,1,858600,57016
52,0.4,2,858600,44056
52,0.4,3,858600,50392
52,0.4,4,858600,58928
52,0.4,5,858600,46096
53,0.4,1,875112,57872
53,0.4,2,875112,32864
53,0.4,3,875112,59296
53,0.4,4,875112,59288
53,0.4,5,875112,59272
54,0.4,1,891624,62640
54,0.4,2,891624,60760
54,0.4,3,891624,43240
54,0.4,4,891624,49280
54,0.4,5,891624,58304
55,0.4,1,908136,43496
55,0.4,2,908136,54560
55,0.4,3,908136,60760
55,0.4,4,908136,54296
55,0.4,5,908136,50840
56,0.4,1,924648,48544
56,0.4,2,924648,49776
56,0.4,3,924648,68384
56,0.4,4,924648,41600
56,0.4,5,924648,56184
57,0.4,1,941160,59160
57,0.4,2,941160,50368
57,0.4,3,941160,32280
57,0.4,4,941160,57472
57,0.4,5,941160,52672
58,0.4,1,957672,49560
58,0.4,2,957672,52840
58,0.4,3,957672,48952
58,0.4,4,957672,79720
58,0.4,5,957672,65760
59,0.4,1,974184,56528
59,0.4,2,974184,49600
59,0.4,3,974184,51208
59,0.4,4,974184,55072
59,0.4,5,974184,66312
60,0.4,1,990696,62776
60,0.4,2,990696,56352
60,0.4,3,990696,45184
60,0.4,4,990696,61080
60,0.4,5,990696,73472
61,0.4,1,1007208,51480
61,0.4,2,1007208,47304
61,0.4,3,1007208,48888
61,0.4,4,1007208,51560
61,0.4,5,1007208,63352
62,0.4,1,1023720,67168
62,0.4,2,1023720,64400
62,0.4,3,1023720,70880
62,0.4,4,1023720,62264
62,0.4,5,1023720,54728
63,0.4,1,1040232,71912
63,0.4,2,1040232,67640
63,0.4,3,1040232,84824
63,0.4,4,1040232,69152
63,0.4,5,1040232,72704
64,0.4,1,1056744,73608
64,0.4,2,1056744,59152
64,0.4,3,1056744,52960
64,0.4,4,1056744,62080
64,0.4,5,1056744,56192
65,0.4,1,1073256,66872
65,0.4,2,1073256,49120
65,0.4,3,1073256,74600
65,0.4,4,1073256,73872
65,0.4,5,1073256,47064
66,0.4,1,1089768,62064
66,0.4,2,1089768,70200
66,0.4,3,1089768,83776
66,0.4,4,1089768,43312
66,0.4,5,1089768,73680
67,0.4,1,1106280,76456
67,0.4,2,1106280,73728
67,0.4,3,1106280,41048
67,0.4,4,1106280,59168
67,0.4,5,1106280,71344
68,0.4,1,1122792,65552
68,0.4,2,1122792,77176
68,0.4,3,1122792,79616
68,0.4,4,1122792,55208
68,0.4,5,1122792,62712
69,0.4,1,1139304,62552
69,0.4,2,1139304,50088
69,0.4,3,1139304,70912
69,0.4,4,1139304,70040
69,0.4,5,1139304,73400
70,0.4,1,1155816,65224
70,0.4,2,1155816,96000
70,0.4,3,1155816,36896
70,0.4,4,1155816,76776
70,0.4,5,1155816,66048
71,0.4,1,1172328,93640
71,0.4,2,1172328,49792
71,0.4,3,1172328,77584
71,0.4,4,1172328,88072
71,0.4,5,1172328,72264
72,0.4,1,1188840,70728
72,0.4,2,1188840,76552
72,0.4,3,1188840,86424
72,0.4,4,1188840,62832
72,0.4,5,1188840,89368
73,0.4,1,1205352,59832
73,0.4,2,1205352,71480
73,0.4,3,1205352,89344
73,0.4,4,1205352,91648
73,0.4,5,1205352,70304
74,0.4,1,1221864,81544
74,0.4,2,1221864,59496
74,0.4,3,1221864,68440
74,0.4,4,1221864,88512
74,0.4,5,1221864,80880
75,0.4,1,1238376,70160
75,0.4,2,1238376,60008
75,0.4,3,1238376,66184
75,0.4,4,1238376,75136
75,0.4,5,1238376,74360
76,0.4,1,1254888,60408
76,0.4,2,1254888,79120
76,0.4,3,1254888,90152
76,0.4,4,1254888,63168
76,0.4,5,1254888,100952
77,0.4,1,1271400,89672
77,0.4,2,1271400,89328
77,0.4,3,1271400,77000
77,0.4,4,1271400,80424
77,0.4,5,1271400,84888
78,0.4,1,1287912,96200
78,0.4,2,1287912,66488
78,0.4,3,1287912,90456
78,0.4,4,1287912,68240
78,0.4,5,1287912,76096
79,0.4,1,1304424,97104
79,0.4,2,1304424,75448
79,0.4,3,1304424,89760
79,0.4,4,1304424,84192
79,0.4,5,1304424,64928
80,0.4,1,1320936,90048
80,0.4,2,1320936,62928
80,0.4,3,1320936,82552
80,0.4,4,1320936,86288
80,0.4,5,1320936,80608
81,0.4,1,1337448,68040
81,0.4,2,1337448,98592
81,0.4,3,1337448,78576
81,0.4,4,1337448,84768
81,0.4,5,1337448,47848
82,0.4,1,1353960,79856
82,0.4,2,1353960,62848
82,0.4,3,1353960,109008
82,0.4,4,1353960,90408
82,0.4,5,1353960,82560
83,0.4,1,1370472,84456
83,0.4,2,1370472,81264
83,0.4,3,1370472,71240
83,0.4,4,1370472,105064
83,0.4,5,1370472,74024
84,0.4,1,1386984,89224
84,0.4,2,1386984,84192
84,0.4,3,1386984,95920
84,0.4,4,1386984,64568
84,0.4,5,1386984,111704
85,0.4,1,1403496,92600
85,0.4,2,1403496,78336
85,0.4,3,1403496,72840
85,0.4,4,1403496,66400
85,0.4,5,1403496,75792
86,0.4,1,1420008,97840
86,0.4,2,1420008,68472
86,0.4,3,1420008,81584
86,0.4,4,1420008,95280
86,0.4,5,1420008,94216
87,0.4,1,1436520,98072
87,0.4,2,1436520,97760
87,0.4,3,1436520,90472
87,0.4,4,1436520,99896
87,0.4,5,1436520,116184
88,0.4,1,1453032,75368
88,0.4,2,1453032,92232
88,0.4,3,1453032,103576
88,0.4,4,1453032,99008
88,0.4,5,1453032,92672
89,0.4,1,1469544,78408
89,0.4,2,1469544,83088
89,0.4,3,1469544,88320
89,0.4,4,1469544,95872
89,0.4,5,1469544,81312
90,0.4,1,1486056,63424
90,0.4,2,1486056,103016
90,0.4,3,1486056,103936
90,0.4,4,1486056,114904
90,0.4,5,1486056,105504
91,0.4,1,1502568,107984
91,0.4,2,1502568,92808
91,0.4,3,1502568,85520
91,0.4,4,1502568,77064
91,0.4,5,1502568,92336
92,0.4,1,1519080,94712
92,0.4,2,1519080,57672
92,0.4,3,1519080,97784
92,0.4,4,1519080,121336
92,0.4,5,1519080,90392
93,0.4,1,1535592,95680
93,0.4,2,1535592,108752
93,0.4,3,1535592,87696
93,0.4,4,1535592,103656
93,0.4,5,1535592,75512
94,0.4,1,1552104,90048
94,0.4,2,1552104,86776
94,0.4,3,1552104,95608
94,0.4,4,1552104,93336
94,0.4,5,1552104,101232
95,0.4,1,1568616,102616
95,0.4,2,1568616,105400
95,0.4,3,1568616,86432
95,0.4,4,1568616,84696
95,0.4,5,1568616,107584
96,0.4,1,1585128,85944
96,0.4,2,1585128,100328
96,0.4,3,1585128,81872
96,0.4,4,1585128,117280
96,0.4,5,1585128,111672
97,0.4,1,1601640,78376
97,0.4,2,1601640,88432
97,0.4,3,1601640,79592
97,0.4,4,1601640,87192
97,0.4,5,1601640,90400
98,0.4,1,1618152,94760
98,0.4,2,1618152,117048
98,0.4,3,1618152,81184
98,0.4,4,1618152,119328
98,0.4,5,1618152,114760
99,0.4,1,1634664,114416
99,0.4,2,1634664,132360
99,0.4,3,1634664,113024
99,0.4,4,1634664,115944
99,0.4,5,1634664,103984
100,0.4,1,1651176,63984
100,0.4,2,1651176,108744
100,0.4,3,1651176,84704
100,0.4,4,1651176,96760
100,0.4,5,1651176,103456
1,0.5,1,16488,88
1,0.5,2,16488,88
1,0.5,3,16488,88
1,0.5,4,16488,88
1,0.5,5,16488,88
2,0.5,1,33000,776
2,0.5,2,33000,4728
2,0.5,3,33000,464
2,0.5,4,33000,776
2,0.5,5,33000,600
3,0.5,1,49512,1240
3,0.5,2,49512,1032
3,0.5,3,49512,5208
3,0.5,4,49512,1088
3,0.5,5,49512,3312
4,0.5,1,66024,1736
4,0.5,2,66024,1696
4,0.5,3,66024,3392
4,0.5,4,66024,12624
4,0.5,5,66024,1472
5,0.5,1,82536,1744
5,0.5,2,82536,6056
5,0.5,3,82536,2384
5,0.5,4,82536,5424
5,0.5,5,82536,2368
6,0.5,1,99048,6176
6,0.5,2,99048,7144
6,0.5,3,99048,10912
6,0.5,4,99048,6632
6,0.5,5,99048,2400
7,0.5,1,115560,4224
7,0.5,2,115560,5208
7,0.5,3,115560,13688
7,0.5,4,115560,2968
7,0.5,5,115560,8232
8,0.5,1,132072,13776
8,0.5,2,132072,6176
8,0.5,3,132072,3784
8,0.5,4,132072,2984
8,0.5,5,132072,10544
9,0.5,1,148584,6952
9,0.5,2,148584,8576
9,0.5,3,148584,6216
9,0.5,4,148584,11984
9,0.5,5,148584,16048
10,0.5,1,165096,15384
10,0.5,2,165096,5072
10,0.5,3,165096,7792
10,0.5,4,165096,5328
10,0.5,5,165096,9616
11,0.5,1,181608,11888
11,0.5,2,181608,9448
11,0.5,3,181608,8392
11,0.5,4,181608,6648
11,0.5,5,181608,19664
12,0.5,1,198120,9040
12,0.5,2,198120,5704
12,0.5,3,198120,14896
12,0.5,4,198120,12760
12,0.5,5,198120,5664
13,0.5,1,214632,8512
13,0.5,2,214632,11768
13,0.5,3,214632,7904
13,0.5,4,214632,6040
13,0.5,5,214632,10208
14,0.5,1,231144,22688
14,0.5,2,231144,11408
14,0.5,3,231144,10504
14,0.5,4,231144,7424
14,0.5,5,231144,7608
15,0.5,1,247656,19968
15,0.5,2,247656,13224
15,0.5,3,247656,7856
15,0.5,4,247656,14104
15,0.5,5,247656,18464
16,0.5,1,264168,15536
16,0.5,2,264168,27784
16,0.5,3,264168,6968
16,0.5,4,264168,14656
16,0.5,5,264168,12968
17,0.5,1,280680,14872
17,0.5,2,280680,20416
17,0.5,3,280680,33560
17,0.5,4,280680,22216
17,0.5,5,280680,10744
18,0.5,1,297192,10680
18,0.5,2,297192,26792
18,0.5,3,297192,27720
18,0.5,4,297192,15096
18,0.5,5,297192,33224
19,0.5,1,313704,14864
19,0.5,2,313704,9976
19,0.5,3,313704,29520
19,0.5,4,313704,21760
19,0.5,5,313704,20488
20,0.5,1,330216,23280
20,0.5,2,330216,15664
20,0.5,3,330216,20768
20,0.5,4,330216,36752
20,0.5,5,330216,9392
21,0.5,1,346728,36064
21,0.5,2,346728,17776
21,0.5,3,346728,21256
21,0.5,4,346728,18128
21,0.5,5,346728,16160
22,0.5,1,363240,17328
22,0.5,2,363240,21848
22,0.5,3,363240,10368
22,0.5,4,363240,22768
22,0.5,5,363240,29112
23,0.5,1,379752,25584
23,0.5,2,379752,26728
23,0.5,3,379752,35496
23,0.5,4,379752,10232
23,0.5,5,379752,20664
24,0.5,1,396264,29312
24,0.5,2,396264,14384
24,0.5,3,396264,25184
24,0.5,4,396264,22472
24,0.5,5,396264,21624
25,0.5,1,412776,17552
25,0.5,2,412776,19920
25,0.5,3,412776,30536
25,0.5,4,412776,16248
25,0.5,5,412776,22768
26,0.5,1,429288,13824
26,0.5,2,429288,29736
26,0.5,3,429288,28808
26,0.5,4,429288,26984
26,0.5,5,429288,19208
27,0.5,1,445800,45384
27,0.5,2,445800,21096
27,0.5,3,445800,25552
27,0.5,4,445800,29992
27,0.5,5,445800,17048
28,0.5,1,462312,27232
28,0.5,2,462312,33608
28,0.5,3,462312,38176
28,0.5,4,462312,33224
28,0.5,5,462312,29424
29,0.5,1,478824,36440
29,0.5,2,478824,26704
29,0.5,3,478824,23248
29,0.5,4,478824,28024
29,0.5,5,478824,26264
30,0.5,1,495336,18520
30,0.5,2,495336,27832
30,0.5,3,495336,21312
30,0.5,4,495336,32160
30,0.5,5,495336,46440
31,0.5,1,511848,32056
31,0.5,2,511848,19504
31,0.5,3,511848,32088
31,0.5,4,511848,38656
31,0.5,5,511848,25040
32,0.5,1,528360,36824
32,0.5,2,528360,28368
32,0.5,3,528360,36752
32,0.5,4,528360,27128
32,0.5,5,528360,31720
33,0.5,1,544872,27328
33,0.5,2,544872,45392
33,0.5,3,544872,25848
33,0.5,4,544872,29864
33,0.5,5,544872,35848
34,0.5,1,561384,40792
34,0.5,2,561384,22696
34,0.5,3,561384,25440
34,0.5,4,561384,35320
34,0.5,5,561384,41728
35,0.5,1,577896,37120
35,0.5,2,577896,31672
35,0.5,3,577896,26392
35,0.5,4,577896,42528
35,0.5,5,577896,35672
36,0.5,1,594408,43832
36,0.5,2,594408,49568
36,0.5,3,594408,38104
36,0.5,4,594408,30000
36,0.5,5,594408,30744
37,0.5,1,610920,35000
37,0.5,2,610920,39984
37,0.5,3,610920,37280
37,0.5,4,610920,51640
37,0.5,5,610920,29992
38,0.5,1,627432,42336
38,0.5,2,627432,43616
38,0.5,3,627432,50976
38,0.5,4,627432,28376
38,0.5,5,627432,37904
39,0.5,1,643944,35736
39,0.5,2,643944,50472
39,0.5,3,643944,22600
39,0.5,4,643944,39672
39,0.5,5,643944,50000
40,0.5,1,660456,51840
40,0.5,2,660456,36632
40,0.5,3,660456,20328
40,0.5,4,660456,33360
40,0.5,5,660456,25232
41,0.5,1,676968,33240
41,0.5,2,676968,41744
41,0.5,3,676968,49776
41,0.5,4,676968,33616
41,0.5,5,676968,40376
42,0.5,1,693480,50312
42,0.5,2,693480,52056
42,0.5,3,693480,48568
42,0.5,4,693480,46416
42,0.5,5,693480,27584
43,0.5,1,709992,31896
43,0.5,2,709992,36240
43,0.5,3,709992,39080
43,0.5,4,709992,47440
43,0.5,5,709992,59536
44,0.5,1,726504,66960
44,0.5,2,726504,30656
44,0.5,3,726504,45648
44,0.5,4,726504,47320
44,0.5,5,726504,51040
45,0.5,1,743016,57408
45,0.5,2,743016,41496
45,0.5,3,743016,49024
45,0.5,4,743016,39648
45,0.5,5,743016,44616
46,0.5,1,759528,61136
46,0.5,2,759528,26880
46,0.5,3,759528,29768
46,0.5,4,759528,49392
46,0.5,5,759528,58872
47,0.5,1,776040,52904
47,0.5,2,776040,58256
47,0.5,3,776040,45920
47,0.5,4,776040,59584
47,0.5,5,776040,40840
48,0.5,1,792552,55432
48,0.5,2,792552,46720
48,0.5,3,792552,33304
48,0.5,4,792552,36808
48,0.5,5,792552,42968
49,0.5,1,809064,50392
49,0.5,2,809064,27648
49,0.5,3,809064,63408
49,0.5,4,809064,45976
49,0.5,5,809064,44512
50,0.5,1,825576,55024
50,0.5,2,825576,45768
50,0.5,3,825576,38024
50,0.5,4,825576,46264
50,0.5,5,825576,58920
51,0.5,1,842088,47680
51,0.5,2,842088,62848
51,0.5,3,842088,38152
51,0.5,4,842088,77456
51,0.5,5,842088,64128
52,0.5,1,858600,52960
52,0.5,2,858600,51032
52,0.5,3,858600,45184
52,0.5,4,858600,51584
52,0.5,5,858600,29488
53,0.5,1,875112,64112
53,0.5,2,875112,63864
53,0.5,3,875112,26808
53,0.5,4,875112,46888
53,0.5,5,875112,71104
54,0.5,1,891624,64864
54,0.5,2,891624,46144
54,0.5,3,891624,50040
54,0.5,4,891624,60688
54,0.5,5,891624,67600
55,0.5,1,908136,60832
55,0.5,2,908136,59472
55,0.5,3,908136,72328
55,0.5,4,908136,57848
55,0.5,5,908136,53968
56,0.5,1,924648,54432
56,0.5,2,924648,61640
56,0.5,3,924648,54336
56,0.5,4,924648,53584
56,0.5,5,924648,62120
57,0.5,1,941160,57112
57,0.5,2,941160,94424
57,0.5,3,941160,58832
57,0.5,4,941160,58896
57,0.5,5,941160,59024
58,0.5,1,957672,59120
58,0.5,2,957672,74768
58,0.5,3,957672,50800
58,0.5,4,957672,59856
58,0.5,5,957672,49544
59,0.5,1,974184,43072
59,0.5,2,974184,52640
59,0.5,3,974184,43728
59,0.5,4,974184,82432
59,0.5,5,974184,57816
60,0.5,1,990696,52184
60,0.5,2,990696,50688
60,0.5,3,990696,48072
60,0.5,4,990696,59400
60,0.5,5,990696,58784
61,0.5,1,1007208,54496
61,0.5,2,1007208,41128
61,0.5,3,1007208,53200
61,0.5,4,1007208,48272
61,0.5,5,1007208,46968
62,0.5,1,1023720,52336
62,0.5,2,1023720,57848
62,0.5,3,1023720,64016
62,0.5,4,1023720,62720
62,0.5,5,1023720,57232
63,0.5,1,1040232,66472
63,0.5,2,1040232,53920
63,0.5,3,1040232,47576
63,0.5,4,1040232,57448
63,0.5,5,1040232,67712
64,0.5,1,1056744,64264
64,0.5,2,1056744,51952
64,0.5,3,1056744,65448
64,0.5,4,1056744,66280
64,0.5,5,1056744,63152
65,0.5,1,1073256,89400
65,0.5,2,1073256,38392
65,0.5,3,1073256,85280
65,0.5,4,1073256,67856
65,0.5,5,1073256,69728
66,0.5,1,1089768,64120
66,0.5,2,1089768,75656
66,0.5,3,1089768,62896
66,0.5,4,1089768,51672
66,0.5,5,1089768,47792
67,0.5,1,1106280,60776
67,0.5,2,1106280,56184
67,0.5,3,1106280,55864
67,0.5,4,1106280,73760
67,0.5,5,1106280,74384
68,0.5,1,1122792,65624
68,0.5,2,1122792,62456
68,0.5,3,1122792,85552
68,0.5,4,1122792,68952
68,0.5,5,1122792,65416
69,0.5,1,1139304,75360
69,0.5,2,1139304,47920
69,0.5,3,1139304,82512
69,0.5,4,1139304,92024
69,0.5,5,1139304,57624
70,0.5,1,1155816,81816
70,0.5,2,1155816,79048
70,0.5,3,1155816,61704
70,0.5,4,1155816,46560
70,0.5,5,1155816,58616
71,0.5,1,1172328,77992
71,0.5,2,1172328,60992
71,0.5,3,1172328,82576
71,0.5,4,1172328,80512
71,0.5,5,1172328,85792
72,0.5,1,1188840,52472
72,0.5,2,1188840,91448
72,0.5,3,1188840,51928
72,0.5,4,1188840,76984
72,0.5,5,1188840,68936
73,0.5,1,1205352,85368
73,0.5,2,1205352,58480
73,0.5,3,1205352,59176
73,0.5,4,1205352,66664
73,0.5,5,1205352,48176
74,0.5,1,1221864,80608
74,0.5,2,1221864,70360
74,0.5,3,1221864,79928
74,0.5,4,1221864,78360
74,0.5,5,1221864,82080
75,0.5,1,1238376,67504
75,0.5,2,1238376,79016
75,0.5,3,1238376,59832
75,0.5,4,1238376,62792
75,0.5,5,1238376,73632
76,0.5,1,1254888,73008
76,0.5,2,1254888,68912
76,0.5,3,1254888,69688
76,0.5,4,1254888,86480
76,0.5,5,1254888,93520
77,0.5,1,1271400,90000
77,0.5,2,1271400,71376
77,0.5,3,1271400,92864
77,0.5,4,1271400,60384
77,0.5,5,1271400,95200
78,0.5,1,1287912,106312
78,0.5,2,1287912,64368
78,0.5,3,1287912,89040
78,0.5,4,1287912,65160
78,0.5,5,1287912,85992
79,0.5,1,1304424,88432
79,0.5,2,1304424,83184
79,0.5,3,1304424,71072
79,0.5,4,1304424,102664
79,0.5,5,1304424,92416
80,0.5,1,1320936,93024
80,0.5,2,1320936,79816
80,0.5,3,1320936,57424
80,0.5,4,1320936,95728
80,0.5,5,1320936,72272
81,0.5,1,1337448,66504
81,0.5,2,1337448,92288
81,0.5,3,1337448,76880
81,0.5,4,1337448,70680
81,0.5,5,1337448,73176
82,0.5,1,1353960,96352
82,0.5,2,1353960,73800
82,0.5,3,1353960,80592
82,0.5,4,1353960,88112
82,0.5,5,1353960,82248
83,0.5,1,1370472,108528
83,0.5,2,1370472,116200
83,0.5,3,1370472,91848
83,0.5,4,1370472,108888
83,0.5,5,1370472,86936
84,0.5,1,1386984,71328
84,0.5,2,1386984,94272
84,0.5,3,1386984,71880
84,0.5,4,1386984,94736
84,0.5,5,1386984,88144
85,0.5,1,1403496,92064
85,0.5,2,1403496,86008
85,0.5,3,1403496,77352
85,0.5,4,1403496,93656
85,0.5,5,1403496,67040
86,0.5,1,1420008,77376
86,0.5,2,1420008,75472
86,0.5,3,1420008,85384
86,0.5,4,1420008,90936
86,0.5,5,1420008,76192
87,0.5,1,1436520,93832
87,0.5,2,1436520,90952
87,0.5,3,1436520,117816
87,0.5,4,1436520,81944
87,0.5,5,1436520,115408
88,0.5,1,1453032,86400
88,0.5,2,1453032,91808
88,0.5,3,1453032,70160
88,0.5,4,1453032,82584
88,0.5,5,1453032,87088
89,0.5,1,1469544,81992
89,0.5,2,1469544,86416
89,0.5,3,1469544,99968
89,0.5,4,1469544,78600
89,0.5,5,1469544,91912
90,0.5,1,1486056,99896
90,0.5,2,1486056,101504
90,0.5,3,1486056,91864
90,0.5,4,1486056,83576
90,0.5,5,1486056,73304
91,0.5,1,1502568,79720
91,0.5,2,1502568,109144
91,0.5,3,1502568,77856
91,0.5,4,1502568,87312
91,0.5,5,1502568,80960
92,0.5,1,1519080,82256
92,0.5,2,1519080,115512
92,0.5,3,1519080,100240
92,0.5,4,1519080,74080
92,0.5,5,1519080,107816
93,0.5,1,1535592,92856
93,0.5,2,1535592,80856
93,0.5,3,1535592,91240
93,0.5,4,1535592,105552
93,0.5,5,1535592,86928
94,0.5,1,1552104,84336
94,0.5,2,1552104,101032
94,0.5,3,1552104,95176
94,0.5,4,1552104,139752
94,0.5,5,1552104,92536
95,0.5,1,1568616,81264
95,0.5,2,1568616,93056
95,0.5,3,1568616,119376
95,0.5,4,1568616,95688
95,0.5,5,1568616,94480
96,0.5,1,1585128,91360
96,0.5,2,1585128,91208
96,0.5,3,1585128,83352
96,0.5,4,1585128,90424
96,0.5,5,1585128,110232
97,0.5,1,1601640,121848
97,0.5,2,1601640,104704
97,0.5,3,1601640,87728
97,0.5,4,1601640,82848
97,0.5,5,1601640,88936
98,0.5,1,1618152,95120
98,0.5,2,1618152,96064
98,0.5,3,1618152,94696
98,0.5,4,1618152,113712
98,0.5,5,1618152,98640
99,0.5,1,1634664,86904
99,0.5,2,1634664,117560
99,0.5,3,1634664,73088
99,0.5,4,1634664,117424
99,0.5,5,1634664,86888
100,0.5,1,1651176,106960
100,0.5,2,1651176,111088
100,0.5,3,1651176,105592
100,0.5,4,1651176,104352
100,0.5,5,1651176,86952
1,0.6,1,16488,88
1,0.6,2,16488,88
1,0.6,3,16488,88
1,0.6,4,16488,88
1,0.6,5,16488,88
2,0.6,1,33000,1064
2,0.6,2,33000,1728
2,0.6,3,33000,848
2,0.6,4,33000,848
2,0.6,5,33000,624
3,0.6,1,49512,6784
3,0.6,2,49512,2432
3,0.6,3,49512,6480
3,0.6,4,49512,10536
3,0.6,5,49512,1040
4,0.6,1,66024,1472
4,0.6,2,66024,4016
4,0.6,3,66024,1184
4,0.6,4,66024,1528
4,0.6,5,66024,6456
5,0.6,1,82536,5152
5,0.6,2,82536,7232
5,0.6,3,82536,3224
5,0.6,4,82536,2072
5,0.6,5,82536,2280
6,0.6,1,99048,2904
6,0.6,2,99048,3048
6,0.6,3,99048,2440
6,0.6,4,99048,4760
6,0.6,5,99048,11976
7,0.6,1,115560,7200
7,0.6,2,115560,2512
7,0.6,3,115560,8984
7,0.6,4,115560,4416
7,0.6,5,115560,8464
8,0.6,1,132072,6088
8,0.6,2,132072,5680
8,0.6,3,132072,4032
8,0.6,4,132072,10280
8,0.6,5,132072,9152
9,0.6,1,148584,7424
9,0.6,2,148584,7592
9,0.6,3,148584,26632
9,0.6,4,148584,9064
9,0.6,5,148584,6904
10,0.6,1,165096,10880
10,0.6,2,165096,3624
10,0.6,3,165096,8176
10,0.6,4,165096,12536
10,0.6,5,165096,3400
11,0.6,1,181608,9264
11,0.6,2,181608,5512
11,0.6,3,181608,5192
11,0.6,4,181608,8448
11,0.6,5,181608,17168
12,0.6,1,198120,10416
12,0.6,2,198120,5128
12,0.6,3,198120,13952
12,0.6,4,198120,6592
12,0.6,5,198120,9368
13,0.6,1,214632,18800
13,0.6,2,214632,13256
13,0.6,3,214632,6096
13,0.6,4,214632,10168
13,0.6,5,214632,6968
14,0.6,1,231144,21264
14,0.6,2,231144,15232
14,0.6,3,231144,5992
14,0.6,4,231144,14424
14,0.6,5,231144,10704
15,0.6,1,247656,26528
15,0.6,2,247656,8584
15,0.6,3,247656,14648
15,0.6,4,247656,13752
15,0.6,5,247656,6048
16,0.6,1,264168,10856
16,0.6,2,264168,12568
16,0.6,3,264168,18672
16,0.6,4,264168,17704
16,0.6,5,264168,20744
17,0.6,1,280680,19472
17,0.6,2,280680,15904
17,0.6,3,280680,16560
17,0.6,4,280680,17752
17,0.6,5,280680,20224
18,0.6,1,297192,16472
18,0.6,2,297192,12264
18,0.6,3,297192,13240
18,0.6,4,297192,21784
18,0.6,5,297192,24344
19,0.6,1,313704,19304
19,0.6,2,313704,11056
19,0.6,3,313704,14320
19,0.6,4,313704,19680
19,0.6,5,313704,32176
20,0.6,1,330216,14208
20,0.6,2,330216,23376
20,0.6,3,330216,18296
20,0.6,4,330216,20064
20,0.6,5,330216,30240
21,0.6,1,346728,18640
21,0.6,2,346728,12240
21,0.6,3,346728,16120
21,0.6,4,346728,14488
21,0.6,5,346728,32992
22,0.6,1,363240,26344
22,0.6,2,363240,22112
22,0.6,3,363240,36008
22,0.6,4,363240,18744
22,0.6,5,363240,29560
23,0.6,1,379752,21192
23,0.6,2,379752,23616
23,0.6,3,379752,21544
23,0.6,4,379752,30360
23,0.6,5,379752,16416
24,0.6,1,396264,28160
24,0.6,2,396264,26600
24,0.6,3,396264,21720
24,0.6,4,396264,20288
24,0.6,5,396264,36664
25,0.6,1,412776,22448
25,0.6,2,412776,22240
25,0.6,3,412776,20264
25,0.6,4,412776,21032
25,0.6,5,412776,26352
26,0.6,1,429288,24872
26,0.6,2,429288,27168
26,0.6,3,429288,27968
26,0.6,4,429288,19360
26,0.6,5,429288,24488
27,0.6,1,445800,33424
27,0.6,2,445800,33056
27,0.6,3,445800,42200
27,0.6,4,445800,24992
27,0.6,5,445800,19168
28,0.6,1,462312,23616
28,0.6,2,462312,22808
28,0.6,3,462312,22904
28,0.6,4,462312,23800
28,0.6,5,462312,19536
29,0.6,1,478824,26472
29,0.6,2,478824,29064
29,0.6,3,478824,21584
29,0.6,4,478824,16608
29,0.6,5,478824,19384
30,0.6,1,495336,22520
30,0.6,2,495336,22888
30,0.6,3,495336,18744
30,0.6,4,495336,36448
30,0.6,5,495336,33784
31,0.6,1,511848,20992
31,0.6,2,511848,40032
31,0.6,3,511848,22632
31,0.6,4,511848,20864
31,0.6,5,511848,22960
32,0.6,1,528360,24840
32,0.6,2,528360,17672
32,0.6,3,528360,21144
32,0.6,4,528360,28072
32,0.6,5,528360,33704
33,0.6,1,544872,37232
33,0.6,2,544872,28096
33,0.6,3,544872,30088
33,0.6,4,544872,35528
33,0.6,5,544872,35888
34,0.6,1,561384,31408
34,0.6,2,561384,60568
34,0.6,3,561384,39800
34,0.6,4,561384,41368
34,0.6,5,561384,31312
35,0.6,1,577896,25960
35,0.6,2,577896,36272
35,0.6,3,577896,37504
35,0.6,4,577896,45968
35,0.6,5,577896,33424
36,0.6,1,594408,26104
36,0.6,2,594408,29488
36,0.6,3,594408,26872
36,0.6,4,594408,28936
36,0.6,5,594408,39920
37,0.6,1,610920,37072
37,0.6,2,610920,42632
37,0.6,3,610920,42520
37,0.6,4,610920,48848
37,0.6,5,610920,45216
38,0.6,1,627432,38464
38,0.6,2,627432,39136
38,0.6,3,627432,51344
38,0.6,4,627432,38440
38,0.6,5,627432,40032
39,0.6,1,643944,28760
39,0.6,2,643944,59032
39,0.6,3,643944,38480
39,0.6,4,643944,33616
39,0.6,5,643944,43288
40,0.6,1,660456,24872
40,0.6,2,660456,35952
40,0.6,3,660456,26016
40,0.6,4,660456,35528
40,0.6,5,660456,36048
41,0.6,1,676968,63712
41,0.6,2,676968,56616
41,0.6,3,676968,51872
41,0.6,4,676968,27832
41,0.6,5,676968,40416
42,0.6,1,693480,31864
42,0.6,2,693480,49384
42,0.6,3,693480,37576
42,0.6,4,693480,42336
42,0.6,5,693480,38848
43,0.6,1,709992,38984
43,0.6,2,709992,37480
43,0.6,3,709992,28136
43,0.6,4,709992,44624
43,0.6,5,709992,42504
44,0.6,1,726504,35640
44,0.6,2,726504,38104
44,0.6,3,726504,40056
44,0.6,4,726504,43656
44,0.6,5,726504,55400
45,0.6,1,743016,36184
45,0.6,2,743016,46600
45,0.6,3,743016,40008
45,0.6,4,743016,36352
45,0.6,5,743016,34584
46,0.6,1,759528,39520
46,0.6,2,759528,51480
46,0.6,3,759528,34752
46,0.6,4,759528,46912
46,0.6,5,759528,52024
47,0.6,1,776040,39896
47,0.6,2,776040,75992
47,0.6,3,776040,52648
47,0.6,4,776040,71312
47,0.6,5,776040,40224
48,0.6,1,792552,56600
48,0.6,2,792552,48624
48,0.6,3,792552,52528
48,0.6,4,792552,35832
48,0.6,5,792552,42168
49,0.6,1,809064,37632
49,0.6,2,809064,36128
49,0.6,3,809064,52240
49,0.6,4,809064,40600
49,0.6,5,809064,35360
50,0.6,1,825576,56328
50,0.6,2,825576,66808
50,0.6,3,825576,40528
50,0.6,4,825576,51856
50,0.6,5,825576,40896
51,0.6,1,842088,47856
51,0.6,2,842088,47552
51,0.6,3,842088,36280
51,0.6,4,842088,45960
51,0.6,5,842088,43568
52,0.6,1,858600,37096
52,0.6,2,858600,41096
52,0.6,3,858600,67352
52,0.6,4,858600,60072
52,0.6,5,858600,55912
53,0.6,1,875112,66272
53,0.6,2,875112,47064
53,0.6,3,875112,42184
53,0.6,4,875112,48512
53,0.6,5,875112,54104
54,0.6,1,891624,63616
54,0.6,2,891624,54296
54,0.6,3,891624,60824
54,0.6,4,891624,67520
54,0.6,5,891624,43144
55,0.6,1,908136,47360
55,0.6,2,908136,49912
55,0.6,3,908136,83192
55,0.6,4,908136,62664
55,0.6,5,908136,56456
56,0.6,1,924648,55024
56,0.6,2,924648,41168
56,0.6,3,924648,49632
56,0.6,4,924648,52288
56,0.6,5,924648,48072
57,0.6,1,941160,58624
57,0.6,2,941160,69984
57,0.6,3,941160,47256
57,0.6,4,941160,50112
57,0.6,5,941160,47872
58,0.6,1,957672,51808
58,0.6,2,957672,39640
58,0.6,3,957672,54656
58,0.6,4,957672,31080
58,0.6,5,957672,51872
59,0.6,1,974184,65296
59,0.6,2,974184,77848
59,0.6,3,974184,72128
59,0.6,4,974184,56408
59,0.6,5,974184,58256
60,0.6,1,990696,53384
60,0.6,2,990696,55584
60,0.6,3,990696,56576
60,0.6,4,990696,41416
60,0.6,5,990696,55328
61,0.6,1,1007208,49848
61,0.6,2,1007208,60392
61,0.6,3,1007208,73120
61,0.6,4,1007208,65376
61,0.6,5,1007208,65104
62,0.6,1,1023720,44456
62,0.6,2,1023720,56600
62,0.6,3,1023720,53984
62,0.6,4,1023720,65664
62,0.6,5,1023720,79128
63,0.6,1,1040232,54184
63,0.6,2,1040232,59648
63,0.6,3,1040232,60040
63,0.6,4,1040232,55880
63,0.6,5,1040232,51240
64,0.6,1,1056744,70544
64,0.6,2,1056744,82000
64,0.6,3,1056744,42024
64,0.6,4,1056744,89832
64,0.6,5,1056744,54256
65,0.6,1,1073256,76512
65,0.6,2,1073256,68400
65,0.6,3,1073256,75720
65,0.6,4,1073256,56784
65,0.6,5,1073256,56384
66,0.6,1,1089768,76776
66,0.6,2,1089768,77352
66,0.6,3,1089768,76152
66,0.6,4,1089768,68824
66,0.6,5,1089768,54272
67,0.6,1,1106280,73120
67,0.6,2,1106280,55744
67,0.6,3,1106280,87752
67,0.6,4,1106280,62496
67,0.6,5,1106280,93584
68,0.6,1,1122792,53032
68,0.6,2,1122792,74736
68,0.6,3,1122792,64960
68,0.6,4,1122792,70184
68,0.6,5,1122792,75328
69,0.6,1,1139304,98816
69,0.6,2,1139304,55760
69,0.6,3,1139304,64640
69,0.6,4,1139304,64520
69,0.6,5,1139304,59984
70,0.6,1,1155816,84168
70,0.6,2,1155816,68520
70,0.6,3,1155816,65960
70,0.6,4,1155816,65520
70,0.6,5,1155816,74544
71,0.6,1,1172328,64048
71,0.6,2,1172328,72784
71,0.6,3,1172328,94928
71,0.6,4,1172328,72728
71,0.6,5,1172328,77592
72,0.6,1,1188840,69528
72,0.6,2,1188840,85688
72,0.6,3,1188840,70768
72,0.6,4,1188840,77280
72,0.6,5,1188840,78040
73,0.6,1,1205352,70392
73,0.6,2,1205352,74752
73,0.6,3,1205352,60792
73,0.6,4,1205352,81616
73,0.6,5,1205352,81136
74,0.6,1,1221864,56032
74,0.6,2,1221864,72408
74,0.6,3,1221864,62976
74,0.6,4,1221864,80160
74,0.6,5,1221864,64480
75,0.6,1,1238376,79752
75,0.6,2,1238376,81160
75,0.6,3,1238376,64576
75,0.6,4,1238376,64296
75,0.6,5,1238376,63304
76,0.6,1,1254888,69936
76,0.6,2,1254888,65336
76,0.6,3,1254888,74888
76,0.6,4,1254888,86448
76,0.6,5,1254888,67408
77,0.6,1,1271400,64888
77,0.6,2,1271400,76976
77,0.6,3,1271400,79784
77,0.6,4,1271400,75728
77,0.6,5,1271400,79936
78,0.6,1,1287912,67280
78,0.6,2,1287912,69424
78,0.6,3,1287912,91728
78,0.6,4,1287912,90296
78,0.6,5,1287912,114016
79,0.6,1,1304424,75536
79,0.6,2,1304424,80600
79,0.6,3,1304424,70656
79,0.6,4,1304424,65880
79,0.6,5,1304424,110712
80,0.6,1,1320936,80688
80,0.6,2,1320936,86464
80,0.6,3,1320936,87992
80,0.6,4,1320936,59280
80,0.6,5,1320936,71400
81,0.6,1,1337448,65296
81,0.6,2,1337448,85976
81,0.6,3,1337448,81008
81,0.6,4,1337448,104512
81,0.6,5,1337448,85416
82,0.6,1,1353960,81424
82,0.6,2,1353960,105920
82,0.6,3,1353960,60640
82,0.6,4,1353960,81040
82,0.6,5,1353960,83888
83,0.6,1,1370472,105888
83,0.6,2,1370472,86760
83,0.6,3,1370472,78944
83,0.6,4,1370472,65480
83,0.6,5,1370472,70544
84,0.6,1,1386984,70184
84,0.6,2,1386984,78640
84,0.6,3,1386984,78312
84,0.6,4,1386984,77256
84,0.6,5,1386984,85944
85,0.6,1,1403496,98552
85,0.6,2,1403496,96104
85,0.6,3,1403496,97256
85,0.6,4,1403496,101824
85,0.6,5,1403496,78024
86,0.6,1,1420008,88440
86,0.6,2,1420008,82704
86,0.6,3,1420008,71728
86,0.6,4,1420008,93120
86,0.6,5,1420008,82136
87,0.6,1,1436520,94888
87,0.6,2,1436520,96152
87,0.6,3,1436520,82936
87,0.6,4,1436520,81784
87,0.6,5,1436520,96064
88,0.6,1,1453032,69624
88,0.6,2,1453032,97256
88,0.6,3,1453032,114144
88,0.6,4,1453032,79120
88,0.6,5,1453032,65928
89,0.6,1,1469544,78464
89,0.6,2,1469544,97272
89,0.6,3,1469544,87192
89,0.6,4,1469544,82984
89,0.6,5,1469544,93264
90,0.6,1,1486056,119080
90,0.6,2,1486056,92280
90,0.6,3,1486056,71432
90,0.6,4,1486056,71800
90,0.6,5,1486056,108288
91,0.6,1,1502568,80696
91,0.6,2,1502568,100488
91,0.6,3,1502568,62864
91,0.6,4,1502568,93296
91,0.6,5,1502568,125616
92,0.6,1,1519080,87688
92,0.6,2,1519080,96680
92,0.6,3,1519080,81616
92,0.6,4,1519080,119736
92,0.6,5,1519080,93544
93,0.6,1,1535592,115816
93,0.6,2,1535592,84968
93,0.6,3,1535592,76592
93,0.6,4,1535592,93640
93,0.6,5,1535592,106784
94,0.6,1,1552104,91296
94,0.6,2,1552104,83312
94,0.6,3,1552104,88632
94,0.6,4,1552104,107728
94,0.6,5,1552104,93888
95,0.6,1,1568616,93064
95,0.6,2,1568616,107000
95,0.6,3,1568616,127824
95,0.6,4,1568616,70704
95,0.6,5,1568616,89000
96,0.6,1,1585128,108720
96,0.6,2,1585128,135368
96,0.6,3,1585128,91280
96,0.6,4,1585128,90096
96,0.6,5,1585128,94264
97,0.6,1,1601640,79440
97,0.6,2,1601640,111688
97,0.6,3,1601640,85032
97,0.6,4,1601640,93144
97,0.6,5,1601640,74624
98,0.6,1,1618152,81896
98,0.6,2,1618152,82632
98,0.6,3,1618152,101312
98,0.6,4,1618152,111704
98,0.6,5,1618152,78664
99,0.6,1,1634664,105800
99,0.6,2,1634664,124192
99,0.6,3,1634664,94416
99,0.6,4,1634664,81096
99,0.6,5,1634664,81832
100,0.6,1,1651176,102032
100,0.6,2,1651176,110032
100,0.6,3,1651176,119520
100,0.6,4,1651176,132872
100,0.6,5,1651176,114464
1,0.7,1,16488,88
1,0.7,2,16488,88
1,0.7,3,16488,88
1,0.7,4,16488,88
1,0.7,5,16488,88
2,0.7,1,33000,840
2,0.7,2,33000,736
2,0.7,3,33000,712
2,0.7,4,33000,560
2,0.7,5,33000,400
3,0.7,1,49512,3440
3,0.7,2,49512,856
3,0.7,3,49512,7520
3,0.7,4,49512,3320
3,0.7,5,49512,1320
4,0.7,1,66024,1512
4,0.7,2,66024,2184
4,0.7,3,66024,1792
4,0.7,4,66024,2008
4,0.7,5,66024,1480
5,0.7,1,82536,1488
5,0.7,2,82536,1728
5,0.7,3,82536,2352
5,0.7,4,82536,2088
5,0.7,5,82536,2152
6,0.7,1,99048,2656
6,0.7,2,99048,2184
6,0.7,3,99048,3984
6,0.7,4,99048,4640
6,0.7,5,99048,10240
7,0.7,1,115560,12408
7,0.7,2,115560,10504
7,0.7,3,115560,6728
7,0.7,4,115560,11056
7,0.7,5,115560,4688
8,0.7,1,132072,6824
8,0.7,2,132072,9224
8,0.7,3,132072,13152
8,0.7,4,132072,4536
8,0.7,5,132072,13160
9,0.7,1,148584,10448
9,0.7,2,148584,10744
9,0.7,3,148584,10728
9,0.7,4,148584,12280
9,0.7,5,148584,13832
10,0.7,1,165096,9392
10,0.7,2,165096,9744
10,0.7,3,165096,15816
10,0.7,4,165096,4608
10,0.7,5,165096,4168
11,0.7,1,181608,8808
11,0.7,2,181608,6344
11,0.7,3,181608,9448
11,0.7,4,181608,8536
11,0.7,5,181608,10992
12,0.7,1,198120,12496
12,0.7,2,198120,6552
12,0.7,3,198120,7992
12,0.7,4,198120,6200
12,0.7,5,198120,9200
13,0.7,1,214632,8824
13,0.7,2,214632,11432
13,0.7,3,214632,9416
13,0.7,4,214632,13488
13,0.7,5,214632,16128
14,0.7,1,231144,9040
14,0.7,2,231144,9944
14,0.7,3,231144,21456
14,0.7,4,231144,12384
14,0.7,5,231144,27240
15,0.7,1,247656,10240
15,0.7,2,247656,21056
15,0.7,3,247656,11376
15,0.7,4,247656,6888
15,0.7,5,247656,14456
16,0.7,1,264168,13280
16,0.7,2,264168,19128
16,0.7,3,264168,9256
16,0.7,4,264168,17768
16,0.7,5,264168,23280
17,0.7,1,280680,15992
17,0.7,2,280680,19248
17,0.7,3,280680,17200
17,0.7,4,280680,7680
17,0.7,5,280680,12424
18,0.7,1,297192,16256
18,0.7,2,297192,31704
18,0.7,3,297192,18192
18,0.7,4,297192,14184
18,0.7,5,297192,17128
19,0.7,1,313704,15072
19,0.7,2,313704,16280
19,0.7,3,313704,20464
19,0.7,4,313704,17864
19,0.7,5,313704,24368
20,0.7,1,330216,23592
20,0.7,2,330216,8496
20,0.7,3,330216,15728
20,0.7,4,330216,35856
20,0.7,5,330216,26024
21,0.7,1,346728,16376
21,0.7,2,346728,12936
21,0.7,3,346728,11848
21,0.7,4,346728,24648
21,0.7,5,346728,10728
22,0.7,1,363240,13424
22,0.7,2,363240,19824
22,0.7,3,363240,25504
22,0.7,4,363240,10176
22,0.7,5,363240,26032
23,0.7,1,379752,14768
23,0.7,2,379752,26696
23,0.7,3,379752,20608
23,0.7,4,379752,24296
23,0.7,5,379752,14616
24,0.7,1,396264,33112
24,0.7,2,396264,29336
24,0.7,3,396264,27488
24,0.7,4,396264,28000
24,0.7,5,396264,24800
25,0.7,1,412776,24616
25,0.7,2,412776,25976
25,0.7,3,412776,26272
25,0.7,4,412776,37696
25,0.7,5,412776,20744
26,0.7,1,429288,23104
26,0.7,2,429288,25936
26,0.7,3,429288,22816
26,0.7,4,429288,25224
26,0.7,5,429288,24280
27,0.7,1,445800,33848
27,0.7,2,445800,23856
27,0.7,3,445800,33152
27,0.7,4,445800,38872
27,0.7,5,445800,28024
28,0.7,1,462312,20264
28,0.7,2,462312,23128
28,0.7,3,462312,32584
28,0.7,4,462312,26560
28,0.7,5,462312,29736
29,0.7,1,478824,33608
29,0.7,2,478824,23000
29,0.7,3,478824,24080
29,0.7,4,478824,26960
29,0.7,5,478824,25304
30,0.7,1,495336,22880
30,0.7,2,495336,49944
30,0.7,3,495336,27920
30,0.7,4,495336,28456
30,0.7,5,495336,37544
31,0.7,1,511848,31440
31,0.7,2,511848,19952
31,0.7,3,511848,35976
31,0.7,4,511848,25584
31,0.7,5,511848,33864
32,0.7,1,528360,28512
32,0.7,2,528360,56160
32,0.7,3,528360,35384
32,0.7,4,528360,30256
32,0.7,5,528360,36312
33,0.7,1,544872,54392
33,0.7,2,544872,30232
33,0.7,3,544872,28688
33,0.7,4,544872,36544
33,0.7,5,544872,44656
34,0.7,1,561384,28200
34,0.7,2,561384,33216
34,0.7,3,561384,29472
34,0.7,4,561384,31864
34,0.7,5,561384,32992
35,0.7,1,577896,46456
35,0.7,2,577896,23808
35,0.7,3,577896,21920
35,0.7,4,577896,32624
35,0.7,5,577896,50048
36,0.7,1,594408,42984
36,0.7,2,594408,32120
36,0.7,3,594408,45728
36,0.7,4,594408,47640
36,0.7,5,594408,55160
37,0.7,1,610920,61584
37,0.7,2,610920,25792
37,0.7,3,610920,29904
37,0.7,4,610920,36112
37,0.7,5,610920,37952
38,0.7,1,627432,32864
38,0.7,2,627432,30312
38,0.7,3,627432,32624
38,0.7,4,627432,35472
38,0.7,5,627432,30552
39,0.7,1,643944,37464
39,0.7,2,643944,43608
39,0.7,3,643944,43360
39,0.7,4,643944,30304
39,0.7,5,643944,42584
40,0.7,1,660456,43496
40,0.7,2,660456,43448
40,0.7,3,660456,54296
40,0.7,4,660456,43312
40,0.7,5,660456,40856
41,0.7,1,676968,38496
41,0.7,2,676968,62088
41,0.7,3,676968,39224
41,0.7,4,676968,37592
41,0.7,5,676968,46768
42,0.7,1,693480,36344
42,0.7,2,693480,38440
42,0.7,3,693480,44096
42,0.7,4,693480,35216
42,0.7,5,693480,41152
43,0.7,1,709992,28192
43,0.7,2,709992,33664
43,0.7,3,709992,31592
43,0.7,4,709992,45232
43,0.7,5,709992,33824
44,0.7,1,726504,40344
44,0.7,2,726504,35224
44,0.7,3,726504,38552
44,0.7,4,726504,23536
44,0.7,5,726504,36088
45,0.7,1,743016,47392
45,0.7,2,743016,38400
45,0.7,3,743016,47488
45,0.7,4,743016,41496
45,0.7,5,743016,42280
46,0.7,1,759528,43464
46,0.7,2,759528,46912
46,0.7,3,759528,58992
46,0.7,4,759528,54528
46,0.7,5,759528,50456
47,0.7,1,776040,50128
47,0.7,2,776040,44728
47,0.7,3,776040,45776
47,0.7,4,776040,47880
47,0.7,5,776040,36648
48,0.7,1,792552,36712
48,0.7,2,792552,50544
48,0.7,3,792552,48776
48,0.7,4,792552,51944
48,0.7,5,792552,45160
49,0.7,1,809064,49752
49,0.7,2,809064,46184
49,0.7,3,809064,52496
49,0.7,4,809064,36552
49,0.7,5,809064,57968
50,0.7,1,825576,43456
50,0.7,2,825576,39984
50,0.7,3,825576,69184
50,0.7,4,825576,55544
50,0.7,5,825576,49960
51,0.7,1,842088,37432
51,0.7,2,842088,48176
51,0.7,3,842088,39224
51,0.7,4,842088,66120
51,0.7,5,842088,47696
52,0.7,1,858600,47416
52,0.7,2,858600,59952
52,0.7,3,858600,51864
52,0.7,4,858600,48016
52,0.7,5,858600,47344
53,0.7,1,875112,45376
53,0.7,2,875112,39832
53,0.7,3,875112,49200
53,0.7,4,875112,57280
53,0.7,5,875112,62096
54,0.7,1,891624,51912
54,0.7,2,891624,65368
54,0.7,3,891624,75816
54,0.7,4,891624,68840
54,0.7,5,891624,42416
55,0.7,1,908136,47528
55,0.7,2,908136,53616
55,0.7,3,908136,50176
55,0.7,4,908136,49936
55,0.7,5,908136,68488
56,0.7,1,924648,49136
56,0.7,2,924648,54864
56,0.7,3,924648,57680
56,0.7,4,924648,66768
56,0.7,5,924648,41184
57,0.7,1,941160,52368
57,0.7,2,941160,53112
57,0.7,3,941160,52600
57,0.7,4,941160,62000
57,0.7,5,941160,73144
58,0.7,1,957672,58984
58,0.7,2,957672,64408
58,0.7,3,957672,54656
58,0.7,4,957672,60576
58,0.7,5,957672,83624
59,0.7,1,974184,56216
59,0.7,2,974184,52672
59,0.7,3,974184,46992
59,0.7,4,974184,49608
59,0.7,5,974184,52728
60,0.7,1,990696,61048
60,0.7,2,990696,54192
60,0.7,3,990696,60720
60,0.7,4,990696,66520
60,0.7,5,990696,49960
61,0.7,1,1007208,57320
61,0.7,2,1007208,68160
61,0.7,3,1007208,48176
61,0.7,4,1007208,52048
61,0.7,5,1007208,70584
62,0.7,1,1023720,59640
62,0.7,2,1023720,63600
62,0.7,3,1023720,51200
62,0.7,4,1023720,75184
62,0.7,5,1023720,72488
63,0.7,1,1040232,67600
63,0.7,2,1040232,70160
63,0.7,3,1040232,61304
63,0.7,4,1040232,62400
63,0.7,5,1040232,85504
64,0.7,1,1056744,67016
64,0.7,2,1056744,80792
64,0.7,3,1056744,65792
64,0.7,4,1056744,60464
64,0.7,5,1056744,78680
65,0.7,1,1073256,71192
65,0.7,2,1073256,66456
65,0.7,3,1073256,81120
65,0.7,4,1073256,69784
65,0.7,5,1073256,68704
66,0.7,1,1089768,53656
66,0.7,2,1089768,81504
66,0.7,3,1089768,67144
66,0.7,4,1089768,72096
66,0.7,5,1089768,66864
67,0.7,1,1106280,69248
67,0.7,2,1106280,74352
67,0.7,3,1106280,81048
67,0.7,4,1106280,52384
67,0.7,5,1106280,60936
68,0.7,1,1122792,66216
68,0.7,2,1122792,58792
68,0.7,3,1122792,74296
68,0.7,4,1122792,56968
68,0.7,5,1122792,83544
69,0.7,1,1139304,75680
69,0.7,2,1139304,68232
69,0.7,3,1139304,62768
69,0.7,4,1139304,65144
69,0.7,5,1139304,59944
70,0.7,1,1155816,72416
70,0.7,2,1155816,77520
70,0.7,3,1155816,71648
70,0.7,4,1155816,92256
70,0.7,5,1155816,80984
71,0.7,1,1172328,71088
71,0.7,2,1172328,59040
71,0.7,3,1172328,74536
71,0.7,4,1172328,97344
71,0.7,5,1172328,65232
72,0.7,1,1188840,60992
72,0.7,2,1188840,74688
72,0.7,3,1188840,56232
72,0.7,4,1188840,62248
72,0.7,5,1188840,68664
73,0.7,1,1205352,79360
73,0.7,2,1205352,64664
73,0.7,3,1205352,60432
73,0.7,4,1205352,83784
73,0.7,5,1205352,58392
74,0.7,1,1221864,92056
74,0.7,2,1221864,77560
74,0.7,3,1221864,83064
74,0.7,4,1221864,93712
74,0.7,5,1221864,59232
75,0.7,1,1238376,63184
75,0.7,2,1238376,62144
75,0.7,3,1238376,64616
75,0.7,4,1238376,71080
75,0.7,5,1238376,69520
76,0.7,1,1254888,66520
76,0.7,2,1254888,77664
76,0.7,3,1254888,75928
76,0.7,4,1254888,64368
76,0.7,5,1254888,67568
77,0.7,1,1271400,104744
77,0.7,2,1271400,80904
77,0.7,3,1271400,85992
77,0.7,4,1271400,80768
77,0.7,5,1271400,69872
78,0.7,1,1287912,98776
78,0.7,2,1287912,68448
78,0.7,3,1287912,101096
78,0.7,4,1287912,65944
78,0.7,5,1287912,69288
79,0.7,1,1304424,92024
79,0.7,2,1304424,89944
79,0.7,3,1304424,95504
79,0.7,4,1304424,103536
79,0.7,5,1304424,77056
80,0.7,1,1320936,87136
80,0.7,2,1320936,71784
80,0.7,3,1320936,78104
80,0.7,4,1320936,64888
80,0.7,5,1320936,69800
81,0.7,1,1337448,94768
81,0.7,2,1337448,78560
81,0.7,3,1337448,106752
81,0.7,4,1337448,89184
81,0.7,5,1337448,78056
82,0.7,1,1353960,74024
82,0.7,2,1353960,77696
82,0.7,3,1353960,85760
82,0.7,4,1353960,74304
82,0.7,5,1353960,87008
83,0.7,1,1370472,67608
83,0.7,2,1370472,91432
83,0.7,3,1370472,99408
83,0.7,4,1370472,85816
83,0.7,5,1370472,89872
84,0.7,1,1386984,89384
84,0.7,2,1386984,102792
84,0.7,3,1386984,84464
84,0.7,4,1386984,68144
84,0.7,5,1386984,105440
85,0.7,1,1403496,92776
85,0.7,2,1403496,98504
85,0.7,3,1403496,91864
85,0.7,4,1403496,84024
85,0.7,5,1403496,80104
86,0.7,1,1420008,80704
86,0.7,2,1420008,82448
86,0.7,3,1420008,77424
86,0.7,4,1420008,101704
86,0.7,5,1420008,99792
87,0.7,1,1436520,94864
87,0.7,2,1436520,79688
87,0.7,3,1436520,73464
87,0.7,4,1436520,88504
87,0.7,5,1436520,90624
88,0.7,1,1453032,94872
88,0.7,2,1453032,89088
88,0.7,3,1453032,105112
88,0.7,4,1453032,69264
88,0.7,5,1453032,88656
89,0.7,1,1469544,87824
89,0.7,2,1469544,80384
89,0.7,3,1469544,83608
89,0.7,4,1469544,98712
89,0.7,5,1469544,98408
90,0.7,1,1486056,103712
90,0.7,2,1486056,71792
90,0.7,3,1486056,82248
90,0.7,4,1486056,84152
90,0.7,5,1486056,82824
91,0.7,1,1502568,69768
91,0.7,2,1502568,103848
91,0.7,3,1502568,79552
91,0.7,4,1502568,112968
91,0.7,5,1502568,76824
92,0.7,1,1519080,87432
92,0.7,2,1519080,99768
92,0.7,3,1519080,85744
92,0.7,4,1519080,77168
92,0.7,5,1519080,105056
93,0.7,1,1535592,85120
93,0.7,2,1535592,96720
93,0.7,3,1535592,85512
93,0.7,4,1535592,92800
93,0.7,5,1535592,109296
94,0.7,1,1552104,82000
94,0.7,2,1552104,91024
94,0.7,3,1552104,96152
94,0.7,4,1552104,96784
94,0.7,5,1552104,98440
95,0.7,1,1568616,105224
95,0.7,2,1568616,130024
95,0.7,3,1568616,93504
95,0.7,4,1568616,78504
95,0.7,5,1568616,118448
96,0.7,1,1585128,103920
96,0.7,2,1585128,91440
96,0.7,3,1585128,100464
96,0.7,4,1585128,81792
96,0.7,5,1585128,109384
97,0.7,1,1601640,87224
97,0.7,2,1601640,70928
97,0.7,3,1601640,84960
97,0.7,4,1601640,95952
97,0.7,5,1601640,110360
98,0.7,1,1618152,109504
98,0.7,2,1618152,130696
98,0.7,3,1618152,90984
98,0.7,4,1618152,104176
98,0.7,5,1618152,89824
99,0.7,1,1634664,132984
99,0.7,2,1634664,66848
99,0.7,3,1634664,72232
99,0.7,4,1634664,81280
99,0.7,5,1634664,95344
100,0.7,1,1651176,124448
100,0.7,2,1651176,106480
100,0.7,3,1651176,110248
100,0.7,4,1651176,83952
100,0.7,5,1651176,99680
1,0.8,1,16488,88
1,0.8,2,16488,88
1,0.8,3,16488,88
1,0.8,4,16488,88
1,0.8,5,16488,88
2,0.8,1,33000,744
2,0.8,2,33000,504
2,0.8,3,33000,464
2,0.8,4,33000,400
2,0.8,5,33000,3176
3,0.8,1,49512,1632
3,0.8,2,49512,1864
3,0.8,3,49512,6968
3,0.8,4,49512,1632
3,0.8,5,49512,1176
4,0.8,1,66024,2296
4,0.8,2,66024,1328
4,0.8,3,66024,1792
4,0.8,4,66024,1920
4,0.8,5,66024,1400
5,0.8,1,82536,1880
5,0.8,2,82536,8160
5,0.8,3,82536,3888
5,0.8,4,82536,1568
5,0.8,5,82536,4360
6,0.8,1,99048,6432
6,0.8,2,99048,2496
6,0.8,3,99048,9816
6,0.8,4,99048,10544
6,0.8,5,99048,4928
7,0.8,1,115560,5920
7,0.8,2,115560,2456
7,0.8,3,115560,11136
7,0.8,4,115560,8152
7,0.8,5,115560,8752
8,0.8,1,132072,8360
8,0.8,2,132072,5320
8,0.8,3,132072,6800
8,0.8,4,132072,9128
8,0.8,5,132072,3960
9,0.8,1,148584,4288
9,0.8,2,148584,13944
9,0.8,3,148584,4624
9,0.8,4,148584,10224
9,0.8,5,148584,5192
10,0.8,1,165096,7160
10,0.8,2,165096,14856
10,0.8,3,165096,4344
10,0.8,4,165096,6120
10,0.8,5,165096,8064
11,0.8,1,181608,4432
11,0.8,2,181608,20984
11,0.8,3,181608,7360
11,0.8,4,181608,6640
11,0.8,5,181608,13496
12,0.8,1,198120,8752
12,0.8,2,198120,10856
12,0.8,3,198120,9952
12,0.8,4,198120,8192
12,0.8,5,198120,10552
13,0.8,1,214632,15952
13,0.8,2,214632,21880
13,0.8,3,214632,9216
13,0.8,4,214632,11952
13,0.8,5,214632,9264
14,0.8,1,231144,13888
14,0.8,2,231144,12584
14,0.8,3,231144,12032
14,0.8,4,231144,23760
14,0.8,5,231144,14136
15,0.8,1,247656,9624
15,0.8,2,247656,12992
15,0.8,3,247656,17944
15,0.8,4,247656,16208
15,0.8,5,247656,32296
16,0.8,1,264168,40680
16,0.8,2,264168,6952
16,0.8,3,264168,20672
16,0.8,4,264168,17096
16,0.8,5,264168,16192
17,0.8,1,280680,14184
17,0.8,2,280680,15952
17,0.8,3,280680,14592
17,0.8,4,280680,19232
17,0.8,5,280680,23464
18,0.8,1,297192,15856
18,0.8,2,297192,14816
18,0.8,3,297192,14872
18,0.8,4,297192,17424
18,0.8,5,297192,21136
19,0.8,1,313704,21840
19,0.8,2,313704,29768
19,0.8,3,313704,24944
19,0.8,4,313704,13864
19,0.8,5,313704,11216
20,0.8,1,330216,33456
20,0.8,2,330216,28264
20,0.8,3,330216,19440
20,0.8,4,330216,24816
20,0.8,5,330216,25304
21,0.8,1,346728,24072
21,0.8,2,346728,23104
21,0.8,3,346728,22952
21,0.8,4,346728,13728
21,0.8,5,346728,38224
22,0.8,1,363240,18568
22,0.8,2,363240,14304
22,0.8,3,363240,31008
22,0.8,4,363240,18632
22,0.8,5,363240,21464
23,0.8,1,379752,46768
23,0.8,2,379752,20784
23,0.8,3,379752,21928
23,0.8,4,379752,43408
23,0.8,5,379752,28984
24,0.8,1,396264,17088
24,0.8,2,396264,26336
24,0.8,3,396264,22400
24,0.8,4,396264,34960
24,0.8,5,396264,26800
25,0.8,1,412776,26240
25,0.8,2,412776,32976
25,0.8,3,412776,41648
25,0.8,4,412776,20576
25,0.8,5,412776,26936
26,0.8,1,429288,28960
26,0.8,2,429288,29424
26,0.8,3,429288,23152
26,0.8,4,429288,29760
26,0.8,5,429288,32760
27,0.8,1,445800,18840
27,0.8,2,445800,26328
27,0.8,3,445800,25824
27,0.8,4,445800,21912
27,0.8,5,445800,18608
28,0.8,1,462312,20288
28,0.8,2,462312,13456
28,0.8,3,462312,22544
28,0.8,4,462312,31128
28,0.8,5,462312,28968
29,0.8,1,478824,25232
29,0.8,2,478824,13816
29,0.8,3,478824,23656
29,0.8,4,478824,26336
29,0.8,5,478824,32720
30,0.8,1,495336,32952
30,0.8,2,495336,16792
30,0.8,3,495336,30360
30,0.8,4,495336,30688
30,0.8,5,495336,39936
31,0.8,1,511848,21048
31,0.8,2,511848,42928
31,0.8,3,511848,34144
31,0.8,4,511848,43960
31,0.8,5,511848,23888
32,0.8,1,528360,33168
32,0.8,2,528360,20728
32,0.8,3,528360,40776
32,0.8,4,528360,27592
32,0.8,5,528360,29176
33,0.8,1,544872,38184
33,0.8,2,544872,32200
33,0.8,3,544872,50736
33,0.8,4,544872,45016
33,0.8,5,544872,25352
34,0.8,1,561384,31032
34,0.8,2,561384,32368
34,0.8,3,561384,42296
34,0.8,4,561384,31296
34,0.8,5,561384,35768
35,0.8,1,577896,26120
35,0.8,2,577896,47744
35,0.8,3,577896,60832
35,0.8,4,577896,27112
35,0.8,5,577896,33376
36,0.8,1,594408,30808
36,0.8,2,594408,35944
36,0.8,3,594408,46936
36,0.8,4,594408,43624
36,0.8,5,594408,36000
37,0.8,1,610920,56024
37,0.8,2,610920,34976
37,0.8,3,610920,46752
37,0.8,4,610920,46456
37,0.8,5,610920,43344
38,0.8,1,627432,20608
38,0.8,2,627432,53800
38,0.8,3,627432,34272
38,0.8,4,627432,27200
38,0.8,5,627432,42968
39,0.8,1,643944,41080
39,0.8,2,643944,32520
39,0.8,3,643944,59856
39,0.8,4,643944,43704
39,0.8,5,643944,32344
40,0.8,1,660456,45336
40,0.8,2,660456,43128
40,0.8,3,660456,45408
40,0.8,4,660456,46856
40,0.8,5,660456,38984
41,0.8,1,676968,33992
41,0.8,2,676968,39032
41,0.8,3,676968,38880
41,0.8,4,676968,39728
41,0.8,5,676968,38936
42,0.8,1,693480,47808
42,0.8,2,693480,49656
42,0.8,3,693480,26728
42,0.8,4,693480,59696
42,0.8,5,693480,40400
43,0.8,1,709992,61624
43,0.8,2,709992,38144
43,0.8,3,709992,51648
43,0.8,4,709992,44104
43,0.8,5,709992,31456
44,0.8,1,726504,39928
44,0.8,2,726504,41304
44,0.8,3,726504,45584
44,0.8,4,726504,43768
44,0.8,5,726504,49920
45,0.8,1,743016,40720
45,0.8,2,743016,40272
45,0.8,3,743016,34560
45,0.8,4,743016,38104
45,0.8,5,743016,59608
46,0.8,1,759528,38080
46,0.8,2,759528,37368
46,0.8,3,759528,49128
46,0.8,4,759528,33320
46,0.8,5,759528,45472
47,0.8,1,776040,52640
47,0.8,2,776040,33664
47,0.8,3,776040,35896
47,0.8,4,776040,35152
47,0.8,5,776040,49048
48,0.8,1,792552,45328
48,0.8,2,792552,33496
48,0.8,3,792552,68472
48,0.8,4,792552,37568
48,0.8,5,792552,44048
49,0.8,1,809064,32032
49,0.8,2,809064,40600
49,0.8,3,809064,53464
49,0.8,4,809064,48304
49,0.8,5,809064,33192
50,0.8,1,825576,44208
50,0.8,2,825576,46584
50,0.8,3,825576,43368
50,0.8,4,825576,44192
50,0.8,5,825576,58480
51,0.8,1,842088,42872
51,0.8,2,842088,46216
51,0.8,3,842088,61176
51,0.8,4,842088,54664
51,0.8,5,842088,53184
52,0.8,1,858600,50960
52,0.8,2,858600,60632
52,0.8,3,858600,37264
52,0.8,4,858600,43616
52,0.8,5,858600,40864
53,0.8,1,875112,40688
53,0.8,2,875112,51416
53,0.8,3,875112,47448
53,0.8,4,875112,54784
53,0.8,5,875112,48904
54,0.8,1,891624,69728
54,0.8,2,891624,62280
54,0.8,3,891624,43520
54,0.8,4,891624,65472
54,0.8,5,891624,34000
55,0.8,1,908136,59544
55,0.8,2,908136,52880
55,0.8,3,908136,53952
55,0.8,4,908136,48800
55,0.8,5,908136,51992
56,0.8,1,924648,58528
56,0.8,2,924648,41208
56,0.8,3,924648,58960
56,0.8,4,924648,56536
56,0.8,5,924648,62760
57,0.8,1,941160,55064
57,0.8,2,941160,56552
57,0.8,3,941160,72792
57,0.8,4,941160,84232
57,0.8,5,941160,54824
58,0.8,1,957672,58920
58,0.8,2,957672,72944
58,0.8,3,957672,72192
58,0.8,4,957672,63840
58,0.8,5,957672,61816
59,0.8,1,974184,65296
59,0.8,2,974184,71864
59,0.8,3,974184,59736
59,0.8,4,974184,59464
59,0.8,5,974184,41584
60,0.8,1,990696,76328
60,0.8,2,990696,66176
60,0.8,3,990696,44536
60,0.8,4,990696,73928
60,0.8,5,990696,54880
61,0.8,1,1007208,62256
61,0.8,2,1007208,80424
61,0.8,3,1007208,75296
61,0.8,4,1007208,61432
61,0.8,5,1007208,60928
62,0.8,1,1023720,43304
62,0.8,2,1023720,47944
62,0.8,3,1023720,65528
62,0.8,4,1023720,61368
62,0.8,5,1023720,53456
63,0.8,1,1040232,68624
63,0.8,2,1040232,54392
63,0.8,3,1040232,52792
63,0.8,4,1040232,64392
63,0.8,5,1040232,59296
64,0.8,1,1056744,68624
64,0.8,2,1056744,67176
64,0.8,3,1056744,67328
64,0.8,4,1056744,64584
64,0.8,5,1056744,54152
65,0.8,1,1073256,93672
65,0.8,2,1073256,77576
65,0.8,3,1073256,91016
65,0.8,4,1073256,51824
65,0.8,5,1073256,43520
66,0.8,1,1089768,51840
66,0.8,2,1089768,59848
66,0.8,3,1089768,52432
66,0.8,4,1089768,76408
66,0.8,5,1089768,45392
67,0.8,1,1106280,53600
67,0.8,2,1106280,79736
67,0.8,3,1106280,70024
67,0.8,4,1106280,74712
67,0.8,5,1106280,52504
68,0.8,1,1122792,64232
68,0.8,2,1122792,53696
68,0.8,3,1122792,78408
68,0.8,4,1122792,74400
68,0.8,5,1122792,61088
69,0.8,1,1139304,94240
69,0.8,2,1139304,62488
69,0.8,3,1139304,79448
69,0.8,4,1139304,63064
69,0.8,5,1139304,61784
70,0.8,1,1155816,61136
70,0.8,2,1155816,100800
70,0.8,3,1155816,65000
70,0.8,4,1155816,82200
70,0.8,5,1155816,80752
71,0.8,1,1172328,61232
71,0.8,2,1172328,60200
71,0.8,3,1172328,74968
71,0.8,4,1172328,85008
71,0.8,5,1172328,59832
72,0.8,1,1188840,66640
72,0.8,2,1188840,72328
72,0.8,3,1188840,64656
72,0.8,4,1188840,61824
72,0.8,5,1188840,61248
73,0.8,1,1205352,68696
73,0.8,2,1205352,89672
73,0.8,3,1205352,68448
73,0.8,4,1205352,64536
73,0.8,5,1205352,61664
74,0.8,1,1221864,68792
74,0.8,2,1221864,52008
74,0.8,3,1221864,60096
74,0.8,4,1221864,89616
74,0.8,5,1221864,80824
75,0.8,1,1238376,77000
75,0.8,2,1238376,67120
75,0.8,3,1238376,57264
75,0.8,4,1238376,67752
75,0.8,5,1238376,62608
76,0.8,1,1254888,58448
76,0.8,2,1254888,86832
76,0.8,3,1254888,72384
76,0.8,4,1254888,78688
76,0.8,5,1254888,64592
77,0.8,1,1271400,72832
77,0.8,2,1271400,94392
77,0.8,3,1271400,98424
77,0.8,4,1271400,78712
77,0.8,5,1271400,70936
78,0.8,1,1287912,82024
78,0.8,2,1287912,61456
78,0.8,3,1287912,94464
78,0.8,4,1287912,92272
78,0.8,5,1287912,63384
79,0.8,1,1304424,72128
79,0.8,2,1304424,71552
79,0.8,3,1304424,69368
79,0.8,4,1304424,58920
79,0.8,5,1304424,81096
80,0.8,1,1320936,86392
80,0.8,2,1320936,64376
80,0.8,3,1320936,74920
80,0.8,4,1320936,69776
80,0.8,5,1320936,85760
81,0.8,1,1337448,92072
81,0.8,2,1337448,66248
81,0.8,3,1337448,80248
81,0.8,4,1337448,73000
81,0.8,5,1337448,91952
82,0.8,1,1353960,98736
82,0.8,2,1353960,76824
82,0.8,3,1353960,90168
82,0.8,4,1353960,71352
82,0.8,5,1353960,85600
83,0.8,1,1370472,77512
83,0.8,2,1370472,80224
83,0.8,3,1370472,93704
83,0.8,4,1370472,54584
83,0.8,5,1370472,74992
84,0.8,1,1386984,87992
84,0.8,2,1386984,81112
84,0.8,3,1386984,79288
84,0.8,4,1386984,98080
84,0.8,5,1386984,109344
85,0.8,1,1403496,88800
85,0.8,2,1403496,91520
85,0.8,3,1403496,60496
85,0.8,4,1403496,127048
85,0.8,5,1403496,65752
86,0.8,1,1420008,81320
86,0.8,2,1420008,99832
86,0.8,3,1420008,108800
86,0.8,4,1420008,106536
86,0.8,5,1420008,71640
87,0.8,1,1436520,87920
87,0.8,2,1436520,113064
87,0.8,3,1436520,90896
87,0.8,4,1436520,94112
87,0.8,5,1436520,96896
88,0.8,1,1453032,96848
88,0.8,2,1453032,91616
88,0.8,3,1453032,87400
88,0.8,4,1453032,80584
88,0.8,5,1453032,115032
89,0.8,1,1469544,62160
89,0.8,2,1469544,85272
89,0.8,3,1469544,87304
89,0.8,4,1469544,99520
89,0.8,5,1469544,90912
90,0.8,1,1486056,95920
90,0.8,2,1486056,97072
90,0.8,3,1486056,92000
90,0.8,4,1486056,111752
90,0.8,5,1486056,104800
91,0.8,1,1502568,99416
91,0.8,2,1502568,105656
91,0.8,3,1502568,82640
91,0.8,4,1502568,83088
91,0.8,5,1502568,86112
92,0.8,1,1519080,79768
92,0.8,2,1519080,96792
92,0.8,3,1519080,95056
92,0.8,4,1519080,84496
92,0.8,5,1519080,105384
93,0.8,1,1535592,87792
93,0.8,2,1535592,95488
93,0.8,3,1535592,95104
93,0.8,4,1535592,81144
93,0.8,5,1535592,102816
94,0.8,1,1552104,90232
94,0.8,2,1552104,103544
94,0.8,3,1552104,89008
94,0.8,4,1552104,102184
94,0.8,5,1552104,93368
95,0.8,1,1568616,102184
95,0.8,2,1568616,103048
95,0.8,3,1568616,104736
95,0.8,4,1568616,81368
95,0.8,5,1568616,101880
96,0.8,1,1585128,108192
96,0.8,2,1585128,155624
96,0.8,3,1585128,94064
96,0.8,4,1585128,92360
96,0.8,5,1585128,98608
97,0.8,1,1601640,101432
97,0.8,2,1601640,101592
97,0.8,3,1601640,97912
97,0.8,4,1601640,100040
97,0.8,5,1601640,106720
98,0.8,1,1618152,111336
98,0.8,2,1618152,78552
98,0.8,3,1618152,99056
98,0.8,4,1618152,95472
98,0.8,5,1618152,76032
99,0.8,1,1634664,99920
99,0.8,2,1634664,89720
99,0.8,3,1634664,95760
99,0.8,4,1634664,105240
99,0.8,5,1634664,131640
100,0.8,1,1651176,93656
100,0.8,2,1651176,102592
100,0.8,3,1651176,94536
100,0.8,4,1651176,112824
100,0.8,5,1651176,104416
1,0.9,1,16488,88
1,0.9,2,16488,88
1,0.9,3,16488,88
1,0.9,4,16488,88
1,0.9,5,16488,88
2,0.9,1,33000,400
2,0.9,2,33000,544
2,0.9,3,33000,6800
2,0.9,4,33000,2040
2,0.9,5,33000,608
3,0.9,1,49512,1016
3,0.9,2,49512,936
3,0.9,3,49512,1024
3,0.9,4,49512,792
3,0.9,5,49512,6840
4,0.9,1,66024,11312
4,0.9,2,66024,1648
4,0.9,3,66024,3288
4,0.9,4,66024,8272
4,0.9,5,66024,1848
5,0.9,1,82536,8160
5,0.9,2,82536,2400
5,0.9,3,82536,2568
5,0.9,4,82536,2272
5,0.9,5,82536,7328
6,0.9,1,99048,5992
6,0.9,2,99048,5104
6,0.9,3,99048,2128
6,0.9,4,99048,18576
6,0.9,5,99048,8208
7,0.9,1,115560,6088
7,0.9,2,115560,8544
7,0.9,3,115560,3360
7,0.9,4,115560,5928
7,0.9,5,115560,2544
8,0.9,1,132072,3528
8,0.9,2,132072,13328
8,0.9,3,132072,8896
8,0.9,4,132072,9816
8,0.9,5,132072,2992
9,0.9,1,148584,11728
9,0.9,2,148584,6504
9,0.9,3,148584,5528
9,0.9,4,148584,7320
9,0.9,5,148584,11544
10,0.9,1,165096,9112
10,0.9,2,165096,14128
10,0.9,3,165096,17696
10,0.9,4,165096,14048
10,0.9,5,165096,10256
11,0.9,1,181608,11984
11,0.9,2,181608,9040
11,0.9,3,181608,8248
11,0.9,4,181608,15944
11,0.9,5,181608,17648
12,0.9,1,198120,12944
12,0.9,2,198120,19064
12,0.9,3,198120,13808
12,0.9,4,198120,12512
12,0.9,5,198120,5720
13,0.9,1,214632,21552
13,0.9,2,214632,5576
13,0.9,3,214632,7136
13,0.9,4,214632,8592
13,0.9,5,214632,20400
14,0.9,1,231144,14840
14,0.9,2,231144,17720
14,0.9,3,231144,10472
14,0.9,4,231144,15600
14,0.9,5,231144,20216
15,0.9,1,247656,17600
15,0.9,2,247656,13608
15,0.9,3,247656,10552
15,0.9,4,247656,16560
15,0.9,5,247656,5904
16,0.9,1,264168,18312
16,0.9,2,264168,13280
16,0.9,3,264168,17688
16,0.9,4,264168,16248
16,0.9,5,264168,11768
17,0.9,1,280680,10368
17,0.9,2,280680,16024
17,0.9,3,280680,19632
17,0.9,4,280680,18048
17,0.9,5,280680,12488
18,0.9,1,297192,21496
18,0.9,2,297192,20272
18,0.9,3,297192,19960
18,0.9,4,297192,16464
18,0.9,5,297192,18456
19,0.9,1,313704,16200
19,0.9,2,313704,23480
19,0.9,3,313704,15488
19,0.9,4,313704,17488
19,0.9,5,313704,20856
20,0.9,1,330216,17080
20,0.9,2,330216,12552
20,0.9,3,330216,29112
20,0.9,4,330216,21336
20,0.9,5,330216,13800
21,0.9,1,346728,16344
21,0.9,2,346728,15768
21,0.9,3,346728,16360
21,0.9,4,346728,17328
21,0.9,5,346728,25336
22,0.9,1,363240,23528
22,0.9,2,363240,11112
22,0.9,3,363240,26144
22,0.9,4,363240,24696
22,0.9,5,363240,22960
23,0.9,1,379752,27824
23,0.9,2,379752,27304
23,0.9,3,379752,34920
23,0.9,4,379752,21600
23,0.9,5,379752,27048
24,0.9,1,396264,27136
24,0.9,2,396264,10624
24,0.9,3,396264,27712
24,0.9,4,396264,23216
24,0.9,5,396264,33584
25,0.9,1,412776,16408
25,0.9,2,412776,34064
25,0.9,3,412776,29536
25,0.9,4,412776,24992
25,0.9,5,412776,17040
26,0.9,1,429288,19632
26,0.9,2,429288,45896
26,0.9,3,429288,25056
26,0.9,4,429288,28904
26,0.9,5,429288,19184
27,0.9,1,445800,34832
27,0.9,2,445800,35864
27,0.9,3,445800,20920
27,0.9,4,445800,30112
27,0.9,5,445800,27712
28,0.9,1,462312,31504
28,0.9,2,462312,24152
28,0.9,3,462312,28864
28,0.9,4,462312,22728
28,0.9,5,462312,21704
29,0.9,1,478824,33224
29,0.9,2,478824,28592
29,0.9,3,478824,29808
29,0.9,4,478824,22664
29,0.9,5,478824,34704
30,0.9,1,495336,28136
30,0.9,2,495336,26648
30,0.9,3,495336,23120
30,0.9,4,495336,24304
30,0.9,5,495336,35784
31,0.9,1,511848,34408
31,0.9,2,511848,43136
31,0.9,3,511848,47224
31,0.9,4,511848,21864
31,0.9,5,511848,29432
32,0.9,1,528360,48512
32,0.9,2,528360,29192
32,0.9,3,528360,28200
32,0.9,4,528360,36208
32,0.9,5,528360,17928
33,0.9,1,544872,49048
33,0.9,2,544872,38928
33,0.9,3,544872,34272
33,0.9,4,544872,38384
33,0.9,5,544872,38832
34,0.9,1,561384,42008
34,0.9,2,561384,39552
34,0.9,3,561384,29240
34,0.9,4,561384,19816
34,0.9,5,561384,31456
35,0.9,1,577896,48824
35,0.9,2,577896,40672
35,0.9,3,577896,36496
35,0.9,4,577896,63352
35,0.9,5,577896,31616
36,0.9,1,594408,39192
36,0.9,2,594408,37544
36,0.9,3,594408,51176
36,0.9,4,594408,49536
36,0.9,5,594408,27416
37,0.9,1,610920,34976
37,0.9,2,610920,20304
37,0.9,3,610920,35648
37,0.9,4,610920,34080
37,0.9,5,610920,42600
38,0.9,1,627432,36872
38,0.9,2,627432,43488
38,0.9,3,627432,40848
38,0.9,4,627432,37176
38,0.9,5,627432,33488
39,0.9,1,643944,41424
39,0.9,2,643944,35176
39,0.9,3,643944,39976
39,0.9,4,643944,48872
39,0.9,5,643944,39496
40,0.9,1,660456,46072
40,0.9,2,660456,36200
40,0.9,3,660456,36680
40,0.9,4,660456,50792
40,0.9,5,660456,32936
41,0.9,1,676968,35296
41,0.9,2,676968,39248
41,0.9,3,676968,36960
41,0.9,4,676968,44696
41,0.9,5,676968,49584
42,0.9,1,693480,47960
42,0.9,2,693480,58928
42,0.9,3,693480,37328
42,0.9,4,693480,34232
42,0.9,5,693480,47448
43,0.9,1,709992,27816
43,0.9,2,709992,46528
43,0.9,3,709992,50384
43,0.9,4,709992,43832
43,0.9,5,709992,36912
44,0.9,1,726504,41688
44,0.9,2,726504,37248
44,0.9,3,726504,40984
44,0.9,4,726504,39192
44,0.9,5,726504,51312
45,0.9,1,743016,41376
45,0.9,2,743016,38232
45,0.9,3,743016,49384
45,0.9,4,743016,47128
45,0.9,5,743016,35120
46,0.9,1,759528,44904
46,0.9,2,759528,66384
46,0.9,3,759528,40192
46,0.9,4,759528,60600
46,0.9,5,759528,38696
47,0.9,1,776040,40704
47,0.9,2,776040,43112
47,0.9,3,776040,53720
47,0.9,4,776040,41136
47,0.9,5,776040,42456
48,0.9,1,792552,54912
48,0.9,2,792552,45880
48,0.9,3,792552,52864
48,0.9,4,792552,42440
48,0.9,5,792552,53000
49,0.9,1,809064,54512
49,0.9,2,809064,56712
49,0.9,3,809064,43264
49,0.9,4,809064,46112
49,0.9,5,809064,46048
50,0.9,1,825576,60000
50,0.9,2,825576,56416
50,0.9,3,825576,53088
50,0.9,4,825576,52568
50,0.9,5,825576,42256
51,0.9,1,842088,51264
51,0.9,2,842088,35672
51,0.9,3,842088,50152
51,0.9,4,842088,55752
51,0.9,5,842088,76320
52,0.9,1,858600,58608
52,0.9,2,858600,50344
52,0.9,3,858600,38616
52,0.9,4,858600,53400
52,0.9,5,858600,54880
53,0.9,1,875112,55152
53,0.9,2,875112,58472
53,0.9,3,875112,79120
53,0.9,4,875112,67952
53,0.9,5,875112,67776
54,0.9,1,891624,64576
54,0.9,2,891624,66176
54,0.9,3,891624,75792
54,0.9,4,891624,39408
54,0.9,5,891624,52368
55,0.9,1,908136,45632
55,0.9,2,908136,70736
55,0.9,3,908136,51432
55,0.9,4,908136,73264
55,0.9,5,908136,46560
56,0.9,1,924648,60144
56,0.9,2,924648,44048
56,0.9,3,924648,55952
56,0.9,4,924648,68400
56,0.9,5,924648,39264
57,0.9,1,941160,38800
57,0.9,2,941160,33440
57,0.9,3,941160,46160
57,0.9,4,941160,62912
57,0.9,5,941160,52848
58,0.9,1,957672,48448
58,0.9,2,957672,51000
58,0.9,3,957672,68656
58,0.9,4,957672,52960
58,0.9,5,957672,60696
59,0.9,1,974184,64128
59,0.9,2,974184,65648
59,0.9,3,974184,60736
59,0.9,4,974184,59992
59,0.9,5,974184,52416
60,0.9,1,990696,64240
60,0.9,2,990696,56400
60,0.9,3,990696,61840
60,0.9,4,990696,54384
60,0.9,5,990696,71904
61,0.9,1,1007208,49720
61,0.9,2,1007208,65648
61,0.9,3,1007208,60408
61,0.9,4,1007208,52832
61,0.9,5,1007208,53728
62,0.9,1,1023720,83648
62,0.9,2,1023720,54096
62,0.9,3,1023720,80472
62,0.9,4,1023720,61896
62,0.9,5,1023720,56312
63,0.9,1,1040232,61368
63,0.9,2,1040232,72296
63,0.9,3,1040232,58760
63,0.9,4,1040232,70080
63,0.9,5,1040232,54136
64,0.9,1,1056744,77536
64,0.9,2,1056744,60384
64,0.9,3,1056744,60768
64,0.9,4,1056744,82120
64,0.9,5,1056744,65304
65,0.9,1,1073256,61240
65,0.9,2,1073256,64408
65,0.9,3,1073256,74864
65,0.9,4,1073256,56080
65,0.9,5,1073256,59944
66,0.9,1,1089768,60536
66,0.9,2,1089768,64592
66,0.9,3,1089768,74016
66,0.9,4,1089768,45648
66,0.9,5,1089768,60000
67,0.9,1,1106280,76608
67,0.9,2,1106280,78968
67,0.9,3,1106280,64616
67,0.9,4,1106280,71552
67,0.9,5,1106280,58264
68,0.9,1,1122792,65248
68,0.9,2,1122792,77472
68,0.9,3,1122792,101128
68,0.9,4,1122792,55392
68,0.9,5,1122792,73832
69,0.9,1,1139304,58152
69,0.9,2,1139304,50152
69,0.9,3,1139304,68672
69,0.9,4,1139304,69512
69,0.9,5,1139304,91944
70,0.9,1,1155816,77296
70,0.9,2,1155816,74856
70,0.9,3,1155816,87456
70,0.9,4,1155816,53832
70,0.9,5,1155816,73560
71,0.9,1,1172328,68808
71,0.9,2,1172328,77184
71,0.9,3,1172328,70848
71,0.9,4,1172328,73608
71,0.9,5,1172328,63624
72,0.9,1,1188840,64352
72,0.9,2,1188840,69624
72,0.9,3,1188840,60408
72,0.9,4,1188840,75424
72,0.9,5,1188840,84304
73,0.9,1,1205352,72688
73,0.9,2,1205352,70232
73,0.9,3,1205352,72584
73,0.9,4,1205352,93800
73,0.9,5,1205352,78296
74,0.9,1,1221864,79392
74,0.9,2,1221864,75272
74,0.9,3,1221864,81696
74,0.9,4,1221864,63608
74,0.9,5,1221864,78344
75,0.9,1,1238376,64208
75,0.9,2,1238376,103432
75,0.9,3,1238376,82480
75,0.9,4,1238376,74072
75,0.9,5,1238376,76464
76,0.9,1,1254888,63880
76,0.9,2,1254888,101344
76,0.9,3,1254888,89472
76,0.9,4,1254888,80936
76,0.9,5,1254888,82360
77,0.9,1,1271400,61488
77,0.9,2,1271400,72752
77,0.9,3,1271400,72632
77,0.9,4,1271400,65488
77,0.9,5,1271400,82144
78,0.9,1,1287912,86720
78,0.9,2,1287912,93728
78,0.9,3,1287912,58080
78,0.9,4,1287912,72992
78,0.9,5,1287912,79752
79,0.9,1,1304424,87568
79,0.9,2,1304424,78064
79,0.9,3,1304424,75976
79,0.9,4,1304424,92424
79,0.9,5,1304424,76224
80,0.9,1,1320936,79320
80,0.9,2,1320936,65864
80,0.9,3,1320936,87368
80,0.9,4,1320936,82680
80,0.9,5,1320936,85680
81,0.9,1,1337448,96104
81,0.9,2,1337448,79600
81,0.9,3,1337448,89304
81,0.9,4,1337448,92544
81,0.9,5,1337448,74856
82,0.9,1,1353960,75624
82,0.9,2,1353960,91016
82,0.9,3,1353960,78304
82,0.9,4,1353960,83328
82,0.9,5,1353960,72448
83,0.9,1,1370472,96760
83,0.9,2,1370472,105288
83,0.9,3,1370472,83504
83,0.9,4,1370472,78344
83,0.9,5,1370472,88216
84,0.9,1,1386984,90136
84,0.9,2,1386984,69320
84,0.9,3,1386984,77928
84,0.9,4,1386984,89632
84,0.9,5,1386984,76504
85,0.9,1,1403496,81776
85,0.9,2,1403496,83600
85,0.9,3,1403496,96712
85,0.9,4,1403496,71224
85,0.9,5,1403496,86784
86,0.9,1,1420008,73128
86,0.9,2,1420008,103864
86,0.9,3,1420008,82224
86,0.9,4,1420008,86168
86,0.9,5,1420008,84992
87,0.9,1,1436520,82688
87,0.9,2,1436520,106152
87,0.9,3,1436520,92432
87,0.9,4,1436520,100328
87,0.9,5,1436520,93640
88,0.9,1,1453032,64144
88,0.9,2,1453032,82744
88,0.9,3,1453032,140424
88,0.9,4,1453032,101848
88,0.9,5,1453032,95928
89,0.9,1,1469544,108528
89,0.9,2,1469544,81752
89,0.9,3,1469544,99864
89,0.9,4,1469544,66192
89,0.9,5,1469544,103464
90,0.9,1,1486056,89592
90,0.9,2,1486056,92048
90,0.9,3,1486056,100512
90,0.9,4,1486056,108896
90,0.9,5,1486056,88432
91,0.9,1,1502568,82280
91,0.9,2,1502568,88464
91,0.9,3,1502568,94824
91,0.9,4,1502568,121656
91,0.9,5,1502568,103032
92,0.9,1,1519080,94136
92,0.9,2,1519080,81168
92,0.9,3,1519080,83248
92,0.9,4,1519080,94536
92,0.9,5,1519080,112304
93,0.9,1,1535592,108800
93,0.9,2,1535592,96472
93,0.9,3,1535592,105152
93,0.9,4,1535592,74464
93,0.9,5,1535592,102904
94,0.9,1,1552104,98872
94,0.9,2,1552104,97296
94,0.9,3,1552104,83824
94,0.9,4,1552104,119496
94,0.9,5,1552104,97464
95,0.9,1,1568616,91736
95,0.9,2,1568616,119504
95,0.9,3,1568616,93560
95,0.9,4,1568616,67792
95,0.9,5,1568616,105400
96,0.9,1,1585128,88368
96,0.9,2,1585128,75224
96,0.9,3,1585128,86752
96,0.9,4,1585128,88312
96,0.9,5,1585128,90824
97,0.9,1,1601640,85664
97,0.9,2,1601640,110560
97,0.9,3,1601640,72560
97,0.9,4,1601640,128208
97,0.9,5,1601640,101800
98,0.9,1,1618152,100656
98,0.9,2,1618152,122808
98,0.9,3,1618152,87104
98,0.9,4,1618152,113632
98,0.9,5,1618152,99400
99,0.9,1,1634664,94048
99,0.9,2,1634664,78568
99,0.9,3,1634664,136144
99,0.9,4,1634664,124024
99,0.9,5,1634664,103168
100,0.9,1,1651176,77104
100,0.9,2,1651176,116208
100,0.9,3,1651176,111696
100,0.9,4,1651176,99624
100,0.9,5,1651176,88032
1,1.0,1,16488,88
1,1.0,2,16488,88
1,1.0,3,16488,88
1,1.0,4,16488,88
1,1.0,5,16488,88
2,1.0,1,33000,520
2,1.0,2,33000,624
2,1.0,3,33000,600
2,1.0,4,33000,944
2,1.0,5,33000,560
3,1.0,1,49512,976
3,1.0,2,49512,1512
3,1.0,3,49512,1368
3,1.0,4,49512,1040
3,1.0,5,49512,1352
4,1.0,1,66024,1544
4,1.0,2,66024,2816
4,1.0,3,66024,1312
4,1.0,4,66024,1888
4,1.0,5,66024,2120
5,1.0,1,82536,2264
5,1.0,2,82536,5288
5,1.0,3,82536,8288
5,1.0,4,82536,7848
5,1.0,5,82536,6016
6,1.0,1,99048,2816
6,1.0,2,99048,2528
6,1.0,3,99048,3296
6,1.0,4,99048,6984
6,1.0,5,99048,10544
7,1.0,1,115560,4872
7,1.0,2,115560,4408
7,1.0,3,115560,4328
7,1.0,4,115560,8920
7,1.0,5,115560,11792
8,1.0,1,132072,3768
8,1.0,2,132072,5048
8,1.0,3,132072,11968
8,1.0,4,132072,5256
8,1.0,5,132072,3408
9,1.0,1,148584,3264
9,1.0,2,148584,7032
9,1.0,3,148584,5376
9,1.0,4,148584,17016
9,1.0,5,148584,4064
10,1.0,1,165096,19336
10,1.0,2,165096,10856
10,1.0,3,165096,9592
10,1.0,4,165096,3984
10,1.0,5,165096,6024
11,1.0,1,181608,17056
11,1.0,2,181608,10264
11,1.0,3,181608,11704
11,1.0,4,181608,12392
11,1.0,5,181608,18120
12,1.0,1,198120,11384
12,1.0,2,198120,15536
12,1.0,3,198120,23152
12,1.0,4,198120,16352
12,1.0,5,198120,5016
13,1.0,1,214632,7320
13,1.0,2,214632,12440
13,1.0,3,214632,13616
13,1.0,4,214632,20088
13,1.0,5,214632,11200
14,1.0,1,231144,16056
14,1.0,2,231144,11368
14,1.0,3,231144,12648
14,1.0,4,231144,17312
14,1.0,5,231144,14224
15,1.0,1,247656,14752
15,1.0,2,247656,12456
15,1.0,3,247656,19176
15,1.0,4,247656,7112
15,1.0,5,247656,10376
16,1.0,1,264168,13800
16,1.0,2,264168,10808
16,1.0,3,264168,22608
16,1.0,4,264168,14736
16,1.0,5,264168,16616
17,1.0,1,280680,13888
17,1.0,2,280680,9712
17,1.0,3,280680,22720
17,1.0,4,280680,26544
17,1.0,5,280680,13800
18,1.0,1,297192,12504
18,1.0,2,297192,15464
18,1.0,3,297192,15664
18,1.0,4,297192,25632
18,1.0,5,297192,9256
19,1.0,1,313704,18072
19,1.0,2,313704,32456
19,1.0,3,313704,9064
19,1.0,4,313704,25848
19,1.0,5,313704,23768
20,1.0,1,330216,16744
20,1.0,2,330216,27168
20,1.0,3,330216,31840
20,1.0,4,330216,22472
20,1.0,5,330216,25648
21,1.0,1,346728,23592
21,1.0,2,346728,29064
21,1.0,3,346728,19792
21,1.0,4,346728,20712
21,1.0,5,346728,15504
22,1.0,1,363240,29144
22,1.0,2,363240,23368
22,1.0,3,363240,15096
22,1.0,4,363240,25872
22,1.0,5,363240,20848
23,1.0,1,379752,19016
23,1.0,2,379752,28872
23,1.0,3,379752,19288
23,1.0,4,379752,21408
23,1.0,5,379752,31280
24,1.0,1,396264,22912
24,1.0,2,396264,22856
24,1.0,3,396264,18584
24,1.0,4,396264,21456
24,1.0,5,396264,31952
25,1.0,1,412776,21264
25,1.0,2,412776,19688
25,1.0,3,412776,28128
25,1.0,4,412776,17696
25,1.0,5,412776,28704
26,1.0,1,429288,34544
26,1.0,2,429288,15432
26,1.0,3,429288,19608
26,1.0,4,429288,29032
26,1.0,5,429288,24024
27,1.0,1,445800,16952
27,1.0,2,445800,29240
27,1.0,3,445800,25856
27,1.0,4,445800,33264
27,1.0,5,445800,38816
28,1.0,1,462312,21448
28,1.0,2,462312,38824
28,1.0,3,462312,20240
28,1.0,4,462312,32288
28,1.0,5,462312,36432
29,1.0,1,478824,18808
29,1.0,2,478824,31920
29,1.0,3,478824,34480
29,1.0,4,478824,18088
29,1.0,5,478824,19360
30,1.0,1,495336,36328
30,1.0,2,495336,28384
30,1.0,3,495336,27048
30,1.0,4,495336,33984
30,1.0,5,495336,28288
31,1.0,1,511848,23632
31,1.0,2,511848,24280
31,1.0,3,511848,25720
31,1.0,4,511848,18432
31,1.0,5,511848,24224
32,1.0,1,528360,51032
32,1.0,2,528360,26184
32,1.0,3,528360,26752
32,1.0,4,528360,35680
32,1.0,5,528360,22040
33,1.0,1,544872,35752
33,1.0,2,544872,36488
33,1.0,3,544872,37376
33,1.0,4,544872,35928
33,1.0,5,544872,37232
34,1.0,1,561384,38072
34,1.0,2,561384,23496
34,1.0,3,561384,37512
34,1.0,4,561384,45504
34,1.0,5,561384,45296
35,1.0,1,577896,37176
35,1.0,2,577896,43984
35,1.0,3,577896,31064
35,1.0,4,577896,34256
35,1.0,5,577896,42912
36,1.0,1,594408,53176
36,1.0,2,594408,24400
36,1.0,3,594408,36608
36,1.0,4,594408,24392
36,1.0,5,594408,39784
37,1.0,1,610920,44816
37,1.0,2,610920,35480
37,1.0,3,610920,31128
37,1.0,4,610920,34976
37,1.0,5,610920,28248
38,1.0,1,627432,40480
38,1.0,2,627432,52112
38,1.0,3,627432,38056
38,1.0,4,627432,41344
38,1.0,5,627432,33448
39,1.0,1,643944,48856
39,1.0,2,643944,48152
39,1.0,3,643944,49808
39,1.0,4,643944,30896
39,1.0,5,643944,40448
40,1.0,1,660456,44480
40,1.0,2,660456,44728
40,1.0,3,660456,46216
40,1.0,4,660456,37672
40,1.0,5,660456,41512
41,1.0,1,676968,52040
41,1.0,2,676968,29920
41,1.0,3,676968,33032
41,1.0,4,676968,50592
41,1.0,5,676968,25296
42,1.0,1,693480,67344
42,1.0,2,693480,53768
42,1.0,3,693480,38344
42,1.0,4,693480,37160
42,1.0,5,693480,59088
43,1.0,1,709992,45536
43,1.0,2,709992,31912
43,1.0,3,709992,35992
43,1.0,4,709992,38832
43,1.0,5,709992,55224
44,1.0,1,726504,41368
44,1.0,2,726504,46368
44,1.0,3,726504,48872
44,1.0,4,726504,32520
44,1.0,5,726504,59496
45,1.0,1,743016,49176
45,1.0,2,743016,50088
45,1.0,3,743016,36032
45,1.0,4,743016,60256
45,1.0,5,743016,49760
46,1.0,1,759528,46360
46,1.0,2,759528,39704
46,1.0,3,759528,28592
46,1.0,4,759528,54376
46,1.0,5,759528,56936
47,1.0,1,776040,43112
47,1.0,2,776040,60568
47,1.0,3,776040,43928
47,1.0,4,776040,47088
47,1.0,5,776040,50032
48,1.0,1,792552,41128
48,1.0,2,792552,39224
48,1.0,3,792552,44688
48,1.0,4,792552,38400
48,1.0,5,792552,51000
49,1.0,1,809064,59392
49,1.0,2,809064,41256
49,1.0,3,809064,44872
49,1.0,4,809064,50656
49,1.0,5,809064,63704
50,1.0,1,825576,49480
50,1.0,2,825576,46560
50,1.0,3,825576,42576
50,1.0,4,825576,47344
50,1.0,5,825576,58520
51,1.0,1,842088,58272
51,1.0,2,842088,44304
51,1.0,3,842088,52520
51,1.0,4,842088,50696
51,1.0,5,842088,62128
52,1.0,1,858600,60136
52,1.0,2,858600,64920
52,1.0,3,858600,32672
52,1.0,4,858600,42880
52,1.0,5,858600,52776
53,1.0,1,875112,45376
53,1.0,2,875112,57912
53,1.0,3,875112,65096
53,1.0,4,875112,53624
53,1.0,5,875112,56000
54,1.0,1,891624,52104
54,1.0,2,891624,69240
54,1.0,3,891624,52472
54,1.0,4,891624,67368
54,1.0,5,891624,36024
55,1.0,1,908136,53152
55,1.0,2,908136,70440
55,1.0,3,908136,37456
55,1.0,4,908136,59432
55,1.0,5,908136,44816
56,1.0,1,924648,50704
56,1.0,2,924648,39888
56,1.0,3,924648,50344
56,1.0,4,924648,59584
56,1.0,5,924648,63344
57,1.0,1,941160,80856
57,1.0,2,941160,61320
57,1.0,3,941160,74824
57,1.0,4,941160,52056
57,1.0,5,941160,35016
58,1.0,1,957672,63928
58,1.0,2,957672,39128
58,1.0,3,957672,67448
58,1.0,4,957672,61560
58,1.0,5,957672,65984
59,1.0,1,974184,47360
59,1.0,2,974184,96240
59,1.0,3,974184,77120
59,1.0,4,974184,66424
59,1.0,5,974184,57232
60,1.0,1,990696,41912
60,1.0,2,990696,56432
60,1.0,3,990696,49096
60,1.0,4,990696,61136
60,1.0,5,990696,63680
61,1.0,1,1007208,60600
61,1.0,2,1007208,65288
61,1.0,3,1007208,53576
61,1.0,4,1007208,76784
61,1.0,5,1007208,55448
62,1.0,1,1023720,72504
62,1.0,2,1023720,66528
62,1.0,3,1023720,82928
62,1.0,4,1023720,59960
62,1.0,5,1023720,54088
63,1.0,1,1040232,47768
63,1.0,2,1040232,57544
63,1.0,3,1040232,49048
63,1.0,4,1040232,52880
63,1.0,5,1040232,48544
64,1.0,1,1056744,54424
64,1.0,2,1056744,65528
64,1.0,3,1056744,59192
64,1.0,4,1056744,55832
64,1.0,5,1056744,62400
65,1.0,1,1073256,59216
65,1.0,2,1073256,66144
65,1.0,3,1073256,65144
65,1.0,4,1073256,56648
65,1.0,5,1073256,56592
66,1.0,1,1089768,58400
66,1.0,2,1089768,50864
66,1.0,3,1089768,58088
66,1.0,4,1089768,56608
66,1.0,5,1089768,80920
67,1.0,1,1106280,57144
67,1.0,2,1106280,81584
67,1.0,3,1106280,81984
67,1.0,4,1106280,69880
67,1.0,5,1106280,67600
68,1.0,1,1122792,66064
68,1.0,2,1122792,53632
68,1.0,3,1122792,57112
68,1.0,4,1122792,73936
68,1.0,5,1122792,91592
69,1.0,1,1139304,57392
69,1.0,2,1139304,69920
69,1.0,3,1139304,67928
69,1.0,4,1139304,86616
69,1.0,5,1139304,66272
70,1.0,1,1155816,69072
70,1.0,2,1155816,83000
70,1.0,3,1155816,70176
70,1.0,4,1155816,75592
70,1.0,5,1155816,69920
71,1.0,1,1172328,82472
71,1.0,2,1172328,65592
71,1.0,3,1172328,57152
71,1.0,4,1172328,76016
71,1.0,5,1172328,74264
72,1.0,1,1188840,70264
72,1.0,2,1188840,67168
72,1.0,3,1188840,80312
72,1.0,4,1188840,73696
72,1.0,5,1188840,62504
73,1.0,1,1205352,77544
73,1.0,2,1205352,78944
73,1.0,3,1205352,78840
73,1.0,4,1205352,97808
73,1.0,5,1205352,71312
74,1.0,1,1221864,59696
74,1.0,2,1221864,66768
74,1.0,3,1221864,64472
74,1.0,4,1221864,73224
74,1.0,5,1221864,68824
75,1.0,1,1238376,70744
75,1.0,2,1238376,61352
75,1.0,3,1238376,86688
75,1.0,4,1238376,63880
75,1.0,5,1238376,67048
76,1.0,1,1254888,81848
76,1.0,2,1254888,80136
76,1.0,3,1254888,81552
76,1.0,4,1254888,88776
76,1.0,5,1254888,85896
77,1.0,1,1271400,94472
77,1.0,2,1271400,55880
77,1.0,3,1271400,62776
77,1.0,4,1271400,57960
77,1.0,5,1271400,116992
78,1.0,1,1287912,62672
78,1.0,2,1287912,101936
78,1.0,3,1287912,66232
78,1.0,4,1287912,81376
78,1.0,5,1287912,84232
79,1.0,1,1304424,99344
79,1.0,2,1304424,57040
79,1.0,3,1304424,59192
79,1.0,4,1304424,89872
79,1.0,5,1304424,79616
80,1.0,1,1320936,70672
80,1.0,2,1320936,73816
80,1.0,3,1320936,87128
80,1.0,4,1320936,90784
80,1.0,5,1320936,91440
81,1.0,1,1337448,100576
81,1.0,2,1337448,62928
81,1.0,3,1337448,64832
81,1.0,4,1337448,89576
81,1.0,5,1337448,108504
82,1.0,1,1353960,81232
82,1.0,2,1353960,65872
82,1.0,3,1353960,84504
82,1.0,4,1353960,72120
82,1.0,5,1353960,94752
83,1.0,1,1370472,84696
83,1.0,2,1370472,85416
83,1.0,3,1370472,89000
83,1.0,4,1370472,75960
83,1.0,5,1370472,75464
84,1.0,1,1386984,63984
84,1.0,2,1386984,83832
84,1.0,3,1386984,94120
84,1.0,4,1386984,104968
84,1.0,5,1386984,69920
85,1.0,1,1403496,111704
85,1.0,2,1403496,91504
85,1.0,3,1403496,91976
85,1.0,4,1403496,74664
85,1.0,5,1403496,81616
86,1.0,1,1420008,73232
86,1.0,2,1420008,84440
86,1.0,3,1420008,86112
86,1.0,4,1420008,69360
86,1.0,5,1420008,62768
87,1.0,1,1436520,77872
87,1.0,2,1436520,76336
87,1.0,3,1436520,93632
87,1.0,4,1436520,93136
87,1.0,5,1436520,84472
88,1.0,1,1453032,93376
88,1.0,2,1453032,106096
88,1.0,3,1453032,96728
88,1.0,4,1453032,74112
88,1.0,5,1453032,91256
89,1.0,1,1469544,77720
89,1.0,2,1469544,130808
89,1.0,3,1469544,88064
89,1.0,4,1469544,92056
89,1.0,5,1469544,100472
90,1.0,1,1486056,104136
90,1.0,2,1486056,107112
90,1.0,3,1486056,93536
90,1.0,4,1486056,107392
90,1.0,5,1486056,76008
91,1.0,1,1502568,100816
91,1.0,2,1502568,90336
91,1.0,3,1502568,80128
91,1.0,4,1502568,91712
91,1.0,5,1502568,78672
92,1.0,1,1519080,77744
92,1.0,2,1519080,90728
92,1.0,3,1519080,88328
92,1.0,4,1519080,117168
92,1.0,5,1519080,81360
93,1.0,1,1535592,106352
93,1.0,2,1535592,114944
93,1.0,3,1535592,83248
93,1.0,4,1535592,74232
93,1.0,5,1535592,115144
94,1.0,1,1552104,89312
94,1.0,2,1552104,88760
94,1.0,3,1552104,104360
94,1.0,4,1552104,94280
94,1.0,5,1552104,111040
95,1.0,1,1568616,90624
95,1.0,2,1568616,84712
95,1.0,3,1568616,94624
95,1.0,4,1568616,79648
95,1.0,5,1568616,97016
96,1.0,1,1585128,113984
96,1.0,2,1585128,85160
96,1.0,3,1585128,109592
96,1.0,4,1585128,102240
96,1.0,5,1585128,77528
97,1.0,1,1601640,96016
97,1.0,2,1601640,108000
97,1.0,3,1601640,96216
97,1.0,4,1601640,105048
97,1.0,5,1601640,105256
98,1.0,1,1618152,86256
98,1.0,2,1618152,112136
98,1.0,3,1618152,87960
98,1.0,4,1618152,85064
98,1.0,5,1618152,111416
99,1.0,1,1634664,85512
99,1.0,2,1634664,80416
99,1.0,3,1634664,96040
99,1.0,4,1634664,114816
99,1.0,5,1634664,81136
100,1.0,1,1651176,113208
100,1.0,2,1651176,108720
100,1.0,3,1651176,131992
100,1.0,4,1651176,99392
100,1.0,5,1651176,127688
