N,P,X,Filesize,Cachesize
1,0.0,1,12288,16
1,0.0,2,12288,16
1,0.0,3,12288,16
1,0.0,4,12288,16
1,0.0,5,12288,16
2,0.0,1,12288,4456
2,0.0,2,12288,4912
2,0.0,3,12288,4816
2,0.0,4,12288,4472
2,0.0,5,12288,4792
3,0.0,1,12288,5216
3,0.0,2,12288,4944
3,0.0,3,12288,4832
3,0.0,4,12288,4936
3,0.0,5,12288,4960
4,0.0,1,12288,6048
4,0.0,2,12288,5416
4,0.0,3,12288,11048
4,0.0,4,12288,5280
4,0.0,5,12288,5504
5,0.0,1,12288,12296
5,0.0,2,12288,6152
5,0.0,3,12288,9032
5,0.0,4,12288,5816
5,0.0,5,12288,5832
6,0.0,1,12288,12096
6,0.0,2,12288,17024
6,0.0,3,12288,14064
6,0.0,4,12288,12096
6,0.0,5,12288,6816
7,0.0,1,12288,10112
7,0.0,2,12288,21064
7,0.0,3,12288,10904
7,0.0,4,12288,6976
7,0.0,5,12288,16096
8,0.0,1,12288,14944
8,0.0,2,12288,14904
8,0.0,3,12288,18200
8,0.0,4,12288,14168
8,0.0,5,12288,7952
9,0.0,1,12288,20912
9,0.0,2,12288,15032
9,0.0,3,12288,21264
9,0.0,4,12288,8304
9,0.0,5,12288,10384
10,0.0,1,12288,12904
10,0.0,2,12288,9408
10,0.0,3,12288,10824
10,0.0,4,12288,15984
10,0.0,5,12288,13048
11,0.0,1,12288,13240
11,0.0,2,12288,12904
11,0.0,3,12288,24696
11,0.0,4,12288,39136
11,0.0,5,12288,9680
12,0.0,1,12288,16112
12,0.0,2,12288,20760
12,0.0,3,12288,14968
12,0.0,4,12288,10424
12,0.0,5,12288,23152
13,0.0,1,12288,25968
13,0.0,2,12288,9952
13,0.0,3,12288,24064
13,0.0,4,12288,14136
13,0.0,5,12288,11384
14,0.0,1,12288,16376
14,0.0,2,12288,24784
14,0.0,3,12288,29936
14,0.0,4,12288,28344
14,0.0,5,12288,9944
15,0.0,1,12288,16160
15,0.0,2,12288,10784
15,0.0,3,12288,26808
15,0.0,4,12288,26520
15,0.0,5,20480,31680
16,0.0,1,20480,29312
16,0.0,2,12288,26536
16,0.0,3,12288,13208
16,0.0,4,12288,15344
16,0.0,5,12288,26280
17,0.0,1,20480,26688
17,0.0,2,12288,20688
17,0.0,3,12288,22872
17,0.0,4,12288,19840
17,0.0,5,20480,36992
18,0.0,1,20480,18504
18,0.0,2,12288,18248
18,0.0,3,12288,17072
18,0.0,4,20480,32040
18,0.0,5,12288,16704
19,0.0,1,12288,13592
19,0.0,2,12288,19408
19,0.0,3,12288,17800
19,0.0,4,12288,24040
19,0.0,5,12288,22456
20,0.0,1,12288,21128
20,0.0,2,20480,21624
20,0.0,3,20480,34064
20,0.0,4,20480,27576
20,0.0,5,12288,16872
21,0.0,1,20480,25784
21,0.0,2,20480,20584
21,0.0,3,20480,35728
21,0.0,4,20480,22312
21,0.0,5,20480,23544
22,0.0,1,20480,25400
22,0.0,2,20480,28728
22,0.0,3,20480,27944
22,0.0,4,12288,14088
22,0.0,5,20480,20384
23,0.0,1,20480,28848
23,0.0,2,20480,21744
23,0.0,3,20480,28088
23,0.0,4,20480,23856
23,0.0,5,20480,29200
24,0.0,1,20480,15952
24,0.0,2,20480,35872
24,0.0,3,20480,23008
24,0.0,4,20480,19608
24,0.0,5,20480,20680
25,0.0,1,20480,28664
25,0.0,2,20480,21096
25,0.0,3,20480,33672
25,0.0,4,12288,15744
25,0.0,5,20480,20808
26,0.0,1,20480,23984
26,0.0,2,20480,17856
26,0.0,3,20480,27840
26,0.0,4,20480,22472
26,0.0,5,20480,24024
27,0.0,1,20480,31784
27,0.0,2,20480,18912
27,0.0,3,20480,35504
27,0.0,4,20480,31104
27,0.0,5,20480,17480
28,0.0,1,20480,35160
28,0.0,2,20480,28648
28,0.0,3,20480,34232
28,0.0,4,20480,28144
28,0.0,5,24576,45720
29,0.0,1,20480,36464
29,0.0,2,20480,23464
29,0.0,3,20480,13416
29,0.0,4,20480,17152
29,0.0,5,20480,35800
30,0.0,1,20480,23728
30,0.0,2,20480,29520
30,0.0,3,20480,23152
30,0.0,4,20480,39088
30,0.0,5,20480,23592
31,0.0,1,20480,29304
31,0.0,2,20480,29952
31,0.0,3,20480,32520
31,0.0,4,20480,24856
31,0.0,5,20480,14272
32,0.0,1,20480,23392
32,0.0,2,20480,29848
32,0.0,3,20480,35744
32,0.0,4,20480,21536
32,0.0,5,20480,30192
33,0.0,1,20480,30232
33,0.0,2,24576,35512
33,0.0,3,20480,25672
33,0.0,4,20480,36744
33,0.0,5,24576,46040
34,0.0,1,24576,31000
34,0.0,2,20480,24624
34,0.0,3,24576,42448
34,0.0,4,20480,42216
34,0.0,5,20480,23296
35,0.0,1,24576,38280
35,0.0,2,20480,26960
35,0.0,3,20480,16016
35,0.0,4,20480,33056
35,0.0,5,24576,30120
36,0.0,1,20480,29664
36,0.0,2,20480,21208
36,0.0,3,20480,22128
36,0.0,4,20480,23152
36,0.0,5,24576,36656
37,0.0,1,20480,27080
37,0.0,2,20480,29696
37,0.0,3,20480,19224
37,0.0,4,24576,37968
37,0.0,5,24576,37792
38,0.0,1,20480,28736
38,0.0,2,20480,22640
38,0.0,3,24576,47504
38,0.0,4,20480,24512
38,0.0,5,24576,38120
39,0.0,1,24576,32192
39,0.0,2,24576,38640
39,0.0,3,24576,24896
39,0.0,4,24576,31936
39,0.0,5,24576,34480
40,0.0,1,24576,25376
40,0.0,2,24576,35624
40,0.0,3,20480,26744
40,0.0,4,24576,44792
40,0.0,5,24576,50560
41,0.0,1,24576,39568
41,0.0,2,24576,38984
41,0.0,3,24576,33536
41,0.0,4,24576,37952
41,0.0,5,24576,60920
42,0.0,1,24576,35496
42,0.0,2,24576,33944
42,0.0,3,24576,21960
42,0.0,4,24576,39864
42,0.0,5,24576,29512
43,0.0,1,24576,31152
43,0.0,2,24576,29632
43,0.0,3,24576,51360
43,0.0,4,24576,30488
43,0.0,5,24576,37304
44,0.0,1,24576,40296
44,0.0,2,24576,38408
44,0.0,3,24576,33320
44,0.0,4,24576,33816
44,0.0,5,24576,40704
45,0.0,1,24576,32752
45,0.0,2,24576,21624
45,0.0,3,24576,31472
45,0.0,4,24576,35272
45,0.0,5,24576,26632
46,0.0,1,24576,30528
46,0.0,2,24576,47944
46,0.0,3,24576,22680
46,0.0,4,24576,34024
46,0.0,5,24576,29808
47,0.0,1,24576,32136
47,0.0,2,24576,27952
47,0.0,3,24576,31176
47,0.0,4,24576,40560
47,0.0,5,24576,39568
48,0.0,1,24576,38568
48,0.0,2,28672,51640
48,0.0,3,24576,28232
48,0.0,4,24576,27864
48,0.0,5,28672,42488
49,0.0,1,24576,40632
49,0.0,2,28672,49952
49,0.0,3,24576,36944
49,0.0,4,24576,41096
49,0.0,5,24576,41192
50,0.0,1,28672,47672
50,0.0,2,28672,52808
50,0.0,3,24576,32952
50,0.0,4,24576,30560
50,0.0,5,24576,40704
51,0.0,1,24576,33168
51,0.0,2,24576,28208
51,0.0,3,28672,44544
51,0.0,4,28672,44808
51,0.0,5,24576,31088
52,0.0,1,24576,42960
52,0.0,2,24576,35912
52,0.0,3,24576,51240
52,0.0,4,24576,30440
52,0.0,5,24576,45168
53,0.0,1,28672,48608
53,0.0,2,24576,36224
53,0.0,3,24576,39056
53,0.0,4,28672,39808
53,0.0,5,28672,49216
54,0.0,1,28672,37920
54,0.0,2,24576,23504
54,0.0,3,24576,49096
54,0.0,4,28672,42256
54,0.0,5,24576,33224
55,0.0,1,28672,49888
55,0.0,2,24576,29048
55,0.0,3,28672,36288
55,0.0,4,28672,54352
55,0.0,5,24576,44600
56,0.0,1,28672,32552
56,0.0,2,28672,38624
56,0.0,3,28672,42792
56,0.0,4,28672,46792
56,0.0,5,28672,50808
57,0.0,1,24576,33264
57,0.0,2,28672,51544
57,0.0,3,28672,35016
57,0.0,4,28672,53072
57,0.0,5,28672,48816
58,0.0,1,28672,49552
58,0.0,2,28672,41320
58,0.0,3,28672,45232
58,0.0,4,28672,57416
58,0.0,5,28672,41360
59,0.0,1,28672,53968
59,0.0,2,24576,38752
59,0.0,3,28672,36936
59,0.0,4,24576,31976
59,0.0,5,28672,39824
60,0.0,1,28672,55424
60,0.0,2,28672,46416
60,0.0,3,28672,52008
60,0.0,4,28672,53760
60,0.0,5,28672,36720
61,0.0,1,28672,45568
61,0.0,2,32768,55536
61,0.0,3,28672,41520
61,0.0,4,28672,53136
61,0.0,5,24576,34992
62,0.0,1,28672,49896
62,0.0,2,28672,33576
62,0.0,3,28672,58824
62,0.0,4,28672,40072
62,0.0,5,28672,54272
63,0.0,1,28672,36288
63,0.0,2,32768,44560
63,0.0,3,28672,40368
63,0.0,4,28672,34616
63,0.0,5,28672,35352
64,0.0,1,32768,59024
64,0.0,2,28672,41624
64,0.0,3,28672,33936
64,0.0,4,28672,35592
64,0.0,5,28672,48072
65,0.0,1,28672,43048
65,0.0,2,28672,32296
65,0.0,3,32768,60744
65,0.0,4,32768,48168
65,0.0,5,28672,44520
66,0.0,1,28672,34224
66,0.0,2,28672,39472
66,0.0,3,28672,36288
66,0.0,4,32768,45288
66,0.0,5,28672,44664
67,0.0,1,28672,43688
67,0.0,2,28672,30096
67,0.0,3,32768,50048
67,0.0,4,32768,53672
67,0.0,5,28672,38400
68,0.0,1,28672,33192
68,0.0,2,28672,49624
68,0.0,3,32768,53144
68,0.0,4,32768,51056
68,0.0,5,28672,48144
69,0.0,1,28672,41480
69,0.0,2,32768,53528
69,0.0,3,28672,52480
69,0.0,4,32768,61352
69,0.0,5,28672,40880
70,0.0,1,28672,43640
70,0.0,2,32768,51504
70,0.0,3,28672,45128
70,0.0,4,32768,51040
70,0.0,5,32768,45152
71,0.0,1,32768,40768
71,0.0,2,32768,49768
71,0.0,3,32768,46952
71,0.0,4,28672,40088
71,0.0,5,32768,64800
72,0.0,1,32768,45016
72,0.0,2,32768,51576
72,0.0,3,32768,47016
72,0.0,4,32768,50336
72,0.0,5,28672,38320
73,0.0,1,32768,45448
73,0.0,2,32768,48768
73,0.0,3,32768,47360
73,0.0,4,32768,65328
73,0.0,5,32768,43600
74,0.0,1,28672,38312
74,0.0,2,32768,50848
74,0.0,3,32768,59536
74,0.0,4,32768,49936
74,0.0,5,32768,55608
75,0.0,1,32768,59568
75,0.0,2,36864,64424
75,0.0,3,32768,51992
75,0.0,4,32768,56480
75,0.0,5,32768,50856
76,0.0,1,36864,59152
76,0.0,2,36864,63264
76,0.0,3,32768,60040
76,0.0,4,32768,52352
76,0.0,5,32768,57888
77,0.0,1,32768,66552
77,0.0,2,32768,47808
77,0.0,3,36864,67440
77,0.0,4,36864,60440
77,0.0,5,28672,30472
78,0.0,1,32768,55312
78,0.0,2,32768,54264
78,0.0,3,32768,40320
78,0.0,4,32768,56264
78,0.0,5,32768,39464
79,0.0,1,32768,65520
79,0.0,2,28672,39488
79,0.0,3,32768,51176
79,0.0,4,32768,51672
79,0.0,5,32768,60736
80,0.0,1,32768,54752
80,0.0,2,36864,50280
80,0.0,3,32768,56760
80,0.0,4,36864,68968
80,0.0,5,32768,67584
81,0.0,1,32768,48360
81,0.0,2,36864,54552
81,0.0,3,32768,48320
81,0.0,4,32768,36800
81,0.0,5,36864,60440
82,0.0,1,36864,59200
82,0.0,2,36864,59976
82,0.0,3,36864,71616
82,0.0,4,32768,59512
82,0.0,5,32768,45528
83,0.0,1,36864,74312
83,0.0,2,36864,86032
83,0.0,3,36864,77024
83,0.0,4,32768,54776
83,0.0,5,36864,55520
84,0.0,1,32768,48072
84,0.0,2,36864,45312
84,0.0,3,32768,66840
84,0.0,4,36864,55848
84,0.0,5,40960,82040
85,0.0,1,36864,54416
85,0.0,2,32768,56648
85,0.0,3,32768,51936
85,0.0,4,32768,46328
85,0.0,5,32768,54624
86,0.0,1,36864,53896
86,0.0,2,36864,59712
86,0.0,3,36864,52392
86,0.0,4,36864,61416
86,0.0,5,40960,75848
87,0.0,1,32768,50312
87,0.0,2,36864,66096
87,0.0,3,36864,53936
87,0.0,4,36864,59320
87,0.0,5,32768,56144
88,0.0,1,36864,60672
88,0.0,2,36864,69552
88,0.0,3,36864,74448
88,0.0,4,32768,31744
88,0.0,5,36864,59104
89,0.0,1,36864,65328
89,0.0,2,32768,54512
89,0.0,3,32768,55248
89,0.0,4,36864,57376
89,0.0,5,36864,56952
90,0.0,1,36864,68968
90,0.0,2,32768,61768
90,0.0,3,32768,50680
90,0.0,4,36864,62080
90,0.0,5,36864,56984
91,0.0,1,36864,63920
91,0.0,2,36864,64376
91,0.0,3,32768,53432
91,0.0,4,36864,77088
91,0.0,5,36864,58840
92,0.0,1,36864,70216
92,0.0,2,36864,67672
92,0.0,3,36864,55704
92,0.0,4,36864,66448
92,0.0,5,36864,59592
93,0.0,1,36864,52872
93,0.0,2,40960,70664
93,0.0,3,36864,47256
93,0.0,4,36864,62832
93,0.0,5,40960,68208
94,0.0,1,36864,72872
94,0.0,2,36864,51192
94,0.0,3,32768,60600
94,0.0,4,36864,51880
94,0.0,5,36864,46312
95,0.0,1,40960,62072
95,0.0,2,36864,60688
95,0.0,3,36864,64792
95,0.0,4,40960,69992
95,0.0,5,36864,63040
96,0.0,1,40960,61992
96,0.0,2,36864,67472
96,0.0,3,36864,43192
96,0.0,4,40960,67192
96,0.0,5,40960,63088
97,0.0,1,36864,63480
97,0.0,2,36864,59040
97,0.0,3,40960,62376
97,0.0,4,40960,70216
97,0.0,5,40960,56328
98,0.0,1,36864,62352
98,0.0,2,40960,94504
98,0.0,3,40960,77184
98,0.0,4,36864,61344
98,0.0,5,40960,66152
99,0.0,1,36864,54280
99,0.0,2,40960,63600
99,0.0,3,36864,57480
99,0.0,4,40960,77840
99,0.0,5,40960,69928
100,0.0,1,36864,34408
100,0.0,2,40960,85416
100,0.0,3,40960,69192
100,0.0,4,36864,73504
100,0.0,5,36864,58552
1,0.1,1,12288,16
1,0.1,2,12288,16
1,0.1,3,12288,16
1,0.1,4,12288,16
1,0.1,5,12288,16
2,0.1,1,12288,4504
2,0.1,2,12288,4768
2,0.1,3,12288,4616
2,0.1,4,12288,4584
2,0.1,5,12288,4528
3,0.1,1,12288,8264
3,0.1,2,12288,4992
3,0.1,3,12288,5144
3,0.1,4,12288,7304
3,0.1,5,12288,8632
4,0.1,1,12288,13920
4,0.1,2,12288,10224
4,0.1,3,12288,5472
4,0.1,4,12288,9976
4,0.1,5,12288,15448
5,0.1,1,12288,5944
5,0.1,2,12288,14560
5,0.1,3,12288,11824
5,0.1,4,12288,6256
5,0.1,5,12288,8456
6,0.1,1,12288,9224
6,0.1,2,12288,14056
6,0.1,3,12288,9224
6,0.1,4,12288,13488
6,0.1,5,12288,6784
7,0.1,1,12288,10456
7,0.1,2,12288,10992
7,0.1,3,12288,28200
7,0.1,4,12288,15624
7,0.1,5,12288,7400
8,0.1,1,12288,14840
8,0.1,2,12288,9168
8,0.1,3,12288,15624
8,0.1,4,12288,7880
8,0.1,5,12288,8280
9,0.1,1,12288,15112
9,0.1,2,12288,14208
9,0.1,3,12288,14768
9,0.1,4,12288,28480
9,0.1,5,12288,16248
10,0.1,1,12288,10136
10,0.1,2,12288,8696
10,0.1,3,12288,14744
10,0.1,4,12288,11880
10,0.1,5,12288,9736
11,0.1,1,12288,16704
11,0.1,2,12288,18264
11,0.1,3,12288,15616
11,0.1,4,12288,10544
11,0.1,5,12288,20928
12,0.1,1,12288,20120
12,0.1,2,12288,18080
12,0.1,3,12288,21984
12,0.1,4,12288,24464
12,0.1,5,12288,11456
13,0.1,1,12288,21200
13,0.1,2,12288,11664
13,0.1,3,12288,22024
13,0.1,4,12288,18496
13,0.1,5,12288,20312
14,0.1,1,12288,11176
14,0.1,2,12288,17784
14,0.1,3,12288,18560
14,0.1,4,12288,22392
14,0.1,5,12288,21632
15,0.1,1,12288,23168
15,0.1,2,12288,33800
15,0.1,3,12288,21824
15,0.1,4,12288,20728
15,0.1,5,12288,14672
16,0.1,1,12288,17968
16,0.1,2,12288,21560
16,0.1,3,12288,23472
16,0.1,4,12288,10704
16,0.1,5,20480,27432
17,0.1,1,12288,28392
17,0.1,2,20480,17520
17,0.1,3,20480,30728
17,0.1,4,12288,22280
17,0.1,5,20480,26592
18,0.1,1,12288,26688
18,0.1,2,12288,17248
18,0.1,3,12288,10512
18,0.1,4,12288,19096
18,0.1,5,12288,17296
19,0.1,1,20480,22880
19,0.1,2,12288,17384
19,0.1,3,12288,23416
19,0.1,4,20480,27400
19,0.1,5,20480,36728
20,0.1,1,20480,20440
20,0.1,2,12288,22208
20,0.1,3,12288,14464
20,0.1,4,20480,25968
20,0.1,5,20480,32448
21,0.1,1,20480,38112
21,0.1,2,12288,23320
21,0.1,3,20480,14384
21,0.1,4,20480,61104
21,0.1,5,20480,37072
22,0.1,1,20480,30664
22,0.1,2,20480,18960
22,0.1,3,20480,26592
22,0.1,4,20480,45528
22,0.1,5,20480,28968
23,0.1,1,20480,24320
23,0.1,2,20480,25232
23,0.1,3,20480,31048
23,0.1,4,12288,16064
23,0.1,5,20480,18000
24,0.1,1,12288,32432
24,0.1,2,20480,30328
24,0.1,3,20480,26760
24,0.1,4,20480,31464
24,0.1,5,20480,18672
25,0.1,1,20480,27584
25,0.1,2,20480,28488
25,0.1,3,20480,32712
25,0.1,4,20480,24104
25,0.1,5,20480,32064
26,0.1,1,20480,25752
26,0.1,2,20480,23760
26,0.1,3,20480,29984
26,0.1,4,20480,60104
26,0.1,5,20480,51424
27,0.1,1,20480,33560
27,0.1,2,20480,23648
27,0.1,3,20480,19744
27,0.1,4,20480,29016
27,0.1,5,20480,27336
28,0.1,1,20480,66208
28,0.1,2,20480,20072
28,0.1,3,20480,17976
28,0.1,4,20480,41240
28,0.1,5,20480,27920
29,0.1,1,20480,70896
29,0.1,2,20480,27872
29,0.1,3,20480,54024
29,0.1,4,20480,56016
29,0.1,5,20480,26616
30,0.1,1,20480,37256
30,0.1,2,20480,36000
30,0.1,3,20480,24496
30,0.1,4,20480,28216
30,0.1,5,20480,20080
31,0.1,1,20480,38144
31,0.1,2,20480,30944
31,0.1,3,20480,20896
31,0.1,4,20480,22560
31,0.1,5,20480,41168
32,0.1,1,20480,63192
32,0.1,2,24576,48056
32,0.1,3,20480,30192
32,0.1,4,20480,54936
32,0.1,5,20480,48240
33,0.1,1,20480,26144
33,0.1,2,20480,36856
33,0.1,3,20480,34392
33,0.1,4,20480,36928
33,0.1,5,20480,34664
34,0.1,1,20480,59744
34,0.1,2,24576,42896
34,0.1,3,24576,40144
34,0.1,4,24576,58064
34,0.1,5,20480,29472
35,0.1,1,24576,39784
35,0.1,2,20480,31552
35,0.1,3,24576,42960
35,0.1,4,20480,20632
35,0.1,5,20480,16616
36,0.1,1,24576,25888
36,0.1,2,20480,32928
36,0.1,3,20480,50320
36,0.1,4,24576,58120
36,0.1,5,24576,50536
37,0.1,1,24576,34384
37,0.1,2,24576,26800
37,0.1,3,24576,39224
37,0.1,4,20480,33824
37,0.1,5,20480,25720
38,0.1,1,24576,45632
38,0.1,2,24576,55960
38,0.1,3,20480,22400
38,0.1,4,24576,55824
38,0.1,5,24576,48880
39,0.1,1,24576,51200
39,0.1,2,24576,45632
39,0.1,3,24576,59344
39,0.1,4,24576,42608
39,0.1,5,24576,31248
40,0.1,1,24576,32800
40,0.1,2,24576,51472
40,0.1,3,24576,33432
40,0.1,4,24576,55904
40,0.1,5,20480,21480
41,0.1,1,24576,71456
41,0.1,2,24576,77336
41,0.1,3,24576,63512
41,0.1,4,24576,35112
41,0.1,5,24576,39816
42,0.1,1,24576,37136
42,0.1,2,24576,28448
42,0.1,3,24576,67696
42,0.1,4,24576,30328
42,0.1,5,24576,30120
43,0.1,1,24576,29728
43,0.1,2,24576,89800
43,0.1,3,24576,25136
43,0.1,4,24576,42016
43,0.1,5,24576,33168
44,0.1,1,24576,37480
44,0.1,2,20480,21976
44,0.1,3,24576,59576
44,0.1,4,24576,29096
44,0.1,5,24576,43632
45,0.1,1,24576,48128
45,0.1,2,24576,44216
45,0.1,3,24576,34080
45,0.1,4,24576,27896
45,0.1,5,24576,47552
46,0.1,1,24576,33224
46,0.1,2,24576,39480
46,0.1,3,24576,71600
46,0.1,4,24576,38968
46,0.1,5,24576,28472
47,0.1,1,24576,70808
47,0.1,2,24576,40024
47,0.1,3,24576,39560
47,0.1,4,24576,46880
47,0.1,5,24576,50128
48,0.1,1,24576,34808
48,0.1,2,28672,77368
48,0.1,3,24576,27680
48,0.1,4,24576,69312
48,0.1,5,24576,40240
49,0.1,1,24576,46616
49,0.1,2,24576,30840
49,0.1,3,24576,37168
49,0.1,4,28672,96608
49,0.1,5,24576,42624
50,0.1,1,24576,72456
50,0.1,2,28672,123360
50,0.1,3,28672,66880
50,0.1,4,24576,70720
50,0.1,5,24576,38688
51,0.1,1,28672,39640
51,0.1,2,28672,75960
51,0.1,3,28672,48896
51,0.1,4,28672,86616
51,0.1,5,24576,31752
52,0.1,1,24576,60832
52,0.1,2,28672,48192
52,0.1,3,28672,36560
52,0.1,4,24576,29608
52,0.1,5,24576,46944
53,0.1,1,24576,34568
53,0.1,2,24576,42704
53,0.1,3,24576,46376
53,0.1,4,24576,43888
53,0.1,5,28672,37568
54,0.1,1,24576,43040
54,0.1,2,28672,49344
54,0.1,3,24576,35912
54,0.1,4,24576,24040
54,0.1,5,28672,56784
55,0.1,1,24576,46968
55,0.1,2,24576,32912
55,0.1,3,24576,37256
55,0.1,4,28672,114008
55,0.1,5,28672,60168
56,0.1,1,28672,43384
56,0.1,2,28672,52384
56,0.1,3,24576,31056
56,0.1,4,28672,66392
56,0.1,5,24576,34304
57,0.1,1,28672,54768
57,0.1,2,28672,33584
57,0.1,3,28672,54696
57,0.1,4,28672,62568
57,0.1,5,28672,60968
58,0.1,1,28672,114184
58,0.1,2,28672,36544
58,0.1,3,28672,46920
58,0.1,4,28672,35184
58,0.1,5,24576,36800
59,0.1,1,24576,51728
59,0.1,2,24576,30816
59,0.1,3,28672,46688
59,0.1,4,28672,84768
59,0.1,5,28672,43696
60,0.1,1,32768,55176
60,0.1,2,28672,103240
60,0.1,3,28672,44000
60,0.1,4,28672,46552
60,0.1,5,28672,64624
61,0.1,1,28672,41824
61,0.1,2,28672,50032
61,0.1,3,28672,84696
61,0.1,4,32768,57560
61,0.1,5,28672,64928
62,0.1,1,28672,47008
62,0.1,2,28672,79048
62,0.1,3,28672,43384
62,0.1,4,28672,46864
62,0.1,5,28672,29440
63,0.1,1,32768,56816
63,0.1,2,28672,58192
63,0.1,3,28672,50904
63,0.1,4,32768,67488
63,0.1,5,28672,64528
64,0.1,1,28672,68672
64,0.1,2,32768,56816
64,0.1,3,28672,64064
64,0.1,4,28672,43880
64,0.1,5,28672,68752
65,0.1,1,32768,93056
65,0.1,2,28672,116632
65,0.1,3,32768,54200
65,0.1,4,32768,116760
65,0.1,5,28672,80976
66,0.1,1,32768,45792
66,0.1,2,28672,36880
66,0.1,3,32768,48224
66,0.1,4,28672,41104
66,0.1,5,28672,61648
67,0.1,1,28672,69176
67,0.1,2,28672,50736
67,0.1,3,28672,104064
67,0.1,4,32768,76376
67,0.1,5,28672,47584
68,0.1,1,28672,48616
68,0.1,2,28672,80280
68,0.1,3,28672,47160
68,0.1,4,28672,43248
68,0.1,5,28672,39152
69,0.1,1,32768,59120
69,0.1,2,32768,65080
69,0.1,3,28672,64272
69,0.1,4,32768,82272
69,0.1,5,32768,100928
70,0.1,1,28672,29104
70,0.1,2,28672,45120
70,0.1,3,32768,62976
70,0.1,4,32768,53984
70,0.1,5,28672,44024
71,0.1,1,32768,95680
71,0.1,2,32768,61648
71,0.1,3,28672,39000
71,0.1,4,32768,52800
71,0.1,5,28672,42632
72,0.1,1,32768,65256
72,0.1,2,32768,57592
72,0.1,3,32768,55968
72,0.1,4,32768,52112
72,0.1,5,32768,94184
73,0.1,1,32768,71824
73,0.1,2,32768,53616
73,0.1,3,32768,77832
73,0.1,4,32768,69328
73,0.1,5,32768,57160
74,0.1,1,32768,55296
74,0.1,2,32768,44496
74,0.1,3,32768,58848
74,0.1,4,32768,125352
74,0.1,5,28672,31424
75,0.1,1,32768,46424
75,0.1,2,28672,40848
75,0.1,3,32768,75184
75,0.1,4,28672,46504
75,0.1,5,32768,49016
76,0.1,1,32768,41496
76,0.1,2,28672,36120
76,0.1,3,36864,124016
76,0.1,4,32768,56192
76,0.1,5,32768,56760
77,0.1,1,32768,107720
77,0.1,2,36864,109544
77,0.1,3,32768,72488
77,0.1,4,32768,75728
77,0.1,5,32768,34328
78,0.1,1,36864,106368
78,0.1,2,32768,46512
78,0.1,3,32768,40000
78,0.1,4,32768,93960
78,0.1,5,32768,101496
79,0.1,1,32768,48000
79,0.1,2,28672,68376
79,0.1,3,32768,56424
79,0.1,4,32768,51288
79,0.1,5,32768,50672
80,0.1,1,32768,65416
80,0.1,2,32768,60320
80,0.1,3,32768,58728
80,0.1,4,32768,47544
80,0.1,5,36864,92400
81,0.1,1,36864,48696
81,0.1,2,32768,80952
81,0.1,3,32768,52552
81,0.1,4,36864,55568
81,0.1,5,32768,58888
82,0.1,1,36864,53952
82,0.1,2,32768,52200
82,0.1,3,36864,71624
82,0.1,4,32768,58904
82,0.1,5,32768,40696
83,0.1,1,32768,60624
83,0.1,2,32768,62736
83,0.1,3,36864,60368
83,0.1,4,32768,60512
83,0.1,5,36864,81640
84,0.1,1,32768,58320
84,0.1,2,36864,154952
84,0.1,3,32768,51960
84,0.1,4,32768,48304
84,0.1,5,32768,52704
85,0.1,1,32768,74424
85,0.1,2,32768,90864
85,0.1,3,32768,80648
85,0.1,4,32768,43488
85,0.1,5,36864,108456
86,0.1,1,32768,77184
86,0.1,2,36864,138832
86,0.1,3,36864,64464
86,0.1,4,36864,49400
86,0.1,5,36864,87928
87,0.1,1,32768,55536
87,0.1,2,36864,144160
87,0.1,3,36864,54224
87,0.1,4,36864,63440
87,0.1,5,36864,48056
88,0.1,1,36864,61368
88,0.1,2,36864,70256
88,0.1,3,32768,75584
88,0.1,4,36864,56464
88,0.1,5,32768,84904
89,0.1,1,32768,116728
89,0.1,2,36864,50176
89,0.1,3,40960,83504
89,0.1,4,32768,64088
89,0.1,5,36864,113520
90,0.1,1,36864,61080
90,0.1,2,36864,74056
90,0.1,3,36864,67208
90,0.1,4,36864,78480
90,0.1,5,40960,128928
91,0.1,1,40960,108792
91,0.1,2,36864,88648
91,0.1,3,40960,166504
91,0.1,4,32768,35880
91,0.1,5,36864,65376
92,0.1,1,36864,53200
92,0.1,2,36864,80576
92,0.1,3,36864,61464
92,0.1,4,36864,86592
92,0.1,5,40960,85960
93,0.1,1,36864,57632
93,0.1,2,40960,55752
93,0.1,3,40960,81736
93,0.1,4,36864,63560
93,0.1,5,36864,48056
94,0.1,1,40960,68176
94,0.1,2,36864,63216
94,0.1,3,36864,153928
94,0.1,4,36864,57928
94,0.1,5,40960,76592
95,0.1,1,36864,61000
95,0.1,2,40960,70520
95,0.1,3,40960,125920
95,0.1,4,36864,59648
95,0.1,5,36864,116400
96,0.1,1,36864,54216
96,0.1,2,40960,85152
96,0.1,3,40960,96496
96,0.1,4,40960,85264
96,0.1,5,40960,159456
97,0.1,1,40960,226680
97,0.1,2,40960,64768
97,0.1,3,36864,103208
97,0.1,4,40960,74008
97,0.1,5,40960,80544
98,0.1,1,36864,133552
98,0.1,2,36864,82608
98,0.1,3,36864,57056
98,0.1,4,40960,86832
98,0.1,5,36864,67312
99,0.1,1,36864,104248
99,0.1,2,40960,115992
99,0.1,3,40960,129504
99,0.1,4,36864,67720
99,0.1,5,40960,71608
100,0.1,1,36864,69888
100,0.1,2,40960,65648
100,0.1,3,40960,94576
100,0.1,4,36864,52376
100,0.1,5,36864,61584
1,0.2,1,12288,16
1,0.2,2,12288,16
1,0.2,3,12288,16
1,0.2,4,12288,16
1,0.2,5,12288,16
2,0.2,1,12288,4512
2,0.2,2,12288,4528
2,0.2,3,12288,4720
2,0.2,4,12288,4592
2,0.2,5,12288,4976
3,0.2,1,12288,5720
3,0.2,2,12288,5304
3,0.2,3,12288,9696
3,0.2,4,12288,7584
3,0.2,5,12288,5032
4,0.2,1,12288,5344
4,0.2,2,12288,12832
4,0.2,3,12288,5568
4,0.2,4,12288,5848
4,0.2,5,12288,5632
5,0.2,1,12288,9224
5,0.2,2,12288,7200
5,0.2,3,12288,14024
5,0.2,4,12288,11000
5,0.2,5,12288,6552
6,0.2,1,12288,10424
6,0.2,2,12288,11088
6,0.2,3,12288,6896
6,0.2,4,12288,6952
6,0.2,5,12288,8320
7,0.2,1,12288,11896
7,0.2,2,12288,12072
7,0.2,3,12288,16936
7,0.2,4,12288,7704
7,0.2,5,12288,15208
8,0.2,1,12288,17080
8,0.2,2,12288,7960
8,0.2,3,12288,19232
8,0.2,4,12288,7696
8,0.2,5,12288,14056
9,0.2,1,12288,17040
9,0.2,2,12288,15360
9,0.2,3,12288,21128
9,0.2,4,12288,28704
9,0.2,5,12288,19320
10,0.2,1,12288,16472
10,0.2,2,12288,19248
10,0.2,3,12288,16320
10,0.2,4,12288,9144
10,0.2,5,12288,24472
11,0.2,1,12288,22824
11,0.2,2,12288,10048
11,0.2,3,12288,9120
11,0.2,4,12288,25784
11,0.2,5,12288,10304
12,0.2,1,12288,13896
12,0.2,2,12288,10352
12,0.2,3,12288,28136
12,0.2,4,12288,17488
12,0.2,5,12288,17152
13,0.2,1,12288,9416
13,0.2,2,12288,17232
13,0.2,3,12288,20432
13,0.2,4,12288,21264
13,0.2,5,12288,27024
14,0.2,1,12288,18848
14,0.2,2,12288,15144
14,0.2,3,12288,20448
14,0.2,4,12288,22144
14,0.2,5,12288,22120
15,0.2,1,12288,18064
15,0.2,2,12288,22000
15,0.2,3,12288,18400
15,0.2,4,12288,22000
15,0.2,5,12288,28816
16,0.2,1,12288,12584
16,0.2,2,12288,19032
16,0.2,3,12288,12184
16,0.2,4,12288,17624
16,0.2,5,12288,15984
17,0.2,1,12288,24776
17,0.2,2,12288,29800
17,0.2,3,12288,10440
17,0.2,4,12288,22320
17,0.2,5,12288,14376
18,0.2,1,20480,22328
18,0.2,2,20480,34200
18,0.2,3,12288,16424
18,0.2,4,12288,19392
18,0.2,5,12288,16024
19,0.2,1,12288,12752
19,0.2,2,20480,27576
19,0.2,3,12288,19560
19,0.2,4,20480,39056
19,0.2,5,12288,31992
20,0.2,1,12288,18240
20,0.2,2,20480,28488
20,0.2,3,12288,25952
20,0.2,4,12288,14176
20,0.2,5,20480,42400
21,0.2,1,20480,31928
21,0.2,2,20480,17360
21,0.2,3,20480,30192
21,0.2,4,20480,23024
21,0.2,5,12288,17832
22,0.2,1,20480,30976
22,0.2,2,12288,11984
22,0.2,3,20480,30056
22,0.2,4,20480,27328
22,0.2,5,20480,22128
23,0.2,1,20480,32800
23,0.2,2,20480,35072
23,0.2,3,20480,20296
23,0.2,4,20480,32392
23,0.2,5,20480,23808
24,0.2,1,20480,20792
24,0.2,2,20480,35808
24,0.2,3,20480,24760
24,0.2,4,20480,41400
24,0.2,5,20480,30984
25,0.2,1,20480,17240
25,0.2,2,20480,41992
25,0.2,3,20480,20096
25,0.2,4,20480,30232
25,0.2,5,20480,48488
26,0.2,1,20480,33208
26,0.2,2,20480,16888
26,0.2,3,20480,34912
26,0.2,4,20480,17552
26,0.2,5,20480,29288
27,0.2,1,20480,17384
27,0.2,2,20480,20872
27,0.2,3,20480,68576
27,0.2,4,20480,30304
27,0.2,5,20480,18736
28,0.2,1,20480,41152
28,0.2,2,20480,33504
28,0.2,3,20480,21768
28,0.2,4,20480,21192
28,0.2,5,20480,46344
29,0.2,1,20480,43144
29,0.2,2,20480,22376
29,0.2,3,20480,52880
29,0.2,4,20480,51968
29,0.2,5,20480,32272
30,0.2,1,20480,24656
30,0.2,2,20480,53728
30,0.2,3,20480,24104
30,0.2,4,20480,21304
30,0.2,5,20480,39912
31,0.2,1,20480,32408
31,0.2,2,20480,51856
31,0.2,3,20480,21680
31,0.2,4,20480,29904
31,0.2,5,20480,29696
32,0.2,1,20480,27552
32,0.2,2,20480,34616
32,0.2,3,20480,20240
32,0.2,4,20480,59200
32,0.2,5,20480,55744
33,0.2,1,20480,33496
33,0.2,2,20480,28440
33,0.2,3,20480,61944
33,0.2,4,20480,38728
33,0.2,5,20480,27328
34,0.2,1,20480,25544
34,0.2,2,20480,37688
34,0.2,3,20480,37280
34,0.2,4,20480,34768
34,0.2,5,20480,22600
35,0.2,1,20480,32488
35,0.2,2,20480,39824
35,0.2,3,24576,64968
35,0.2,4,20480,48584
35,0.2,5,20480,35728
36,0.2,1,20480,30512
36,0.2,2,24576,34408
36,0.2,3,20480,33936
36,0.2,4,20480,36984
36,0.2,5,24576,31328
37,0.2,1,24576,65616
37,0.2,2,24576,54944
37,0.2,3,20480,20768
37,0.2,4,24576,51904
37,0.2,5,24576,41128
38,0.2,1,20480,57432
38,0.2,2,24576,45936
38,0.2,3,20480,23520
38,0.2,4,20480,36624
38,0.2,5,24576,55112
39,0.2,1,24576,44328
39,0.2,2,20480,35664
39,0.2,3,24576,44552
39,0.2,4,20480,36088
39,0.2,5,24576,37976
40,0.2,1,20480,37008
40,0.2,2,24576,59528
40,0.2,3,24576,31792
40,0.2,4,20480,23232
40,0.2,5,24576,60576
41,0.2,1,24576,41256
41,0.2,2,24576,32896
41,0.2,3,24576,91560
41,0.2,4,24576,61696
41,0.2,5,24576,25304
42,0.2,1,24576,35520
42,0.2,2,24576,48056
42,0.2,3,24576,41120
42,0.2,4,24576,33696
42,0.2,5,24576,48992
43,0.2,1,24576,35448
43,0.2,2,24576,33808
43,0.2,3,24576,42992
43,0.2,4,24576,42528
43,0.2,5,24576,43528
44,0.2,1,28672,53440
44,0.2,2,24576,49248
44,0.2,3,24576,40832
44,0.2,4,24576,21600
44,0.2,5,24576,53120
45,0.2,1,24576,28256
45,0.2,2,24576,39424
45,0.2,3,24576,62080
45,0.2,4,24576,20696
45,0.2,5,24576,102352
46,0.2,1,24576,47496
46,0.2,2,24576,42992
46,0.2,3,24576,59976
46,0.2,4,28672,61344
46,0.2,5,24576,44128
47,0.2,1,24576,44288
47,0.2,2,24576,55016
47,0.2,3,28672,59008
47,0.2,4,24576,53744
47,0.2,5,28672,63152
48,0.2,1,24576,43168
48,0.2,2,24576,43824
48,0.2,3,24576,41072
48,0.2,4,24576,48928
48,0.2,5,28672,83216
49,0.2,1,28672,35992
49,0.2,2,24576,55144
49,0.2,3,28672,38840
49,0.2,4,24576,41024
49,0.2,5,24576,58360
50,0.2,1,24576,36360
50,0.2,2,24576,31344
50,0.2,3,24576,71368
50,0.2,4,24576,33808
50,0.2,5,24576,26616
51,0.2,1,24576,57160
51,0.2,2,24576,68504
51,0.2,3,24576,83928
51,0.2,4,24576,30024
51,0.2,5,24576,39944
52,0.2,1,24576,28152
52,0.2,2,24576,59696
52,0.2,3,24576,46288
52,0.2,4,24576,82472
52,0.2,5,28672,72680
53,0.2,1,24576,62768
53,0.2,2,28672,42272
53,0.2,3,24576,36248
53,0.2,4,24576,53056
53,0.2,5,28672,67304
54,0.2,1,28672,55528
54,0.2,2,28672,57784
54,0.2,3,28672,80080
54,0.2,4,24576,55600
54,0.2,5,28672,81480
55,0.2,1,28672,62480
55,0.2,2,28672,76792
55,0.2,3,24576,54944
55,0.2,4,28672,89224
55,0.2,5,28672,36560
56,0.2,1,28672,80624
56,0.2,2,28672,44504
56,0.2,3,24576,46264
56,0.2,4,24576,38224
56,0.2,5,24576,68688
57,0.2,1,28672,75840
57,0.2,2,28672,114480
57,0.2,3,24576,39968
57,0.2,4,28672,46984
57,0.2,5,28672,59536
58,0.2,1,28672,76328
58,0.2,2,28672,58904
58,0.2,3,28672,52216
58,0.2,4,28672,89976
58,0.2,5,28672,46544
59,0.2,1,28672,52216
59,0.2,2,28672,29752
59,0.2,3,32768,109720
59,0.2,4,28672,66880
59,0.2,5,28672,72568
60,0.2,1,28672,94632
60,0.2,2,24576,41616
60,0.2,3,28672,146888
60,0.2,4,28672,59888
60,0.2,5,28672,34688
61,0.2,1,28672,80856
61,0.2,2,28672,73704
61,0.2,3,28672,50672
61,0.2,4,28672,83840
61,0.2,5,28672,59720
62,0.2,1,28672,112248
62,0.2,2,28672,63136
62,0.2,3,28672,52848
62,0.2,4,28672,52576
62,0.2,5,28672,53824
63,0.2,1,28672,39064
63,0.2,2,28672,55352
63,0.2,3,28672,49408
63,0.2,4,32768,93616
63,0.2,5,28672,51520
64,0.2,1,28672,72568
64,0.2,2,28672,68064
64,0.2,3,28672,57296
64,0.2,4,28672,67048
64,0.2,5,28672,63576
65,0.2,1,28672,165536
65,0.2,2,28672,38808
65,0.2,3,28672,68568
65,0.2,4,32768,60288
65,0.2,5,28672,112768
66,0.2,1,32768,69384
66,0.2,2,28672,52056
66,0.2,3,28672,35144
66,0.2,4,28672,61024
66,0.2,5,28672,57432
67,0.2,1,32768,69536
67,0.2,2,28672,51776
67,0.2,3,32768,108448
67,0.2,4,28672,59200
67,0.2,5,28672,87288
68,0.2,1,28672,67128
68,0.2,2,32768,62288
68,0.2,3,32768,83032
68,0.2,4,28672,78000
68,0.2,5,32768,78816
69,0.2,1,28672,58440
69,0.2,2,28672,87896
69,0.2,3,36864,155576
69,0.2,4,32768,73984
69,0.2,5,28672,39968
70,0.2,1,32768,74256
70,0.2,2,28672,70400
70,0.2,3,32768,79976
70,0.2,4,28672,41672
70,0.2,5,32768,116120
71,0.2,1,32768,52848
71,0.2,2,28672,44408
71,0.2,3,32768,107584
71,0.2,4,32768,75480
71,0.2,5,32768,64744
72,0.2,1,32768,52912
72,0.2,2,32768,77776
72,0.2,3,32768,49464
72,0.2,4,28672,33648
72,0.2,5,32768,134016
73,0.2,1,32768,132656
73,0.2,2,28672,51472
73,0.2,3,32768,55696
73,0.2,4,32768,42296
73,0.2,5,32768,103664
74,0.2,1,32768,71568
74,0.2,2,28672,74720
74,0.2,3,32768,70232
74,0.2,4,32768,56080
74,0.2,5,36864,86432
75,0.2,1,36864,123200
75,0.2,2,32768,67336
75,0.2,3,32768,50256
75,0.2,4,32768,35728
75,0.2,5,32768,76272
76,0.2,1,32768,82256
76,0.2,2,32768,60944
76,0.2,3,32768,51784
76,0.2,4,32768,56888
76,0.2,5,32768,100848
77,0.2,1,32768,62920
77,0.2,2,32768,80840
77,0.2,3,36864,120664
77,0.2,4,36864,99456
77,0.2,5,32768,86624
78,0.2,1,32768,54888
78,0.2,2,32768,59992
78,0.2,3,32768,44056
78,0.2,4,32768,64440
78,0.2,5,32768,67168
79,0.2,1,32768,128464
79,0.2,2,32768,66248
79,0.2,3,36864,85256
79,0.2,4,32768,60064
79,0.2,5,32768,64640
80,0.2,1,32768,78856
80,0.2,2,32768,75872
80,0.2,3,32768,101816
80,0.2,4,32768,63640
80,0.2,5,32768,51800
81,0.2,1,36864,87344
81,0.2,2,36864,173256
81,0.2,3,32768,76256
81,0.2,4,32768,75752
81,0.2,5,36864,73648
82,0.2,1,32768,61000
82,0.2,2,36864,107384
82,0.2,3,32768,76920
82,0.2,4,32768,64984
82,0.2,5,32768,71288
83,0.2,1,36864,110432
83,0.2,2,32768,55056
83,0.2,3,32768,80800
83,0.2,4,36864,119376
83,0.2,5,32768,73416
84,0.2,1,32768,63272
84,0.2,2,36864,65448
84,0.2,3,32768,94616
84,0.2,4,36864,164912
84,0.2,5,36864,89864
85,0.2,1,32768,81568
85,0.2,2,32768,51544
85,0.2,3,32768,75232
85,0.2,4,32768,120488
85,0.2,5,32768,85048
86,0.2,1,36864,74496
86,0.2,2,36864,133760
86,0.2,3,32768,84528
86,0.2,4,36864,53560
86,0.2,5,32768,98592
87,0.2,1,36864,68656
87,0.2,2,36864,45928
87,0.2,3,36864,79120
87,0.2,4,36864,55320
87,0.2,5,32768,42320
88,0.2,1,36864,67768
88,0.2,2,36864,95616
88,0.2,3,36864,81128
88,0.2,4,32768,58064
88,0.2,5,36864,116920
89,0.2,1,36864,58880
89,0.2,2,40960,114792
89,0.2,3,32768,66888
89,0.2,4,36864,152880
89,0.2,5,40960,213504
90,0.2,1,32768,65840
90,0.2,2,36864,93288
90,0.2,3,36864,189064
90,0.2,4,36864,157496
90,0.2,5,36864,117328
91,0.2,1,40960,122264
91,0.2,2,40960,61456
91,0.2,3,36864,107456
91,0.2,4,36864,108968
91,0.2,5,36864,98992
92,0.2,1,40960,189712
92,0.2,2,36864,70352
92,0.2,3,36864,84888
92,0.2,4,36864,120120
92,0.2,5,40960,54744
93,0.2,1,36864,160856
93,0.2,2,36864,105200
93,0.2,3,40960,93568
93,0.2,4,36864,100624
93,0.2,5,36864,53912
94,0.2,1,36864,95784
94,0.2,2,36864,117288
94,0.2,3,36864,114280
94,0.2,4,36864,73192
94,0.2,5,36864,95128
95,0.2,1,36864,69632
95,0.2,2,36864,111296
95,0.2,3,36864,58408
95,0.2,4,36864,57880
95,0.2,5,36864,87720
96,0.2,1,36864,102824
96,0.2,2,45056,214848
96,0.2,3,45056,117616
96,0.2,4,40960,75832
96,0.2,5,36864,75256
97,0.2,1,40960,133144
97,0.2,2,40960,67536
97,0.2,3,40960,150336
97,0.2,4,40960,69488
97,0.2,5,40960,73328
98,0.2,1,40960,58376
98,0.2,2,40960,65704
98,0.2,3,36864,119192
98,0.2,4,40960,152416
98,0.2,5,40960,119640
99,0.2,1,36864,61080
99,0.2,2,36864,82464
99,0.2,3,40960,61192
99,0.2,4,40960,107408
99,0.2,5,40960,159776
100,0.2,1,36864,63216
100,0.2,2,40960,66544
100,0.2,3,40960,138816
100,0.2,4,36864,46480
100,0.2,5,36864,50424
1,0.3,1,12288,16
1,0.3,2,12288,16
1,0.3,3,12288,16
1,0.3,4,12288,16
1,0.3,5,12288,16
2,0.3,1,12288,4856
2,0.3,2,12288,4616
2,0.3,3,12288,4600
2,0.3,4,12288,4768
2,0.3,5,12288,4872
3,0.3,1,12288,4960
3,0.3,2,12288,5384
3,0.3,3,12288,5456
3,0.3,4,12288,4880
3,0.3,5,12288,5008
4,0.3,1,12288,5904
4,0.3,2,12288,5600
4,0.3,3,12288,5688
4,0.3,4,12288,5656
4,0.3,5,12288,5672
5,0.3,1,12288,6392
5,0.3,2,12288,12000
5,0.3,3,12288,6384
5,0.3,4,12288,5816
5,0.3,5,12288,10840
6,0.3,1,12288,10600
6,0.3,2,12288,7680
6,0.3,3,12288,19288
6,0.3,4,12288,13184
6,0.3,5,12288,18704
7,0.3,1,12288,20032
7,0.3,2,12288,7336
7,0.3,3,12288,13944
7,0.3,4,12288,12088
7,0.3,5,12288,14768
8,0.3,1,12288,14032
8,0.3,2,12288,7640
8,0.3,3,12288,13480
8,0.3,4,12288,16088
8,0.3,5,12288,23928
9,0.3,1,12288,9144
9,0.3,2,12288,9216
9,0.3,3,12288,16424
9,0.3,4,12288,8616
9,0.3,5,12288,13488
10,0.3,1,12288,15696
10,0.3,2,12288,18448
10,0.3,3,12288,17784
10,0.3,4,12288,20720
10,0.3,5,12288,20856
11,0.3,1,12288,12560
11,0.3,2,12288,13320
11,0.3,3,12288,18304
11,0.3,4,12288,16496
11,0.3,5,12288,11664
12,0.3,1,12288,13288
12,0.3,2,12288,14040
12,0.3,3,12288,31888
12,0.3,4,12288,22136
12,0.3,5,12288,22840
13,0.3,1,12288,9952
13,0.3,2,12288,19472
13,0.3,3,12288,15752
13,0.3,4,20480,36016
13,0.3,5,12288,16104
14,0.3,1,12288,20768
14,0.3,2,12288,14872
14,0.3,3,12288,24112
14,0.3,4,12288,17712
14,0.3,5,12288,26800
15,0.3,1,12288,19304
15,0.3,2,12288,18360
15,0.3,3,12288,16912
15,0.3,4,12288,16904
15,0.3,5,12288,17968
16,0.3,1,12288,15552
16,0.3,2,12288,37832
16,0.3,3,12288,17184
16,0.3,4,12288,12128
16,0.3,5,20480,33736
17,0.3,1,12288,19032
17,0.3,2,12288,18216
17,0.3,3,12288,26064
17,0.3,4,20480,42008
17,0.3,5,20480,27376
18,0.3,1,12288,12712
18,0.3,2,12288,25608
18,0.3,3,12288,24520
18,0.3,4,12288,19352
18,0.3,5,20480,21976
19,0.3,1,12288,16704
19,0.3,2,20480,30328
19,0.3,3,12288,24928
19,0.3,4,20480,24320
19,0.3,5,12288,21536
20,0.3,1,12288,17992
20,0.3,2,20480,46432
20,0.3,3,20480,33056
20,0.3,4,20480,25928
20,0.3,5,12288,14752
21,0.3,1,20480,42808
21,0.3,2,20480,24552
21,0.3,3,20480,39624
21,0.3,4,12288,19464
21,0.3,5,20480,34128
22,0.3,1,20480,16224
22,0.3,2,20480,29664
22,0.3,3,20480,19064
22,0.3,4,20480,38872
22,0.3,5,20480,43912
23,0.3,1,20480,32680
23,0.3,2,20480,30456
23,0.3,3,20480,54272
23,0.3,4,20480,30832
23,0.3,5,20480,36008
24,0.3,1,20480,14232
24,0.3,2,20480,26680
24,0.3,3,20480,33208
24,0.3,4,20480,34912
24,0.3,5,20480,32048
25,0.3,1,20480,25632
25,0.3,2,20480,31784
25,0.3,3,20480,64848
25,0.3,4,20480,30368
25,0.3,5,20480,27616
26,0.3,1,20480,22040
26,0.3,2,20480,23680
26,0.3,3,20480,28560
26,0.3,4,20480,30480
26,0.3,5,20480,28320
27,0.3,1,20480,49832
27,0.3,2,20480,37280
27,0.3,3,20480,22432
27,0.3,4,20480,39880
27,0.3,5,20480,24136
28,0.3,1,20480,20384
28,0.3,2,20480,32136
28,0.3,3,20480,30112
28,0.3,4,20480,27456
28,0.3,5,20480,49496
29,0.3,1,20480,47816
29,0.3,2,20480,33792
29,0.3,3,20480,71072
29,0.3,4,20480,29888
29,0.3,5,20480,32288
30,0.3,1,20480,44216
30,0.3,2,20480,30296
30,0.3,3,20480,27928
30,0.3,4,20480,53744
30,0.3,5,20480,27864
31,0.3,1,20480,48176
31,0.3,2,20480,32008
31,0.3,3,20480,20088
31,0.3,4,20480,57888
31,0.3,5,20480,50792
32,0.3,1,20480,55456
32,0.3,2,20480,19736
32,0.3,3,20480,31824
32,0.3,4,20480,26120
32,0.3,5,20480,30680
33,0.3,1,20480,47328
33,0.3,2,20480,59912
33,0.3,3,20480,22024
33,0.3,4,24576,45600
33,0.3,5,24576,53248
34,0.3,1,20480,55888
34,0.3,2,20480,40928
34,0.3,3,20480,49384
34,0.3,4,20480,31392
34,0.3,5,20480,41856
35,0.3,1,24576,44384
35,0.3,2,20480,56720
35,0.3,3,20480,33328
35,0.3,4,20480,31736
35,0.3,5,20480,36832
36,0.3,1,20480,61096
36,0.3,2,24576,36584
36,0.3,3,20480,57128
36,0.3,4,20480,40792
36,0.3,5,20480,28984
37,0.3,1,20480,49712
37,0.3,2,24576,26888
37,0.3,3,24576,48720
37,0.3,4,24576,72936
37,0.3,5,20480,47096
38,0.3,1,20480,64128
38,0.3,2,24576,57736
38,0.3,3,20480,48784
38,0.3,4,24576,48456
38,0.3,5,24576,71728
39,0.3,1,24576,31592
39,0.3,2,24576,40168
39,0.3,3,24576,42040
39,0.3,4,24576,76136
39,0.3,5,24576,32160
40,0.3,1,20480,31136
40,0.3,2,24576,42184
40,0.3,3,20480,57064
40,0.3,4,20480,29536
40,0.3,5,24576,43872
41,0.3,1,24576,59992
41,0.3,2,24576,43656
41,0.3,3,24576,35168
41,0.3,4,20480,27824
41,0.3,5,24576,37056
42,0.3,1,24576,55424
42,0.3,2,24576,75920
42,0.3,3,24576,42912
42,0.3,4,24576,70080
42,0.3,5,24576,35568
43,0.3,1,24576,62456
43,0.3,2,24576,48496
43,0.3,3,24576,33216
43,0.3,4,24576,85936
43,0.3,5,24576,50192
44,0.3,1,24576,66400
44,0.3,2,24576,73344
44,0.3,3,24576,65960
44,0.3,4,24576,62960
44,0.3,5,24576,51688
45,0.3,1,24576,76640
45,0.3,2,24576,27744
45,0.3,3,24576,44728
45,0.3,4,24576,47264
45,0.3,5,24576,59848
46,0.3,1,24576,54584
46,0.3,2,24576,45896
46,0.3,3,24576,44048
46,0.3,4,24576,57568
46,0.3,5,28672,111120
47,0.3,1,24576,64832
47,0.3,2,24576,74008
47,0.3,3,24576,27424
47,0.3,4,24576,58016
47,0.3,5,24576,68608
48,0.3,1,24576,50608
48,0.3,2,28672,131016
48,0.3,3,24576,44824
48,0.3,4,24576,49480
48,0.3,5,24576,41736
49,0.3,1,28672,94904
49,0.3,2,24576,73704
49,0.3,3,24576,64736
49,0.3,4,24576,41936
49,0.3,5,24576,69896
50,0.3,1,24576,56592
50,0.3,2,24576,85232
50,0.3,3,24576,84376
50,0.3,4,24576,61144
50,0.3,5,24576,36688
51,0.3,1,24576,34232
51,0.3,2,24576,29912
51,0.3,3,24576,69064
51,0.3,4,28672,60560
51,0.3,5,24576,36056
52,0.3,1,28672,38984
52,0.3,2,28672,62168
52,0.3,3,28672,77464
52,0.3,4,24576,43872
52,0.3,5,28672,79640
53,0.3,1,24576,47696
53,0.3,2,24576,52416
53,0.3,3,28672,76408
53,0.3,4,24576,67600
53,0.3,5,24576,74752
54,0.3,1,24576,37656
54,0.3,2,24576,33656
54,0.3,3,28672,60400
54,0.3,4,28672,95216
54,0.3,5,28672,77960
55,0.3,1,28672,68976
55,0.3,2,28672,80344
55,0.3,3,28672,70104
55,0.3,4,24576,48792
55,0.3,5,28672,77000
56,0.3,1,24576,60768
56,0.3,2,28672,93520
56,0.3,3,24576,41600
56,0.3,4,24576,41608
56,0.3,5,28672,98672
57,0.3,1,28672,90904
57,0.3,2,28672,53464
57,0.3,3,28672,50096
57,0.3,4,24576,71808
57,0.3,5,28672,104112
58,0.3,1,28672,44752
58,0.3,2,24576,33688
58,0.3,3,28672,40488
58,0.3,4,28672,82368
58,0.3,5,28672,69856
59,0.3,1,28672,51992
59,0.3,2,28672,98864
59,0.3,3,24576,68000
59,0.3,4,28672,70592
59,0.3,5,28672,65216
60,0.3,1,28672,80992
60,0.3,2,28672,75880
60,0.3,3,28672,67648
60,0.3,4,32768,103584
60,0.3,5,28672,120472
61,0.3,1,28672,97464
61,0.3,2,28672,43528
61,0.3,3,28672,42656
61,0.3,4,28672,68552
61,0.3,5,28672,46656
62,0.3,1,28672,69928
62,0.3,2,28672,105272
62,0.3,3,28672,52352
62,0.3,4,28672,59376
62,0.3,5,28672,56488
63,0.3,1,28672,64616
63,0.3,2,32768,133352
63,0.3,3,28672,49872
63,0.3,4,28672,98640
63,0.3,5,28672,46952
64,0.3,1,28672,102680
64,0.3,2,28672,32352
64,0.3,3,28672,69384
64,0.3,4,28672,36920
64,0.3,5,32768,57352
65,0.3,1,32768,107424
65,0.3,2,28672,39376
65,0.3,3,28672,79320
65,0.3,4,28672,82336
65,0.3,5,28672,77704
66,0.3,1,28672,40080
66,0.3,2,32768,62352
66,0.3,3,28672,68952
66,0.3,4,32768,88104
66,0.3,5,28672,52400
67,0.3,1,28672,110672
67,0.3,2,28672,76320
67,0.3,3,28672,81000
67,0.3,4,28672,69880
67,0.3,5,28672,72512
68,0.3,1,28672,58040
68,0.3,2,32768,73880
68,0.3,3,28672,48672
68,0.3,4,32768,74840
68,0.3,5,32768,79808
69,0.3,1,28672,72848
69,0.3,2,32768,52120
69,0.3,3,32768,71040
69,0.3,4,32768,74264
69,0.3,5,28672,46696
70,0.3,1,28672,47328
70,0.3,2,32768,78744
70,0.3,3,32768,124296
70,0.3,4,28672,74192
70,0.3,5,32768,74200
71,0.3,1,32768,62952
71,0.3,2,32768,102232
71,0.3,3,32768,69672
71,0.3,4,28672,74424
71,0.3,5,28672,57960
72,0.3,1,32768,107168
72,0.3,2,32768,79088
72,0.3,3,32768,70400
72,0.3,4,32768,122584
72,0.3,5,32768,60064
73,0.3,1,32768,85920
73,0.3,2,32768,87776
73,0.3,3,32768,74672
73,0.3,4,32768,70608
73,0.3,5,28672,48040
74,0.3,1,32768,80200
74,0.3,2,32768,123888
74,0.3,3,32768,107816
74,0.3,4,32768,52648
74,0.3,5,32768,64024
75,0.3,1,28672,98496
75,0.3,2,32768,67888
75,0.3,3,28672,100528
75,0.3,4,32768,76184
75,0.3,5,36864,105696
76,0.3,1,32768,63560
76,0.3,2,32768,102608
76,0.3,3,32768,98352
76,0.3,4,32768,107960
76,0.3,5,32768,76336
77,0.3,1,32768,155680
77,0.3,2,32768,86144
77,0.3,3,32768,63560
77,0.3,4,28672,70920
77,0.3,5,32768,72432
78,0.3,1,32768,64056
78,0.3,2,36864,109584
78,0.3,3,32768,88088
78,0.3,4,32768,80368
78,0.3,5,32768,82936
79,0.3,1,32768,124144
79,0.3,2,36864,81784
79,0.3,3,32768,126144
79,0.3,4,36864,176504
79,0.3,5,36864,53528
80,0.3,1,32768,71424
80,0.3,2,32768,66144
80,0.3,3,32768,134784
80,0.3,4,32768,75064
80,0.3,5,36864,97128
81,0.3,1,36864,71848
81,0.3,2,36864,100352
81,0.3,3,36864,66424
81,0.3,4,32768,95352
81,0.3,5,36864,86992
82,0.3,1,36864,95080
82,0.3,2,36864,93864
82,0.3,3,32768,137944
82,0.3,4,32768,52704
82,0.3,5,32768,49792
83,0.3,1,36864,80744
83,0.3,2,32768,65416
83,0.3,3,36864,70496
83,0.3,4,36864,113144
83,0.3,5,32768,97608
84,0.3,1,36864,70144
84,0.3,2,32768,63344
84,0.3,3,36864,119712
84,0.3,4,32768,60296
84,0.3,5,32768,130520
85,0.3,1,36864,95120
85,0.3,2,32768,99520
85,0.3,3,32768,65768
85,0.3,4,36864,92232
85,0.3,5,36864,126800
86,0.3,1,36864,58328
86,0.3,2,40960,235992
86,0.3,3,36864,88328
86,0.3,4,32768,87520
86,0.3,5,32768,81064
87,0.3,1,32768,146536
87,0.3,2,36864,143008
87,0.3,3,36864,55176
87,0.3,4,32768,142232
87,0.3,5,36864,132920
88,0.3,1,36864,111976
88,0.3,2,32768,82072
88,0.3,3,36864,70840
88,0.3,4,32768,105664
88,0.3,5,36864,77944
89,0.3,1,40960,86320
89,0.3,2,32768,77584
89,0.3,3,36864,68632
89,0.3,4,36864,55928
89,0.3,5,36864,79768
90,0.3,1,40960,86056
90,0.3,2,40960,105656
90,0.3,3,36864,104664
90,0.3,4,36864,107744
90,0.3,5,32768,118376
91,0.3,1,40960,145200
91,0.3,2,36864,91872
91,0.3,3,40960,146048
91,0.3,4,36864,94120
91,0.3,5,40960,138536
92,0.3,1,40960,101408
92,0.3,2,36864,119824
92,0.3,3,36864,95488
92,0.3,4,36864,94600
92,0.3,5,40960,97864
93,0.3,1,36864,65880
93,0.3,2,40960,73720
93,0.3,3,36864,48984
93,0.3,4,40960,172000
93,0.3,5,36864,95464
94,0.3,1,40960,113968
94,0.3,2,40960,171360
94,0.3,3,36864,99224
94,0.3,4,36864,135872
94,0.3,5,36864,65968
95,0.3,1,36864,101088
95,0.3,2,40960,67016
95,0.3,3,36864,80776
95,0.3,4,40960,104624
95,0.3,5,36864,123640
96,0.3,1,36864,48632
96,0.3,2,40960,129576
96,0.3,3,36864,68744
96,0.3,4,40960,175288
96,0.3,5,36864,199624
97,0.3,1,36864,133608
97,0.3,2,40960,87976
97,0.3,3,40960,80312
97,0.3,4,40960,75592
97,0.3,5,36864,67912
98,0.3,1,36864,147832
98,0.3,2,40960,95272
98,0.3,3,40960,112200
98,0.3,4,40960,132792
98,0.3,5,40960,94288
99,0.3,1,36864,105592
99,0.3,2,36864,80240
99,0.3,3,40960,97264
99,0.3,4,40960,70544
99,0.3,5,36864,77368
100,0.3,1,36864,78376
100,0.3,2,36864,128568
100,0.3,3,40960,138480
100,0.3,4,36864,87936
100,0.3,5,40960,101248
1,0.4,1,12288,16
1,0.4,2,12288,16
1,0.4,3,12288,16
1,0.4,4,12288,16
1,0.4,5,12288,16
2,0.4,1,12288,5024
2,0.4,2,12288,9040
2,0.4,3,12288,4848
2,0.4,4,12288,4464
2,0.4,5,12288,4504
3,0.4,1,12288,4632
3,0.4,2,12288,5056
3,0.4,3,12288,4888
3,0.4,4,12288,5056
3,0.4,5,12288,5400
4,0.4,1,12288,6576
4,0.4,2,12288,5768
4,0.4,3,12288,5416
4,0.4,4,12288,7416
4,0.4,5,12288,10792
5,0.4,1,12288,12712
5,0.4,2,12288,7984
5,0.4,3,12288,6568
5,0.4,4,12288,15440
5,0.4,5,12288,6280
6,0.4,1,12288,12952
6,0.4,2,12288,6832
6,0.4,3,12288,10160
6,0.4,4,12288,9792
6,0.4,5,12288,12696
7,0.4,1,12288,6792
7,0.4,2,12288,8880
7,0.4,3,12288,13256
7,0.4,4,12288,17440
7,0.4,5,12288,15128
8,0.4,1,12288,7824
8,0.4,2,12288,7736
8,0.4,3,12288,12064
8,0.4,4,12288,8000
8,0.4,5,12288,14440
9,0.4,1,12288,15240
9,0.4,2,12288,9192
9,0.4,3,12288,22304
9,0.4,4,12288,20552
9,0.4,5,12288,8720
10,0.4,1,12288,15632
10,0.4,2,12288,10432
10,0.4,3,12288,15384
10,0.4,4,12288,20528
10,0.4,5,12288,16688
11,0.4,1,12288,14576
11,0.4,2,12288,28456
11,0.4,3,12288,9592
11,0.4,4,12288,18016
11,0.4,5,12288,9648
12,0.4,1,12288,18592
12,0.4,2,12288,10032
12,0.4,3,12288,21424
12,0.4,4,12288,20208
12,0.4,5,12288,15440
13,0.4,1,12288,24840
13,0.4,2,12288,23728
13,0.4,3,12288,21440
13,0.4,4,12288,22056
13,0.4,5,12288,30736
14,0.4,1,12288,24776
14,0.4,2,12288,23368
14,0.4,3,12288,11424
14,0.4,4,12288,20288
14,0.4,5,12288,28784
15,0.4,1,12288,17848
15,0.4,2,12288,27152
15,0.4,3,12288,22416
15,0.4,4,12288,14824
15,0.4,5,12288,17256
16,0.4,1,12288,23856
16,0.4,2,12288,29472
16,0.4,3,12288,19384
16,0.4,4,12288,13880
16,0.4,5,12288,27440
17,0.4,1,12288,30248
17,0.4,2,20480,41944
17,0.4,3,12288,15184
17,0.4,4,20480,28344
17,0.4,5,12288,21784
18,0.4,1,12288,25096
18,0.4,2,12288,20504
18,0.4,3,12288,24656
18,0.4,4,12288,18184
18,0.4,5,12288,36528
19,0.4,1,20480,29736
19,0.4,2,12288,23144
19,0.4,3,12288,21280
19,0.4,4,12288,22104
19,0.4,5,12288,17208
20,0.4,1,12288,24552
20,0.4,2,20480,48800
20,0.4,3,20480,50560
20,0.4,4,20480,35104
20,0.4,5,20480,52416
21,0.4,1,20480,32688
21,0.4,2,20480,47096
21,0.4,3,20480,55056
21,0.4,4,20480,28512
21,0.4,5,20480,36104
22,0.4,1,12288,25840
22,0.4,2,20480,58416
22,0.4,3,12288,16232
22,0.4,4,20480,39760
22,0.4,5,20480,37936
23,0.4,1,12288,16248
23,0.4,2,20480,25920
23,0.4,3,20480,37320
23,0.4,4,20480,40248
23,0.4,5,20480,17912
24,0.4,1,20480,20816
24,0.4,2,20480,18488
24,0.4,3,20480,32488
24,0.4,4,20480,28896
24,0.4,5,20480,33104
25,0.4,1,20480,39096
25,0.4,2,20480,21624
25,0.4,3,20480,35480
25,0.4,4,20480,23360
25,0.4,5,20480,26424
26,0.4,1,20480,22760
26,0.4,2,20480,21248
26,0.4,3,20480,33904
26,0.4,4,20480,16960
26,0.4,5,20480,47208
27,0.4,1,20480,27712
27,0.4,2,20480,44416
27,0.4,3,20480,93072
27,0.4,4,20480,36992
27,0.4,5,20480,48056
28,0.4,1,20480,36144
28,0.4,2,20480,39752
28,0.4,3,20480,25920
28,0.4,4,20480,37856
28,0.4,5,20480,47816
29,0.4,1,20480,24992
29,0.4,2,20480,35856
29,0.4,3,20480,45904
29,0.4,4,20480,44704
29,0.4,5,20480,47728
30,0.4,1,20480,34864
30,0.4,2,20480,32992
30,0.4,3,20480,48408
30,0.4,4,20480,40752
30,0.4,5,20480,49816
31,0.4,1,20480,40352
31,0.4,2,24576,63064
31,0.4,3,20480,50224
31,0.4,4,20480,37040
31,0.4,5,20480,48048
32,0.4,1,20480,46376
32,0.4,2,24576,40600
32,0.4,3,20480,28712
32,0.4,4,20480,43464
32,0.4,5,20480,55456
33,0.4,1,20480,39312
33,0.4,2,20480,31088
33,0.4,3,20480,37936
33,0.4,4,20480,44912
33,0.4,5,20480,66816
34,0.4,1,20480,56528
34,0.4,2,20480,22288
34,0.4,3,20480,60536
34,0.4,4,24576,50256
34,0.4,5,24576,58592
35,0.4,1,24576,78328
35,0.4,2,24576,83160
35,0.4,3,20480,54944
35,0.4,4,20480,47392
35,0.4,5,20480,34048
36,0.4,1,20480,50736
36,0.4,2,20480,38408
36,0.4,3,20480,79248
36,0.4,4,24576,51904
36,0.4,5,20480,38040
37,0.4,1,24576,50176
37,0.4,2,24576,53312
37,0.4,3,24576,65552
37,0.4,4,20480,50400
37,0.4,5,20480,40776
38,0.4,1,20480,38096
38,0.4,2,24576,48600
38,0.4,3,24576,51360
38,0.4,4,20480,61808
38,0.4,5,20480,64008
39,0.4,1,20480,64968
39,0.4,2,20480,30432
39,0.4,3,20480,47648
39,0.4,4,24576,67224
39,0.4,5,20480,57064
40,0.4,1,20480,33144
40,0.4,2,24576,45680
40,0.4,3,24576,94616
40,0.4,4,24576,85192
40,0.4,5,24576,81680
41,0.4,1,24576,55624
41,0.4,2,24576,80376
41,0.4,3,24576,30408
41,0.4,4,24576,40816
41,0.4,5,24576,53200
42,0.4,1,24576,73480
42,0.4,2,24576,32192
42,0.4,3,24576,56848
42,0.4,4,24576,70072
42,0.4,5,24576,46504
43,0.4,1,24576,85080
43,0.4,2,24576,39448
43,0.4,3,24576,66496
43,0.4,4,24576,35016
43,0.4,5,24576,62328
44,0.4,1,24576,47224
44,0.4,2,24576,81368
44,0.4,3,24576,48312
44,0.4,4,24576,44616
44,0.4,5,24576,89552
45,0.4,1,24576,78040
45,0.4,2,24576,67472
45,0.4,3,24576,62984
45,0.4,4,24576,63528
45,0.4,5,24576,51256
46,0.4,1,24576,52136
46,0.4,2,24576,66888
46,0.4,3,24576,33400
46,0.4,4,24576,33272
46,0.4,5,24576,63640
47,0.4,1,24576,70640
47,0.4,2,28672,88336
47,0.4,3,24576,24672
47,0.4,4,24576,50632
47,0.4,5,24576,45088
48,0.4,1,24576,52856
48,0.4,2,24576,58752
48,0.4,3,24576,75280
48,0.4,4,24576,34592
48,0.4,5,24576,101488
49,0.4,1,24576,68032
49,0.4,2,24576,61392
49,0.4,3,24576,31304
49,0.4,4,24576,56176
49,0.4,5,24576,52640
50,0.4,1,24576,107512
50,0.4,2,24576,67440
50,0.4,3,24576,47672
50,0.4,4,24576,47144
50,0.4,5,24576,70744
51,0.4,1,24576,66128
51,0.4,2,28672,49936
51,0.4,3,24576,71520
51,0.4,4,28672,69736
51,0.4,5,24576,41704
52,0.4,1,28672,82360
52,0.4,2,24576,98416
52,0.4,3,28672,61848
52,0.4,4,28672,130552
52,0.4,5,24576,41664
53,0.4,1,28672,57912
53,0.4,2,24576,51472
53,0.4,3,24576,70152
53,0.4,4,28672,41352
53,0.4,5,28672,39208
54,0.4,1,28672,55112
54,0.4,2,28672,66488
54,0.4,3,24576,39336
54,0.4,4,24576,54648
54,0.4,5,28672,73192
55,0.4,1,24576,33272
55,0.4,2,28672,63888
55,0.4,3,28672,88904
55,0.4,4,28672,78496
55,0.4,5,24576,43992
56,0.4,1,28672,51376
56,0.4,2,24576,51896
56,0.4,3,28672,109736
56,0.4,4,24576,88808
56,0.4,5,28672,88200
57,0.4,1,28672,90336
57,0.4,2,24576,117376
57,0.4,3,24576,62568
57,0.4,4,28672,134112
57,0.4,5,28672,97320
58,0.4,1,28672,88416
58,0.4,2,28672,97224
58,0.4,3,28672,68864
58,0.4,4,32768,71056
58,0.4,5,28672,63816
59,0.4,1,28672,78688
59,0.4,2,28672,58304
59,0.4,3,28672,57560
59,0.4,4,28672,73152
59,0.4,5,28672,100320
60,0.4,1,28672,90728
60,0.4,2,28672,56520
60,0.4,3,24576,50216
60,0.4,4,28672,58696
60,0.4,5,28672,86440
61,0.4,1,28672,104336
61,0.4,2,28672,56000
61,0.4,3,24576,63056
61,0.4,4,28672,78072
61,0.4,5,28672,78264
62,0.4,1,28672,73232
62,0.4,2,28672,60760
62,0.4,3,32768,73496
62,0.4,4,28672,64480
62,0.4,5,28672,77976
63,0.4,1,28672,121712
63,0.4,2,28672,73600
63,0.4,3,32768,82304
63,0.4,4,28672,69040
63,0.4,5,28672,124248
64,0.4,1,28672,74664
64,0.4,2,28672,74376
64,0.4,3,28672,81312
64,0.4,4,28672,87096
64,0.4,5,28672,78200
65,0.4,1,28672,61216
65,0.4,2,28672,58664
65,0.4,3,28672,125792
65,0.4,4,32768,107584
65,0.4,5,28672,67080
66,0.4,1,28672,56368
66,0.4,2,28672,71864
66,0.4,3,32768,110880
66,0.4,4,28672,74056
66,0.4,5,28672,137560
67,0.4,1,32768,68800
67,0.4,2,32768,79400
67,0.4,3,24576,35040
67,0.4,4,28672,86120
67,0.4,5,32768,113080
68,0.4,1,28672,96832
68,0.4,2,32768,92216
68,0.4,3,32768,79944
68,0.4,4,28672,59224
68,0.4,5,28672,47464
69,0.4,1,28672,72968
69,0.4,2,28672,61152
69,0.4,3,32768,113376
69,0.4,4,32768,125152
69,0.4,5,28672,113000
70,0.4,1,28672,49808
70,0.4,2,36864,122656
70,0.4,3,28672,36304
70,0.4,4,28672,104816
70,0.4,5,32768,102576
71,0.4,1,32768,100496
71,0.4,2,28672,100496
71,0.4,3,32768,100360
71,0.4,4,32768,109440
71,0.4,5,32768,97824
72,0.4,1,32768,78288
72,0.4,2,32768,80360
72,0.4,3,32768,63472
72,0.4,4,32768,102872
72,0.4,5,32768,125928
73,0.4,1,28672,48296
73,0.4,2,32768,57880
73,0.4,3,32768,80104
73,0.4,4,32768,125528
73,0.4,5,32768,68456
74,0.4,1,32768,133272
74,0.4,2,28672,83048
74,0.4,3,32768,111232
74,0.4,4,32768,152800
74,0.4,5,32768,60288
75,0.4,1,32768,88352
75,0.4,2,28672,85192
75,0.4,3,32768,55624
75,0.4,4,32768,82376
75,0.4,5,32768,51528
76,0.4,1,32768,67768
76,0.4,2,32768,109176
76,0.4,3,32768,117120
76,0.4,4,28672,57744
76,0.4,5,36864,107152
77,0.4,1,32768,128096
77,0.4,2,32768,102248
77,0.4,3,32768,65776
77,0.4,4,36864,102752
77,0.4,5,36864,121536
78,0.4,1,36864,67768
78,0.4,2,32768,99440
78,0.4,3,32768,94136
78,0.4,4,32768,80072
78,0.4,5,32768,97912
79,0.4,1,32768,58416
79,0.4,2,32768,66784
79,0.4,3,36864,103352
79,0.4,4,32768,116536
79,0.4,5,32768,77936
80,0.4,1,32768,194016
80,0.4,2,32768,108128
80,0.4,3,32768,72904
80,0.4,4,32768,79536
80,0.4,5,32768,73656
81,0.4,1,32768,87152
81,0.4,2,36864,96360
81,0.4,3,32768,117480
81,0.4,4,36864,67888
81,0.4,5,32768,78224
82,0.4,1,36864,109168
82,0.4,2,32768,79512
82,0.4,3,36864,123872
82,0.4,4,32768,92688
82,0.4,5,36864,84952
83,0.4,1,36864,119680
83,0.4,2,32768,89360
83,0.4,3,32768,99936
83,0.4,4,36864,182952
83,0.4,5,32768,58336
84,0.4,1,36864,108704
84,0.4,2,36864,93024
84,0.4,3,36864,103336
84,0.4,4,32768,106936
84,0.4,5,40960,117128
85,0.4,1,36864,57752
85,0.4,2,32768,52952
85,0.4,3,32768,62272
85,0.4,4,32768,112832
85,0.4,5,32768,92984
86,0.4,1,36864,91424
86,0.4,2,32768,90952
86,0.4,3,36864,76624
86,0.4,4,36864,87232
86,0.4,5,36864,138968
87,0.4,1,36864,97272
87,0.4,2,36864,100760
87,0.4,3,36864,91576
87,0.4,4,36864,176568
87,0.4,5,36864,123128
88,0.4,1,36864,101576
88,0.4,2,36864,68712
88,0.4,3,36864,81680
88,0.4,4,36864,83808
88,0.4,5,36864,80432
89,0.4,1,36864,95160
89,0.4,2,36864,75552
89,0.4,3,32768,86048
89,0.4,4,36864,116120
89,0.4,5,36864,112632
90,0.4,1,32768,66024
90,0.4,2,36864,171016
90,0.4,3,40960,134928
90,0.4,4,36864,77336
90,0.4,5,36864,153552
91,0.4,1,40960,85328
91,0.4,2,36864,116240
91,0.4,3,36864,118536
91,0.4,4,36864,65600
91,0.4,5,36864,74288
92,0.4,1,36864,88144
92,0.4,2,32768,98424
92,0.4,3,36864,90544
92,0.4,4,40960,155032
92,0.4,5,36864,76152
93,0.4,1,36864,91144
93,0.4,2,40960,91312
93,0.4,3,36864,78192
93,0.4,4,40960,73696
93,0.4,5,36864,94128
94,0.4,1,36864,84704
94,0.4,2,36864,114312
94,0.4,3,40960,73544
94,0.4,4,36864,121904
94,0.4,5,36864,68032
95,0.4,1,40960,150048
95,0.4,2,36864,102888
95,0.4,3,36864,148320
95,0.4,4,36864,158384
95,0.4,5,40960,92192
96,0.4,1,36864,144880
96,0.4,2,40960,83016
96,0.4,3,36864,88344
96,0.4,4,40960,205976
96,0.4,5,40960,143728
97,0.4,1,36864,98664
97,0.4,2,36864,119632
97,0.4,3,36864,100184
97,0.4,4,36864,71760
97,0.4,5,36864,118656
98,0.4,1,36864,104352
98,0.4,2,40960,169984
98,0.4,3,36864,56784
98,0.4,4,40960,178752
98,0.4,5,40960,110872
99,0.4,1,45056,89960
99,0.4,2,40960,129832
99,0.4,3,40960,103792
99,0.4,4,40960,193192
99,0.4,5,40960,123744
100,0.4,1,36864,72224
100,0.4,2,40960,78264
100,0.4,3,40960,104872
100,0.4,4,36864,112280
100,0.4,5,40960,83224
1,0.5,1,12288,16
1,0.5,2,12288,16
1,0.5,3,12288,16
1,0.5,4,12288,16
1,0.5,5,12288,16
2,0.5,1,12288,4736
2,0.5,2,12288,9408
2,0.5,3,12288,4472
2,0.5,4,12288,4736
2,0.5,5,12288,4544
3,0.5,1,12288,5128
3,0.5,2,12288,4984
3,0.5,3,12288,9976
3,0.5,4,12288,5256
3,0.5,5,12288,7984
4,0.5,1,12288,5720
4,0.5,2,12288,5648
4,0.5,3,12288,7264
4,0.5,4,12288,18488
4,0.5,5,12288,5616
5,0.5,1,12288,5936
5,0.5,2,12288,9840
5,0.5,3,12288,6408
5,0.5,4,12288,9960
5,0.5,5,12288,6328
6,0.5,1,12288,10384
6,0.5,2,12288,12576
6,0.5,3,12288,16136
6,0.5,4,12288,11960
6,0.5,5,12288,7024
7,0.5,1,12288,8808
7,0.5,2,12288,10240
7,0.5,3,12288,21096
7,0.5,4,12288,7312
7,0.5,5,12288,14920
8,0.5,1,12288,20352
8,0.5,2,12288,11664
8,0.5,3,12288,8144
8,0.5,4,12288,7376
8,0.5,5,12288,16952
9,0.5,1,12288,11416
9,0.5,2,12288,14712
9,0.5,3,12288,11368
9,0.5,4,12288,19320
9,0.5,5,12288,22408
10,0.5,1,12288,23600
10,0.5,2,12288,9728
10,0.5,3,12288,14904
10,0.5,4,12288,9928
10,0.5,5,12288,16480
11,0.5,1,12288,18200
11,0.5,2,12288,13960
11,0.5,3,12288,12680
11,0.5,4,12288,12256
11,0.5,5,12288,27832
12,0.5,1,12288,13992
12,0.5,2,12288,10344
12,0.5,3,12288,20264
12,0.5,4,12288,18712
12,0.5,5,12288,9800
13,0.5,1,12288,13392
13,0.5,2,12288,17112
13,0.5,3,12288,12600
13,0.5,4,12288,10624
13,0.5,5,12288,16184
14,0.5,1,12288,27008
14,0.5,2,12288,17304
14,0.5,3,12288,14168
14,0.5,4,12288,14264
14,0.5,5,12288,11320
15,0.5,1,12288,28464
15,0.5,2,12288,24560
15,0.5,3,12288,17856
15,0.5,4,12288,18576
15,0.5,5,12288,24400
16,0.5,1,12288,15824
16,0.5,2,20480,44664
16,0.5,3,12288,10400
16,0.5,4,12288,18456
16,0.5,5,12288,17704
17,0.5,1,12288,44472
17,0.5,2,20480,24600
17,0.5,3,20480,46416
17,0.5,4,12288,32160
17,0.5,5,12288,16728
18,0.5,1,12288,18160
18,0.5,2,12288,32336
18,0.5,3,20480,41112
18,0.5,4,12288,33432
18,0.5,5,20480,47672
19,0.5,1,12288,15608
19,0.5,2,12288,15824
19,0.5,3,20480,32872
19,0.5,4,20480,31304
19,0.5,5,20480,25288
20,0.5,1,20480,47496
20,0.5,2,12288,18496
20,0.5,3,20480,23408
20,0.5,4,20480,37600
20,0.5,5,12288,11312
21,0.5,1,20480,40688
21,0.5,2,20480,37952
21,0.5,3,20480,49128
21,0.5,4,20480,25160
21,0.5,5,20480,24688
22,0.5,1,20480,22016
22,0.5,2,20480,27600
22,0.5,3,12288,23960
22,0.5,4,20480,49248
22,0.5,5,20480,22928
23,0.5,1,20480,28064
23,0.5,2,20480,42600
23,0.5,3,20480,51896
23,0.5,4,12288,18440
23,0.5,5,20480,20208
24,0.5,1,20480,27720
24,0.5,2,12288,30976
24,0.5,3,20480,41464
24,0.5,4,20480,36632
24,0.5,5,20480,32008
25,0.5,1,20480,40032
25,0.5,2,20480,20256
25,0.5,3,20480,35016
25,0.5,4,20480,38944
25,0.5,5,20480,35432
26,0.5,1,20480,24424
26,0.5,2,20480,29160
26,0.5,3,20480,77096
26,0.5,4,20480,47176
26,0.5,5,20480,43344
27,0.5,1,20480,77376
27,0.5,2,20480,36912
27,0.5,3,20480,33936
27,0.5,4,20480,36792
27,0.5,5,20480,22200
28,0.5,1,20480,32424
28,0.5,2,20480,53208
28,0.5,3,20480,33552
28,0.5,4,20480,55592
28,0.5,5,20480,37480
29,0.5,1,20480,65024
29,0.5,2,20480,47984
29,0.5,3,20480,30528
29,0.5,4,20480,27800
29,0.5,5,20480,16504
30,0.5,1,20480,33968
30,0.5,2,20480,38696
30,0.5,3,20480,33296
30,0.5,4,20480,51392
30,0.5,5,20480,36680
31,0.5,1,20480,37792
31,0.5,2,20480,40840
31,0.5,3,20480,68736
31,0.5,4,20480,54312
31,0.5,5,20480,53416
32,0.5,1,20480,57112
32,0.5,2,20480,48288
32,0.5,3,20480,50688
32,0.5,4,20480,41568
32,0.5,5,20480,41576
33,0.5,1,20480,57424
33,0.5,2,24576,67504
33,0.5,3,20480,34304
33,0.5,4,20480,38856
33,0.5,5,20480,43704
34,0.5,1,20480,39696
34,0.5,2,20480,53304
34,0.5,3,20480,39024
34,0.5,4,20480,62064
34,0.5,5,20480,45896
35,0.5,1,20480,60400
35,0.5,2,20480,39976
35,0.5,3,20480,42456
35,0.5,4,24576,54856
35,0.5,5,20480,62224
36,0.5,1,24576,97112
36,0.5,2,24576,69368
36,0.5,3,24576,50464
36,0.5,4,20480,50224
36,0.5,5,20480,43672
37,0.5,1,24576,45688
37,0.5,2,24576,36144
37,0.5,3,20480,43040
37,0.5,4,24576,51688
37,0.5,5,20480,61808
38,0.5,1,24576,44888
38,0.5,2,24576,102936
38,0.5,3,24576,71896
38,0.5,4,20480,30848
38,0.5,5,24576,77480
39,0.5,1,20480,46664
39,0.5,2,24576,86448
39,0.5,3,20480,42912
39,0.5,4,24576,48328
39,0.5,5,24576,65712
40,0.5,1,24576,55328
40,0.5,2,24576,54784
40,0.5,3,20480,53328
40,0.5,4,24576,65960
40,0.5,5,20480,46872
41,0.5,1,24576,45256
41,0.5,2,24576,40376
41,0.5,3,24576,57640
41,0.5,4,24576,61376
41,0.5,5,24576,60968
42,0.5,1,24576,48160
42,0.5,2,24576,53296
42,0.5,3,24576,77472
42,0.5,4,24576,55920
42,0.5,5,20480,53888
43,0.5,1,24576,60048
43,0.5,2,24576,56912
43,0.5,3,24576,48528
43,0.5,4,24576,73384
43,0.5,5,24576,48920
44,0.5,1,28672,56880
44,0.5,2,24576,41952
44,0.5,3,24576,116448
44,0.5,4,24576,58232
44,0.5,5,24576,60952
45,0.5,1,24576,73368
45,0.5,2,24576,50384
45,0.5,3,24576,79392
45,0.5,4,24576,32312
45,0.5,5,24576,77952
46,0.5,1,24576,83568
46,0.5,2,20480,20016
46,0.5,3,24576,58240
46,0.5,4,24576,78048
46,0.5,5,28672,70728
47,0.5,1,24576,64024
47,0.5,2,24576,76400
47,0.5,3,24576,74752
47,0.5,4,24576,82048
47,0.5,5,24576,55784
48,0.5,1,24576,71152
48,0.5,2,24576,69768
48,0.5,3,24576,45872
48,0.5,4,24576,42312
48,0.5,5,24576,70760
49,0.5,1,24576,92480
49,0.5,2,24576,41928
49,0.5,3,28672,114904
49,0.5,4,24576,53440
49,0.5,5,24576,41424
50,0.5,1,24576,89224
50,0.5,2,24576,76592
50,0.5,3,24576,56496
50,0.5,4,24576,67632
50,0.5,5,24576,57912
51,0.5,1,24576,63384
51,0.5,2,28672,67160
51,0.5,3,24576,42160
51,0.5,4,28672,129264
51,0.5,5,28672,63056
52,0.5,1,28672,74008
52,0.5,2,24576,44056
52,0.5,3,24576,92544
52,0.5,4,24576,57296
52,0.5,5,24576,49216
53,0.5,1,28672,108680
53,0.5,2,28672,64432
53,0.5,3,24576,55200
53,0.5,4,24576,35400
53,0.5,5,28672,82632
54,0.5,1,28672,51872
54,0.5,2,24576,60384
54,0.5,3,28672,47064
54,0.5,4,28672,110320
54,0.5,5,28672,77648
55,0.5,1,28672,96624
55,0.5,2,28672,65728
55,0.5,3,28672,80920
55,0.5,4,28672,64864
55,0.5,5,28672,79888
56,0.5,1,28672,82520
56,0.5,2,28672,50488
56,0.5,3,28672,57320
56,0.5,4,28672,50896
56,0.5,5,28672,73504
57,0.5,1,28672,98840
57,0.5,2,32768,124256
57,0.5,3,28672,89952
57,0.5,4,28672,60400
57,0.5,5,28672,66024
58,0.5,1,28672,95448
58,0.5,2,28672,101080
58,0.5,3,28672,72992
58,0.5,4,28672,88768
58,0.5,5,28672,38408
59,0.5,1,28672,64416
59,0.5,2,24576,60256
59,0.5,3,28672,57968
59,0.5,4,32768,65344
59,0.5,5,28672,63704
60,0.5,1,28672,88208
60,0.5,2,28672,91016
60,0.5,3,28672,99688
60,0.5,4,28672,46576
60,0.5,5,28672,47856
61,0.5,1,28672,115336
61,0.5,2,24576,68168
61,0.5,3,28672,76904
61,0.5,4,28672,69032
61,0.5,5,28672,72064
62,0.5,1,28672,58224
62,0.5,2,28672,110480
62,0.5,3,28672,85016
62,0.5,4,28672,135752
62,0.5,5,28672,64000
63,0.5,1,28672,69976
63,0.5,2,28672,69512
63,0.5,3,28672,75656
63,0.5,4,28672,46048
63,0.5,5,28672,65904
64,0.5,1,28672,101144
64,0.5,2,28672,76320
64,0.5,3,28672,97760
64,0.5,4,28672,60944
64,0.5,5,28672,49936
65,0.5,1,32768,160064
65,0.5,2,24576,45120
65,0.5,3,28672,134936
65,0.5,4,28672,88896
65,0.5,5,28672,143184
66,0.5,1,28672,99568
66,0.5,2,32768,122288
66,0.5,3,32768,134384
66,0.5,4,28672,52624
66,0.5,5,28672,71888
67,0.5,1,28672,79536
67,0.5,2,28672,44816
67,0.5,3,28672,58192
67,0.5,4,28672,94000
67,0.5,5,32768,83056
68,0.5,1,28672,66848
68,0.5,2,28672,107792
68,0.5,3,32768,119880
68,0.5,4,32768,131280
68,0.5,5,28672,78832
69,0.5,1,32768,75488
69,0.5,2,28672,42816
69,0.5,3,32768,72016
69,0.5,4,32768,163424
69,0.5,5,28672,42344
70,0.5,1,32768,114816
70,0.5,2,32768,131552
70,0.5,3,28672,88792
70,0.5,4,28672,51640
70,0.5,5,28672,89200
71,0.5,1,32768,84832
71,0.5,2,32768,98088
71,0.5,3,32768,70312
71,0.5,4,32768,99296
71,0.5,5,32768,85944
72,0.5,1,28672,79536
72,0.5,2,32768,132680
72,0.5,3,28672,50456
72,0.5,4,32768,67472
72,0.5,5,28672,90184
73,0.5,1,32768,131832
73,0.5,2,32768,69880
73,0.5,3,28672,86000
73,0.5,4,32768,92952
73,0.5,5,28672,46624
74,0.5,1,32768,130504
74,0.5,2,32768,113024
74,0.5,3,32768,82240
74,0.5,4,32768,95400
74,0.5,5,32768,70088
75,0.5,1,32768,93528
75,0.5,2,32768,91480
75,0.5,3,32768,60944
75,0.5,4,32768,79976
75,0.5,5,32768,112352
76,0.5,1,32768,104264
76,0.5,2,32768,90304
76,0.5,3,32768,85176
76,0.5,4,32768,183632
76,0.5,5,36864,82368
77,0.5,1,32768,92784
77,0.5,2,32768,76120
77,0.5,3,36864,134736
77,0.5,4,32768,87296
77,0.5,5,36864,127520
78,0.5,1,36864,183080
78,0.5,2,32768,45136
78,0.5,3,36864,126416
78,0.5,4,32768,64296
78,0.5,5,36864,117344
79,0.5,1,36864,111648
79,0.5,2,32768,108616
79,0.5,3,32768,109488
79,0.5,4,36864,72872
79,0.5,5,36864,97912
80,0.5,1,36864,94472
80,0.5,2,32768,85424
80,0.5,3,32768,87016
80,0.5,4,36864,90648
80,0.5,5,32768,95464
81,0.5,1,32768,93016
81,0.5,2,36864,155512
81,0.5,3,32768,88136
81,0.5,4,32768,113432
81,0.5,5,32768,94848
82,0.5,1,36864,136744
82,0.5,2,36864,130888
82,0.5,3,32768,82336
82,0.5,4,36864,70624
82,0.5,5,36864,106152
83,0.5,1,36864,87000
83,0.5,2,40960,108456
83,0.5,3,32768,165712
83,0.5,4,36864,117168
83,0.5,5,36864,144952
84,0.5,1,32768,144320
84,0.5,2,36864,123360
84,0.5,3,32768,68712
84,0.5,4,36864,83008
84,0.5,5,36864,104248
85,0.5,1,36864,115760
85,0.5,2,36864,73096
85,0.5,3,32768,97608
85,0.5,4,36864,76136
85,0.5,5,32768,56120
86,0.5,1,36864,64144
86,0.5,2,36864,83792
86,0.5,3,36864,120296
86,0.5,4,36864,84288
86,0.5,5,36864,59304
87,0.5,1,36864,83664
87,0.5,2,36864,132048
87,0.5,3,36864,90000
87,0.5,4,36864,106000
87,0.5,5,36864,145496
88,0.5,1,36864,135536
88,0.5,2,36864,123928
88,0.5,3,32768,108880
88,0.5,4,36864,123240
88,0.5,5,36864,113520
89,0.5,1,36864,115912
89,0.5,2,32768,103056
89,0.5,3,36864,164448
89,0.5,4,36864,108816
89,0.5,5,36864,102376
90,0.5,1,36864,69488
90,0.5,2,36864,146648
90,0.5,3,36864,92096
90,0.5,4,36864,127928
90,0.5,5,36864,76872
91,0.5,1,36864,53488
91,0.5,2,40960,78752
91,0.5,3,36864,89912
91,0.5,4,36864,95680
91,0.5,5,36864,151968
92,0.5,1,36864,167936
92,0.5,2,40960,158576
92,0.5,3,40960,137408
92,0.5,4,36864,70152
92,0.5,5,36864,118544
93,0.5,1,36864,128736
93,0.5,2,32768,110384
93,0.5,3,36864,132224
93,0.5,4,40960,165528
93,0.5,5,36864,120664
94,0.5,1,36864,135256
94,0.5,2,36864,134880
94,0.5,3,36864,73600
94,0.5,4,40960,157792
94,0.5,5,36864,122000
95,0.5,1,36864,77496
95,0.5,2,36864,122088
95,0.5,3,40960,127424
95,0.5,4,40960,97848
95,0.5,5,36864,124712
96,0.5,1,40960,114528
96,0.5,2,36864,82984
96,0.5,3,36864,70464
96,0.5,4,36864,79560
96,0.5,5,40960,82448
97,0.5,1,40960,119848
97,0.5,2,40960,111656
97,0.5,3,36864,69944
97,0.5,4,36864,95768
97,0.5,5,36864,111928
98,0.5,1,36864,70336
98,0.5,2,40960,121744
98,0.5,3,40960,96968
98,0.5,4,40960,85368
98,0.5,5,40960,104288
99,0.5,1,36864,96360
99,0.5,2,40960,115256
99,0.5,3,36864,75192
99,0.5,4,40960,90720
99,0.5,5,36864,81440
100,0.5,1,40960,176536
100,0.5,2,40960,184216
100,0.5,3,40960,138152
100,0.5,4,40960,117992
100,0.5,5,36864,94840
1,0.6,1,12288,16
1,0.6,2,12288,16
1,0.6,3,12288,16
1,0.6,4,12288,16
1,0.6,5,12288,16
2,0.6,1,12288,5008
2,0.6,2,12288,6136
2,0.6,3,12288,4776
2,0.6,4,12288,4840
2,0.6,5,12288,4584
3,0.6,1,12288,11136
3,0.6,2,12288,6456
3,0.6,3,12288,11496
3,0.6,4,12288,15016
3,0.6,5,12288,5128
4,0.6,1,12288,5584
4,0.6,2,12288,8480
4,0.6,3,12288,5216
4,0.6,4,12288,5544
4,0.6,5,12288,10888
5,0.6,1,12288,10080
5,0.6,2,12288,11864
5,0.6,3,12288,7384
5,0.6,4,12288,6096
5,0.6,5,12288,6304
6,0.6,1,12288,6992
6,0.6,2,12288,7688
6,0.6,3,12288,6560
6,0.6,4,12288,9000
6,0.6,5,12288,17440
7,0.6,1,12288,12448
7,0.6,2,12288,6808
7,0.6,3,12288,14632
7,0.6,4,12288,8648
7,0.6,5,12288,12432
8,0.6,1,12288,11240
8,0.6,2,12288,9944
8,0.6,3,12288,8312
8,0.6,4,12288,16264
8,0.6,5,12288,15080
9,0.6,1,12288,11632
9,0.6,2,12288,13928
9,0.6,3,12288,35800
9,0.6,4,12288,13984
9,0.6,5,12288,12672
10,0.6,1,12288,16944
10,0.6,2,12288,8248
10,0.6,3,12288,13712
10,0.6,4,12288,21120
10,0.6,5,12288,8352
11,0.6,1,12288,14296
11,0.6,2,12288,10064
11,0.6,3,12288,9856
11,0.6,4,12288,13032
11,0.6,5,12288,24016
12,0.6,1,12288,15264
12,0.6,2,12288,9576
12,0.6,3,12288,21512
12,0.6,4,12288,11360
12,0.6,5,12288,14248
13,0.6,1,12288,24528
13,0.6,2,12288,18136
13,0.6,3,12288,13184
13,0.6,4,12288,21160
13,0.6,5,12288,10840
14,0.6,1,12288,36968
14,0.6,2,12288,23880
14,0.6,3,12288,10008
14,0.6,4,12288,14608
14,0.6,5,12288,19072
15,0.6,1,12288,31608
15,0.6,2,12288,13872
15,0.6,3,12288,20928
15,0.6,4,12288,18568
15,0.6,5,12288,13688
16,0.6,1,12288,21752
16,0.6,2,12288,26816
16,0.6,3,12288,44312
16,0.6,4,12288,25984
16,0.6,5,20480,24016
17,0.6,1,20480,26336
17,0.6,2,12288,25752
17,0.6,3,12288,20872
17,0.6,4,12288,21632
17,0.6,5,20480,28920
18,0.6,1,12288,27456
18,0.6,2,12288,17032
18,0.6,3,12288,19152
18,0.6,4,20480,36832
18,0.6,5,12288,39128
19,0.6,1,12288,34024
19,0.6,2,12288,25912
19,0.6,3,12288,29760
19,0.6,4,20480,24168
19,0.6,5,20480,45176
20,0.6,1,12288,19808
20,0.6,2,20480,39432
20,0.6,3,20480,37144
20,0.6,4,12288,19728
20,0.6,5,20480,45944
21,0.6,1,20480,21480
21,0.6,2,12288,28904
21,0.6,3,20480,23328
21,0.6,4,12288,39464
21,0.6,5,20480,43216
22,0.6,1,20480,43832
22,0.6,2,20480,33752
22,0.6,3,20480,29496
22,0.6,4,20480,31016
22,0.6,5,20480,39648
23,0.6,1,20480,43176
23,0.6,2,20480,41400
23,0.6,3,20480,41872
23,0.6,4,20480,71328
23,0.6,5,20480,38824
24,0.6,1,20480,57104
24,0.6,2,20480,62832
24,0.6,3,20480,38056
24,0.6,4,20480,36296
24,0.6,5,20480,54776
25,0.6,1,20480,28000
25,0.6,2,20480,23792
25,0.6,3,20480,48256
25,0.6,4,20480,57376
25,0.6,5,20480,37648
26,0.6,1,20480,40704
26,0.6,2,20480,55840
26,0.6,3,20480,57536
26,0.6,4,20480,40440
26,0.6,5,20480,33464
27,0.6,1,20480,47296
27,0.6,2,20480,54568
27,0.6,3,20480,58608
27,0.6,4,20480,45376
27,0.6,5,20480,38864
28,0.6,1,20480,66008
28,0.6,2,20480,36008
28,0.6,3,20480,49576
28,0.6,4,20480,68304
28,0.6,5,20480,32160
29,0.6,1,20480,34520
29,0.6,2,20480,50688
29,0.6,3,20480,28320
29,0.6,4,20480,27040
29,0.6,5,20480,42296
30,0.6,1,20480,40200
30,0.6,2,20480,50424
30,0.6,3,20480,29552
30,0.6,4,20480,56352
30,0.6,5,20480,70152
31,0.6,1,20480,32160
31,0.6,2,20480,55832
31,0.6,3,20480,42120
31,0.6,4,20480,36808
31,0.6,5,20480,39272
32,0.6,1,20480,32784
32,0.6,2,20480,30328
32,0.6,3,20480,30176
32,0.6,4,20480,51520
32,0.6,5,20480,30168
33,0.6,1,20480,58752
33,0.6,2,20480,36008
33,0.6,3,20480,47984
33,0.6,4,20480,63080
33,0.6,5,20480,39952
34,0.6,1,20480,44888
34,0.6,2,24576,72992
34,0.6,3,20480,52400
34,0.6,4,24576,74352
34,0.6,5,20480,77176
35,0.6,1,20480,39216
35,0.6,2,20480,59312
35,0.6,3,20480,43904
35,0.6,4,24576,82792
35,0.6,5,20480,41360
36,0.6,1,20480,42952
36,0.6,2,20480,50544
36,0.6,3,20480,43152
36,0.6,4,20480,68640
36,0.6,5,24576,48936
37,0.6,1,24576,68992
37,0.6,2,24576,88136
37,0.6,3,24576,50248
37,0.6,4,24576,73952
37,0.6,5,24576,61976
38,0.6,1,20480,44320
38,0.6,2,24576,69776
38,0.6,3,24576,76528
38,0.6,4,24576,46784
38,0.6,5,24576,45328
39,0.6,1,20480,50072
39,0.6,2,24576,54712
39,0.6,3,24576,51168
39,0.6,4,24576,69496
39,0.6,5,24576,54488
40,0.6,1,20480,41456
40,0.6,2,24576,56832
40,0.6,3,20480,44952
40,0.6,4,20480,58752
40,0.6,5,24576,65312
41,0.6,1,24576,99952
41,0.6,2,24576,102248
41,0.6,3,24576,71688
41,0.6,4,20480,35424
41,0.6,5,24576,37152
42,0.6,1,24576,32592
42,0.6,2,24576,69728
42,0.6,3,24576,42248
42,0.6,4,24576,83040
42,0.6,5,24576,73744
43,0.6,1,24576,61984
43,0.6,2,24576,55504
43,0.6,3,20480,45616
43,0.6,4,24576,53472
43,0.6,5,24576,72576
44,0.6,1,24576,77792
44,0.6,2,24576,92728
44,0.6,3,24576,39568
44,0.6,4,24576,68688
44,0.6,5,24576,42432
45,0.6,1,24576,56384
45,0.6,2,24576,50512
45,0.6,3,24576,90888
45,0.6,4,24576,71424
45,0.6,5,24576,43688
46,0.6,1,24576,53648
46,0.6,2,24576,49800
46,0.6,3,24576,35352
46,0.6,4,24576,39696
46,0.6,5,28672,103296
47,0.6,1,24576,50840
47,0.6,2,28672,87464
47,0.6,3,24576,58816
47,0.6,4,28672,124520
47,0.6,5,24576,75392
48,0.6,1,24576,59864
48,0.6,2,24576,59352
48,0.6,3,24576,79496
48,0.6,4,24576,35616
48,0.6,5,24576,65728
49,0.6,1,24576,44944
49,0.6,2,24576,76984
49,0.6,3,24576,59592
49,0.6,4,24576,49544
49,0.6,5,24576,44008
50,0.6,1,24576,63888
50,0.6,2,28672,167616
50,0.6,3,24576,41440
50,0.6,4,24576,57680
50,0.6,5,24576,78232
51,0.6,1,24576,76336
51,0.6,2,24576,62432
51,0.6,3,24576,38096
51,0.6,4,24576,86544
51,0.6,5,24576,69024
52,0.6,1,24576,48048
52,0.6,2,24576,66896
52,0.6,3,28672,109888
52,0.6,4,28672,86168
52,0.6,5,24576,83520
53,0.6,1,28672,86632
53,0.6,2,24576,94288
53,0.6,3,24576,87000
53,0.6,4,24576,74376
53,0.6,5,28672,86408
54,0.6,1,28672,100832
54,0.6,2,28672,71496
54,0.6,3,28672,79416
54,0.6,4,28672,112976
54,0.6,5,28672,42936
55,0.6,1,24576,56824
55,0.6,2,24576,62840
55,0.6,3,28672,97720
55,0.6,4,28672,126024
55,0.6,5,28672,48104
56,0.6,1,28672,71216
56,0.6,2,24576,69792
56,0.6,3,28672,78984
56,0.6,4,28672,45920
56,0.6,5,28672,94904
57,0.6,1,28672,89824
57,0.6,2,28672,100600
57,0.6,3,24576,64120
57,0.6,4,28672,93328
57,0.6,5,24576,59984
58,0.6,1,28672,57136
58,0.6,2,24576,56920
58,0.6,3,28672,90104
58,0.6,4,24576,43024
58,0.6,5,28672,57952
59,0.6,1,28672,83080
59,0.6,2,32768,131576
59,0.6,3,28672,88480
59,0.6,4,28672,107856
59,0.6,5,28672,72424
60,0.6,1,28672,48192
60,0.6,2,28672,79832
60,0.6,3,28672,59240
60,0.6,4,24576,40104
60,0.6,5,28672,83656
61,0.6,1,28672,57944
61,0.6,2,28672,117496
61,0.6,3,28672,97088
61,0.6,4,28672,66344
61,0.6,5,28672,87152
62,0.6,1,28672,54504
62,0.6,2,28672,63624
62,0.6,3,28672,86264
62,0.6,4,28672,76112
62,0.6,5,28672,112512
63,0.6,1,28672,79104
63,0.6,2,28672,64848
63,0.6,3,28672,69896
63,0.6,4,28672,85120
63,0.6,5,28672,62032
64,0.6,1,28672,73616
64,0.6,2,32768,89784
64,0.6,3,28672,39384
64,0.6,4,32768,116880
64,0.6,5,28672,84840
65,0.6,1,32768,79128
65,0.6,2,28672,91352
65,0.6,3,28672,170272
65,0.6,4,28672,62312
65,0.6,5,28672,80224
66,0.6,1,32768,118272
66,0.6,2,28672,97144
66,0.6,3,28672,71976
66,0.6,4,32768,96304
66,0.6,5,28672,55328
67,0.6,1,32768,66848
67,0.6,2,28672,92376
67,0.6,3,32768,105336
67,0.6,4,28672,76640
67,0.6,5,32768,69960
68,0.6,1,28672,69704
68,0.6,2,32768,117504
68,0.6,3,32768,90664
68,0.6,4,32768,137368
68,0.6,5,28672,140104
69,0.6,1,32768,114584
69,0.6,2,28672,43352
69,0.6,3,28672,54192
69,0.6,4,32768,85216
69,0.6,5,28672,100448
70,0.6,1,32768,102096
70,0.6,2,32768,68344
70,0.6,3,28672,105296
70,0.6,4,28672,60424
70,0.6,5,32768,64912
71,0.6,1,32768,88656
71,0.6,2,28672,98656
71,0.6,3,32768,130680
71,0.6,4,32768,151168
71,0.6,5,32768,79032
72,0.6,1,32768,73264
72,0.6,2,32768,154288
72,0.6,3,32768,104952
72,0.6,4,32768,143808
72,0.6,5,32768,135896
73,0.6,1,32768,131360
73,0.6,2,32768,122744
73,0.6,3,32768,42928
73,0.6,4,32768,80872
73,0.6,5,32768,118584
74,0.6,1,28672,89032
74,0.6,2,32768,88432
74,0.6,3,28672,64048
74,0.6,4,32768,79848
74,0.6,5,28672,110024
75,0.6,1,32768,116392
75,0.6,2,32768,61704
75,0.6,3,28672,75896
75,0.6,4,32768,77040
75,0.6,5,32768,85288
76,0.6,1,32768,83936
76,0.6,2,32768,102616
76,0.6,3,32768,111728
76,0.6,4,32768,61352
76,0.6,5,32768,110088
77,0.6,1,32768,67136
77,0.6,2,32768,74272
77,0.6,3,32768,79960
77,0.6,4,32768,65440
77,0.6,5,32768,92496
78,0.6,1,32768,101312
78,0.6,2,32768,87760
78,0.6,3,32768,93592
78,0.6,4,36864,143664
78,0.6,5,36864,136576
79,0.6,1,32768,98248
79,0.6,2,32768,143232
79,0.6,3,32768,57592
79,0.6,4,32768,69984
79,0.6,5,40960,214480
80,0.6,1,32768,104856
80,0.6,2,32768,111568
80,0.6,3,36864,85976
80,0.6,4,32768,56720
80,0.6,5,32768,101736
81,0.6,1,32768,101808
81,0.6,2,32768,69352
81,0.6,3,36864,82184
81,0.6,4,36864,128544
81,0.6,5,36864,150560
82,0.6,1,32768,63608
82,0.6,2,40960,176560
82,0.6,3,32768,142440
82,0.6,4,32768,93344
82,0.6,5,36864,72616
83,0.6,1,36864,126656
83,0.6,2,32768,91088
83,0.6,3,32768,150008
83,0.6,4,32768,52888
83,0.6,5,36864,122856
84,0.6,1,32768,128112
84,0.6,2,32768,89600
84,0.6,3,32768,111480
84,0.6,4,32768,94856
84,0.6,5,32768,135560
85,0.6,1,36864,108944
85,0.6,2,36864,61960
85,0.6,3,36864,129440
85,0.6,4,36864,127088
85,0.6,5,32768,81424
86,0.6,1,36864,101504
86,0.6,2,32768,94168
86,0.6,3,36864,89768
86,0.6,4,36864,125192
86,0.6,5,32768,56968
87,0.6,1,36864,133704
87,0.6,2,36864,62568
87,0.6,3,36864,112704
87,0.6,4,36864,114376
87,0.6,5,36864,62120
88,0.6,1,36864,105456
88,0.6,2,36864,140800
88,0.6,3,40960,209896
88,0.6,4,32768,129416
88,0.6,5,32768,72064
89,0.6,1,36864,86728
89,0.6,2,36864,172568
89,0.6,3,36864,73072
89,0.6,4,36864,158952
89,0.6,5,36864,141768
90,0.6,1,36864,125304
90,0.6,2,36864,69160
90,0.6,3,32768,132456
90,0.6,4,32768,124192
90,0.6,5,36864,146424
91,0.6,1,36864,102448
91,0.6,2,36864,135128
91,0.6,3,32768,95736
91,0.6,4,36864,132680
91,0.6,5,40960,252904
92,0.6,1,36864,84712
92,0.6,2,36864,117104
92,0.6,3,36864,114504
92,0.6,4,40960,250728
92,0.6,5,36864,120648
93,0.6,1,36864,135568
93,0.6,2,36864,116648
93,0.6,3,36864,143320
93,0.6,4,36864,69128
93,0.6,5,36864,126960
94,0.6,1,36864,135288
94,0.6,2,36864,144400
94,0.6,3,36864,101184
94,0.6,4,40960,146496
94,0.6,5,36864,68144
95,0.6,1,36864,136472
95,0.6,2,36864,103480
95,0.6,3,40960,119616
95,0.6,4,32768,55872
95,0.6,5,36864,109472
96,0.6,1,40960,113896
96,0.6,2,45056,167520
96,0.6,3,36864,131384
96,0.6,4,36864,101344
96,0.6,5,36864,100816
97,0.6,1,36864,118256
97,0.6,2,40960,150776
97,0.6,3,36864,70336
97,0.6,4,40960,172760
97,0.6,5,36864,138856
98,0.6,1,36864,143368
98,0.6,2,36864,126744
98,0.6,3,40960,158880
98,0.6,4,36864,114528
98,0.6,5,36864,119136
99,0.6,1,40960,198080
99,0.6,2,45056,93800
99,0.6,3,36864,130496
99,0.6,4,36864,141784
99,0.6,5,36864,83504
100,0.6,1,40960,135984
100,0.6,2,40960,144952
100,0.6,3,40960,224424
100,0.6,4,40960,179224
100,0.6,5,40960,81224
1,0.7,1,12288,16
1,0.7,2,12288,16
1,0.7,3,12288,16
1,0.7,4,12288,16
1,0.7,5,12288,16
2,0.7,1,12288,4800
2,0.7,2,12288,4696
2,0.7,3,12288,4688
2,0.7,4,12288,4536
2,0.7,5,12288,4600
3,0.7,1,12288,7760
3,0.7,2,12288,5056
3,0.7,3,12288,11992
3,0.7,4,12288,7048
3,0.7,5,12288,5224
4,0.7,1,12288,5872
4,0.7,2,12288,6104
4,0.7,3,12288,5712
4,0.7,4,12288,5960
4,0.7,5,12288,5480
5,0.7,1,12288,5856
5,0.7,2,12288,6168
5,0.7,3,12288,6496
5,0.7,4,12288,6144
5,0.7,5,12288,6280
6,0.7,1,12288,6824
6,0.7,2,12288,6304
6,0.7,3,12288,7992
6,0.7,4,12288,9752
6,0.7,5,12288,16216
7,0.7,1,12288,18512
7,0.7,2,12288,15552
7,0.7,3,12288,11696
7,0.7,4,12288,17560
7,0.7,5,12288,9720
8,0.7,1,12288,11096
8,0.7,2,12288,15504
8,0.7,3,12288,20768
8,0.7,4,12288,8936
8,0.7,5,12288,20088
9,0.7,1,12288,16656
9,0.7,2,12288,16584
9,0.7,3,12288,15800
9,0.7,4,12288,19352
9,0.7,5,12288,20384
10,0.7,1,12288,14712
10,0.7,2,12288,15432
10,0.7,3,12288,24320
10,0.7,4,12288,9272
10,0.7,5,12288,8936
11,0.7,1,12288,13392
11,0.7,2,12288,11832
11,0.7,3,12288,14840
11,0.7,4,12288,13664
11,0.7,5,12288,16544
12,0.7,1,12288,19824
12,0.7,2,12288,10832
12,0.7,3,12288,13496
12,0.7,4,12288,12008
12,0.7,5,12288,14080
13,0.7,1,12288,12784
13,0.7,2,12288,17552
13,0.7,3,12288,19864
13,0.7,4,12288,18504
13,0.7,5,12288,21784
14,0.7,1,12288,16144
14,0.7,2,12288,15704
14,0.7,3,12288,36752
14,0.7,4,12288,22288
14,0.7,5,20480,37224
15,0.7,1,12288,14248
15,0.7,2,12288,29504
15,0.7,3,12288,13976
15,0.7,4,12288,13752
15,0.7,5,12288,23408
16,0.7,1,12288,19952
16,0.7,2,12288,25168
16,0.7,3,12288,20648
16,0.7,4,12288,22528
16,0.7,5,20480,35888
17,0.7,1,12288,18744
17,0.7,2,12288,27616
17,0.7,3,12288,29832
17,0.7,4,12288,11032
17,0.7,5,12288,27288
18,0.7,1,12288,30632
18,0.7,2,20480,59216
18,0.7,3,20480,28912
18,0.7,4,12288,27168
18,0.7,5,12288,28040
19,0.7,1,12288,31856
19,0.7,2,12288,33024
19,0.7,3,20480,29344
19,0.7,4,12288,24496
19,0.7,5,12288,51336
20,0.7,1,20480,39496
20,0.7,2,12288,19864
20,0.7,3,12288,41072
20,0.7,4,20480,66256
20,0.7,5,20480,59792
21,0.7,1,20480,28608
21,0.7,2,20480,16584
21,0.7,3,12288,23256
21,0.7,4,20480,42328
21,0.7,5,12288,20952
22,0.7,1,12288,37088
22,0.7,2,20480,38648
22,0.7,3,20480,43296
22,0.7,4,12288,28400
22,0.7,5,20480,48768
23,0.7,1,20480,22616
23,0.7,2,20480,48136
23,0.7,3,20480,40512
23,0.7,4,20480,49752
23,0.7,5,20480,23352
24,0.7,1,20480,75480
24,0.7,2,20480,48312
24,0.7,3,20480,64480
24,0.7,4,20480,60016
24,0.7,5,20480,36720
25,0.7,1,20480,34024
25,0.7,2,20480,38320
25,0.7,3,20480,68464
25,0.7,4,20480,60544
25,0.7,5,20480,31200
26,0.7,1,20480,45544
26,0.7,2,20480,49912
26,0.7,3,20480,44896
26,0.7,4,20480,55248
26,0.7,5,20480,48600
27,0.7,1,20480,38656
27,0.7,2,20480,28480
27,0.7,3,20480,57536
27,0.7,4,20480,48560
27,0.7,5,20480,62864
28,0.7,1,20480,39256
28,0.7,2,20480,35592
28,0.7,3,20480,39088
28,0.7,4,20480,38416
28,0.7,5,20480,44856
29,0.7,1,20480,38528
29,0.7,2,20480,40576
29,0.7,3,20480,24488
29,0.7,4,20480,51520
29,0.7,5,20480,47968
30,0.7,1,20480,46008
30,0.7,2,24576,103816
30,0.7,3,20480,51328
30,0.7,4,20480,39688
30,0.7,5,20480,30864
31,0.7,1,20480,53992
31,0.7,2,20480,52464
31,0.7,3,20480,55784
31,0.7,4,20480,52312
31,0.7,5,20480,78664
32,0.7,1,20480,41032
32,0.7,2,24576,50440
32,0.7,3,20480,65120
32,0.7,4,20480,56616
32,0.7,5,20480,42760
33,0.7,1,24576,76664
33,0.7,2,20480,33640
33,0.7,3,20480,45176
33,0.7,4,20480,54464
33,0.7,5,24576,59192
34,0.7,1,20480,45040
34,0.7,2,20480,51672
34,0.7,3,20480,55304
34,0.7,4,20480,39376
34,0.7,5,20480,47424
35,0.7,1,24576,67152
35,0.7,2,20480,43120
35,0.7,3,20480,52336
35,0.7,4,20480,42840
35,0.7,5,24576,40528
36,0.7,1,24576,72648
36,0.7,2,20480,40360
36,0.7,3,24576,85696
36,0.7,4,24576,88432
36,0.7,5,24576,95312
37,0.7,1,24576,79008
37,0.7,2,20480,48152
37,0.7,3,20480,57800
37,0.7,4,24576,55608
37,0.7,5,24576,48944
38,0.7,1,20480,37056
38,0.7,2,20480,57016
38,0.7,3,24576,70512
38,0.7,4,20480,55400
38,0.7,5,20480,72608
39,0.7,1,24576,40608
39,0.7,2,24576,77944
39,0.7,3,24576,52376
39,0.7,4,20480,49544
39,0.7,5,24576,54424
40,0.7,1,24576,70912
40,0.7,2,24576,95440
40,0.7,3,24576,59984
40,0.7,4,24576,64096
40,0.7,5,24576,45120
41,0.7,1,24576,80952
41,0.7,2,24576,68880
41,0.7,3,24576,67008
41,0.7,4,24576,52488
41,0.7,5,24576,89248
42,0.7,1,24576,50600
42,0.7,2,24576,90512
42,0.7,3,24576,63864
42,0.7,4,24576,90848
42,0.7,5,24576,33896
43,0.7,1,20480,39184
43,0.7,2,24576,62552
43,0.7,3,24576,40536
43,0.7,4,24576,91184
43,0.7,5,24576,56088
44,0.7,1,24576,87312
44,0.7,2,24576,72720
44,0.7,3,24576,64296
44,0.7,4,20480,40168
44,0.7,5,24576,49392
45,0.7,1,24576,88768
45,0.7,2,24576,34760
45,0.7,3,24576,68712
45,0.7,4,24576,58856
45,0.7,5,24576,71376
46,0.7,1,24576,62688
46,0.7,2,24576,60280
46,0.7,3,24576,78968
46,0.7,4,24576,98472
46,0.7,5,24576,105864
47,0.7,1,24576,63968
47,0.7,2,24576,75632
47,0.7,3,24576,55920
47,0.7,4,24576,93408
47,0.7,5,24576,82392
48,0.7,1,24576,53048
48,0.7,2,24576,54280
48,0.7,3,24576,116160
48,0.7,4,24576,73304
48,0.7,5,24576,92344
49,0.7,1,24576,53448
49,0.7,2,24576,60088
49,0.7,3,24576,90064
49,0.7,4,24576,43712
49,0.7,5,28672,107320
50,0.7,1,24576,44296
50,0.7,2,24576,60728
50,0.7,3,28672,154992
50,0.7,4,28672,85448
50,0.7,5,24576,73816
51,0.7,1,24576,57272
51,0.7,2,24576,103688
51,0.7,3,24576,72024
51,0.7,4,28672,87416
51,0.7,5,24576,60536
52,0.7,1,24576,52904
52,0.7,2,28672,68688
52,0.7,3,24576,96720
52,0.7,4,24576,57800
52,0.7,5,24576,90200
53,0.7,1,24576,86928
53,0.7,2,24576,74352
53,0.7,3,24576,66696
53,0.7,4,28672,73640
53,0.7,5,24576,87032
54,0.7,1,28672,140648
54,0.7,2,28672,72376
54,0.7,3,28672,160832
54,0.7,4,28672,48760
54,0.7,5,24576,61520
55,0.7,1,24576,62800
55,0.7,2,28672,108400
55,0.7,3,24576,86448
55,0.7,4,28672,98400
55,0.7,5,28672,82624
56,0.7,1,24576,75072
56,0.7,2,28672,76600
56,0.7,3,28672,77624
56,0.7,4,28672,68944
56,0.7,5,24576,70288
57,0.7,1,28672,71688
57,0.7,2,28672,115584
57,0.7,3,28672,72112
57,0.7,4,28672,59400
57,0.7,5,28672,140336
58,0.7,1,28672,89776
58,0.7,2,28672,42392
58,0.7,3,28672,62296
58,0.7,4,28672,95360
58,0.7,5,32768,100112
59,0.7,1,28672,53856
59,0.7,2,28672,70256
59,0.7,3,28672,75784
59,0.7,4,24576,82560
59,0.7,5,28672,48016
60,0.7,1,28672,70664
60,0.7,2,28672,103048
60,0.7,3,28672,81296
60,0.7,4,28672,82232
60,0.7,5,28672,86672
61,0.7,1,28672,70720
61,0.7,2,28672,103184
61,0.7,3,28672,68872
61,0.7,4,28672,80128
61,0.7,5,32768,99760
62,0.7,1,28672,127888
62,0.7,2,28672,74400
62,0.7,3,28672,59408
62,0.7,4,32768,109928
62,0.7,5,32768,146960
63,0.7,1,28672,118632
63,0.7,2,32768,86328
63,0.7,3,28672,134024
63,0.7,4,28672,102128
63,0.7,5,32768,129952
64,0.7,1,28672,82656
64,0.7,2,32768,75384
64,0.7,3,28672,81144
64,0.7,4,28672,85480
64,0.7,5,28672,86224
65,0.7,1,32768,94432
65,0.7,2,28672,89016
65,0.7,3,32768,102904
65,0.7,4,28672,104672
65,0.7,5,28672,85336
66,0.7,1,28672,77384
66,0.7,2,32768,67152
66,0.7,3,32768,97376
66,0.7,4,32768,83088
66,0.7,5,28672,77320
67,0.7,1,32768,76744
67,0.7,2,28672,85608
67,0.7,3,32768,101584
67,0.7,4,28672,69152
67,0.7,5,28672,93072
68,0.7,1,28672,77656
68,0.7,2,28672,89304
68,0.7,3,28672,133832
68,0.7,4,28672,68056
68,0.7,5,32768,53304
69,0.7,1,32768,110888
69,0.7,2,28672,60016
69,0.7,3,28672,112656
69,0.7,4,32768,46080
69,0.7,5,28672,69272
70,0.7,1,32768,131704
70,0.7,2,32768,161872
70,0.7,3,32768,55400
70,0.7,4,32768,110360
70,0.7,5,32768,158096
71,0.7,1,28672,58432
71,0.7,2,32768,73152
71,0.7,3,32768,112784
71,0.7,4,32768,105528
71,0.7,5,32768,78240
72,0.7,1,32768,85104
72,0.7,2,32768,126712
72,0.7,3,28672,56544
72,0.7,4,32768,67424
72,0.7,5,32768,80528
73,0.7,1,32768,81560
73,0.7,2,28672,68920
73,0.7,3,32768,113152
73,0.7,4,32768,98944
73,0.7,5,28672,53224
74,0.7,1,32768,78424
74,0.7,2,32768,107064
74,0.7,3,32768,148000
74,0.7,4,32768,113440
74,0.7,5,28672,50008
75,0.7,1,28672,106048
75,0.7,2,28672,60072
75,0.7,3,32768,64984
75,0.7,4,32768,76328
75,0.7,5,32768,90664
76,0.7,1,32768,106448
76,0.7,2,32768,96168
76,0.7,3,32768,70536
76,0.7,4,32768,64056
76,0.7,5,32768,80840
77,0.7,1,36864,101200
77,0.7,2,32768,103960
77,0.7,3,32768,94584
77,0.7,4,32768,79536
77,0.7,5,32768,118392
78,0.7,1,36864,95456
78,0.7,2,32768,136736
78,0.7,3,36864,102600
78,0.7,4,32768,100376
78,0.7,5,32768,114808
79,0.7,1,36864,203792
79,0.7,2,32768,128352
79,0.7,3,36864,96024
79,0.7,4,36864,168968
79,0.7,5,32768,70056
80,0.7,1,36864,157440
80,0.7,2,32768,86592
80,0.7,3,32768,156744
80,0.7,4,32768,95040
80,0.7,5,32768,79528
81,0.7,1,36864,106264
81,0.7,2,32768,74832
81,0.7,3,36864,130912
81,0.7,4,36864,105432
81,0.7,5,32768,68888
82,0.7,1,32768,110864
82,0.7,2,32768,84280
82,0.7,3,36864,106568
82,0.7,4,32768,110776
82,0.7,5,32768,80104
83,0.7,1,32768,87848
83,0.7,2,36864,146056
83,0.7,3,36864,77432
83,0.7,4,32768,112568
83,0.7,5,36864,93072
84,0.7,1,36864,187304
84,0.7,2,36864,71864
84,0.7,3,36864,146432
84,0.7,4,32768,81488
84,0.7,5,36864,172720
85,0.7,1,36864,103992
85,0.7,2,36864,148232
85,0.7,3,36864,114976
85,0.7,4,32768,141936
85,0.7,5,32768,186224
86,0.7,1,36864,119736
86,0.7,2,36864,87600
86,0.7,3,32768,104240
86,0.7,4,36864,66648
86,0.7,5,36864,103128
87,0.7,1,36864,93456
87,0.7,2,32768,112136
87,0.7,3,36864,61200
87,0.7,4,36864,101016
87,0.7,5,36864,88616
88,0.7,1,36864,104600
88,0.7,2,36864,87248
88,0.7,3,36864,141392
88,0.7,4,32768,57376
88,0.7,5,36864,126536
89,0.7,1,36864,168600
89,0.7,2,32768,136544
89,0.7,3,36864,104088
89,0.7,4,36864,72328
89,0.7,5,36864,141696
90,0.7,1,40960,89144
90,0.7,2,32768,106000
90,0.7,3,36864,117216
90,0.7,4,36864,184320
90,0.7,5,32768,98856
91,0.7,1,32768,46224
91,0.7,2,36864,171344
91,0.7,3,36864,113712
91,0.7,4,36864,173352
91,0.7,5,32768,88408
92,0.7,1,36864,66840
92,0.7,2,36864,167904
92,0.7,3,36864,125496
92,0.7,4,36864,132016
92,0.7,5,36864,157376
93,0.7,1,36864,81032
93,0.7,2,40960,155696
93,0.7,3,36864,131168
93,0.7,4,36864,102808
93,0.7,5,40960,169312
94,0.7,1,36864,95512
94,0.7,2,36864,72560
94,0.7,3,36864,153152
94,0.7,4,40960,119200
94,0.7,5,40960,143632
95,0.7,1,36864,93104
95,0.7,2,40960,94992
95,0.7,3,36864,110808
95,0.7,4,36864,121480
95,0.7,5,40960,120504
96,0.7,1,36864,98176
96,0.7,2,40960,94352
96,0.7,3,40960,106792
96,0.7,4,36864,136336
96,0.7,5,40960,120104
97,0.7,1,36864,104576
97,0.7,2,36864,105944
97,0.7,3,36864,76560
97,0.7,4,36864,90064
97,0.7,5,40960,128352
98,0.7,1,40960,117160
98,0.7,2,45056,204120
98,0.7,3,36864,74448
98,0.7,4,40960,121280
98,0.7,5,40960,177536
99,0.7,1,40960,103776
99,0.7,2,36864,93040
99,0.7,3,36864,59184
99,0.7,4,36864,68784
99,0.7,5,36864,84272
100,0.7,1,40960,211920
100,0.7,2,40960,131696
100,0.7,3,40960,80928
100,0.7,4,36864,79680
100,0.7,5,40960,126240
1,0.8,1,12288,16
1,0.8,2,12288,16
1,0.8,3,12288,16
1,0.8,4,12288,16
1,0.8,5,12288,16
2,0.8,1,12288,4752
2,0.8,2,12288,4496
2,0.8,3,12288,4504
2,0.8,4,12288,4600
2,0.8,5,12288,7504
3,0.8,1,12288,5504
3,0.8,2,12288,5944
3,0.8,3,12288,11424
3,0.8,4,12288,5520
3,0.8,5,12288,5176
4,0.8,1,12288,6216
4,0.8,2,12288,5424
4,0.8,3,12288,5776
4,0.8,4,12288,5696
4,0.8,5,12288,5416
5,0.8,1,12288,5920
5,0.8,2,12288,12824
5,0.8,3,12288,8568
5,0.8,4,12288,5744
5,0.8,5,12288,8912
6,0.8,1,12288,11712
6,0.8,2,12288,6712
6,0.8,3,12288,14752
6,0.8,4,12288,16216
6,0.8,5,12288,9736
7,0.8,1,12288,10720
7,0.8,2,12288,6880
7,0.8,3,12288,17936
7,0.8,4,12288,13872
7,0.8,5,12288,13896
8,0.8,1,12288,13560
8,0.8,2,12288,10520
8,0.8,3,12288,12328
8,0.8,4,12288,14128
8,0.8,5,12288,8264
9,0.8,1,12288,8704
9,0.8,2,12288,21848
9,0.8,3,12288,9088
9,0.8,4,12288,16336
9,0.8,5,12288,10096
10,0.8,1,12288,11784
10,0.8,2,12288,23184
10,0.8,3,12288,9008
10,0.8,4,12288,11768
10,0.8,5,12288,14080
11,0.8,1,12288,9432
11,0.8,2,12288,27560
11,0.8,3,12288,11296
11,0.8,4,12288,11088
11,0.8,5,12288,17120
12,0.8,1,12288,13352
12,0.8,2,12288,16104
12,0.8,3,12288,12592
12,0.8,4,12288,12512
12,0.8,5,12288,19976
13,0.8,1,12288,22272
13,0.8,2,12288,26984
13,0.8,3,12288,12728
13,0.8,4,12288,19008
13,0.8,5,12288,14248
14,0.8,1,12288,24808
14,0.8,2,12288,16952
14,0.8,3,12288,17096
14,0.8,4,12288,30248
14,0.8,5,12288,19560
15,0.8,1,12288,27672
15,0.8,2,12288,31712
15,0.8,3,12288,17624
15,0.8,4,12288,29560
15,0.8,5,20480,38136
16,0.8,1,20480,64664
16,0.8,2,12288,17648
16,0.8,3,12288,20136
16,0.8,4,12288,33592
16,0.8,5,12288,23536
17,0.8,1,12288,16848
17,0.8,2,12288,30784
17,0.8,3,12288,19784
17,0.8,4,20480,37408
17,0.8,5,20480,28816
18,0.8,1,12288,16600
18,0.8,2,12288,29376
18,0.8,3,12288,19984
18,0.8,4,12288,36760
18,0.8,5,20480,33192
19,0.8,1,12288,37256
19,0.8,2,20480,32464
19,0.8,3,20480,46584
19,0.8,4,12288,22688
19,0.8,5,12288,20960
20,0.8,1,20480,82832
20,0.8,2,20480,56288
20,0.8,3,20480,33792
20,0.8,4,20480,30032
20,0.8,5,20480,34736
21,0.8,1,20480,33160
21,0.8,2,20480,42184
21,0.8,3,20480,35656
21,0.8,4,20480,48656
21,0.8,5,20480,42144
22,0.8,1,20480,41256
22,0.8,2,20480,45680
22,0.8,3,20480,50664
22,0.8,4,20480,33928
22,0.8,5,20480,52192
23,0.8,1,20480,62328
23,0.8,2,20480,23984
23,0.8,3,20480,41656
23,0.8,4,20480,41568
23,0.8,5,20480,41712
24,0.8,1,20480,36960
24,0.8,2,20480,53584
24,0.8,3,20480,29072
24,0.8,4,20480,54448
24,0.8,5,20480,47320
25,0.8,1,20480,31520
25,0.8,2,20480,50408
25,0.8,3,20480,53392
25,0.8,4,20480,31400
25,0.8,5,20480,39192
26,0.8,1,20480,37552
26,0.8,2,20480,82688
26,0.8,3,20480,48512
26,0.8,4,20480,50640
26,0.8,5,20480,39464
27,0.8,1,20480,33072
27,0.8,2,20480,44688
27,0.8,3,20480,40744
27,0.8,4,20480,41928
27,0.8,5,20480,23720
28,0.8,1,20480,28864
28,0.8,2,20480,36264
28,0.8,3,20480,47488
28,0.8,4,20480,42072
28,0.8,5,20480,38712
29,0.8,1,20480,41160
29,0.8,2,20480,35568
29,0.8,3,20480,44376
29,0.8,4,20480,41688
29,0.8,5,20480,84832
30,0.8,1,20480,39888
30,0.8,2,20480,39840
30,0.8,3,20480,69256
30,0.8,4,20480,48952
30,0.8,5,20480,57344
31,0.8,1,20480,41800
31,0.8,2,20480,67472
31,0.8,3,20480,52624
31,0.8,4,24576,40136
31,0.8,5,20480,56464
32,0.8,1,20480,54048
32,0.8,2,20480,41120
32,0.8,3,20480,68792
32,0.8,4,20480,38480
32,0.8,5,20480,50040
33,0.8,1,20480,63440
33,0.8,2,20480,48872
33,0.8,3,24576,88552
33,0.8,4,20480,39224
33,0.8,5,20480,40200
34,0.8,1,20480,42208
34,0.8,2,20480,50712
34,0.8,3,24576,40136
34,0.8,4,20480,58200
34,0.8,5,20480,45792
35,0.8,1,20480,44776
35,0.8,2,24576,72120
35,0.8,3,24576,59600
35,0.8,4,20480,44752
35,0.8,5,20480,39688
36,0.8,1,20480,54216
36,0.8,2,20480,54128
36,0.8,3,24576,70968
36,0.8,4,24576,75408
36,0.8,5,20480,56576
37,0.8,1,24576,73576
37,0.8,2,20480,61944
37,0.8,3,24576,77008
37,0.8,4,24576,90280
37,0.8,5,24576,65872
38,0.8,1,20480,35384
38,0.8,2,24576,94096
38,0.8,3,24576,53616
38,0.8,4,20480,36064
38,0.8,5,24576,62440
39,0.8,1,24576,54528
39,0.8,2,20480,53032
39,0.8,3,24576,78232
39,0.8,4,24576,59024
39,0.8,5,20480,55376
40,0.8,1,24576,88944
40,0.8,2,24576,44400
40,0.8,3,24576,68592
40,0.8,4,24576,63256
40,0.8,5,24576,66376
41,0.8,1,24576,53456
41,0.8,2,24576,88552
41,0.8,3,24576,60072
41,0.8,4,24576,71336
41,0.8,5,24576,83152
42,0.8,1,24576,74352
42,0.8,2,24576,79584
42,0.8,3,24576,51296
42,0.8,4,24576,106464
42,0.8,5,24576,61016
43,0.8,1,24576,80096
43,0.8,2,24576,58416
43,0.8,3,24576,73280
43,0.8,4,24576,53880
43,0.8,5,24576,51032
44,0.8,1,24576,54824
44,0.8,2,24576,55288
44,0.8,3,24576,75648
44,0.8,4,24576,105936
44,0.8,5,24576,67776
45,0.8,1,24576,37440
45,0.8,2,24576,72704
45,0.8,3,24576,59072
45,0.8,4,24576,69976
45,0.8,5,24576,64408
46,0.8,1,24576,73752
46,0.8,2,24576,50376
46,0.8,3,24576,88632
46,0.8,4,24576,53504
46,0.8,5,24576,59264
47,0.8,1,24576,115376
47,0.8,2,24576,44480
47,0.8,3,24576,71848
47,0.8,4,24576,36696
47,0.8,5,24576,68120
48,0.8,1,24576,67352
48,0.8,2,24576,48504
48,0.8,3,28672,90032
48,0.8,4,24576,75736
48,0.8,5,24576,55648
49,0.8,1,24576,74168
49,0.8,2,24576,70400
49,0.8,3,28672,66776
49,0.8,4,24576,112176
49,0.8,5,24576,59424
50,0.8,1,24576,66976
50,0.8,2,24576,76992
50,0.8,3,24576,77264
50,0.8,4,24576,56096
50,0.8,5,24576,67120
51,0.8,1,24576,59128
51,0.8,2,28672,63416
51,0.8,3,28672,92040
51,0.8,4,28672,74304
51,0.8,5,28672,88528
52,0.8,1,24576,80088
52,0.8,2,28672,52184
52,0.8,3,24576,75688
52,0.8,4,24576,71680
52,0.8,5,24576,49784
53,0.8,1,24576,76760
53,0.8,2,24576,73016
53,0.8,3,24576,42840
53,0.8,4,28672,50920
53,0.8,5,24576,79856
54,0.8,1,28672,149520
54,0.8,2,28672,86288
54,0.8,3,24576,93600
54,0.8,4,28672,113232
54,0.8,5,24576,63064
55,0.8,1,24576,107112
55,0.8,2,28672,114736
55,0.8,3,24576,74016
55,0.8,4,24576,97760
55,0.8,5,24576,52832
56,0.8,1,28672,70264
56,0.8,2,24576,83976
56,0.8,3,28672,73808
56,0.8,4,28672,76576
56,0.8,5,28672,56016
57,0.8,1,28672,66472
57,0.8,2,28672,83464
57,0.8,3,28672,72160
57,0.8,4,28672,60504
57,0.8,5,28672,67016
58,0.8,1,28672,114432
58,0.8,2,28672,113520
58,0.8,3,28672,120912
58,0.8,4,28672,115536
58,0.8,5,28672,110104
59,0.8,1,28672,72576
59,0.8,2,28672,117144
59,0.8,3,28672,129992
59,0.8,4,28672,112824
59,0.8,5,24576,61800
60,0.8,1,32768,84136
60,0.8,2,28672,78816
60,0.8,3,28672,63912
60,0.8,4,28672,100320
60,0.8,5,28672,87064
61,0.8,1,28672,46664
61,0.8,2,32768,143104
61,0.8,3,28672,94720
61,0.8,4,28672,58344
61,0.8,5,28672,106000
62,0.8,1,28672,68784
62,0.8,2,28672,51408
62,0.8,3,28672,122944
62,0.8,4,28672,55384
62,0.8,5,28672,61480
63,0.8,1,28672,58520
63,0.8,2,28672,90368
63,0.8,3,28672,50536
63,0.8,4,28672,59272
63,0.8,5,28672,58296
64,0.8,1,28672,151384
64,0.8,2,28672,100560
64,0.8,3,28672,97720
64,0.8,4,28672,124056
64,0.8,5,28672,72600
65,0.8,1,32768,76464
65,0.8,2,32768,113880
65,0.8,3,32768,137920
65,0.8,4,28672,67056
65,0.8,5,28672,91672
66,0.8,1,28672,89896
66,0.8,2,28672,120096
66,0.8,3,28672,98288
66,0.8,4,28672,111472
66,0.8,5,28672,97336
67,0.8,1,28672,87032
67,0.8,2,32768,134152
67,0.8,3,28672,73672
67,0.8,4,32768,59224
67,0.8,5,28672,109264
68,0.8,1,28672,76552
68,0.8,2,28672,50296
68,0.8,3,32768,86224
68,0.8,4,32768,112872
68,0.8,5,28672,139992
69,0.8,1,32768,134272
69,0.8,2,28672,82720
69,0.8,3,32768,82000
69,0.8,4,28672,59200
69,0.8,5,28672,103760
70,0.8,1,28672,77048
70,0.8,2,36864,143936
70,0.8,3,28672,132240
70,0.8,4,32768,112336
70,0.8,5,32768,126472
71,0.8,1,28672,80952
71,0.8,2,32768,117640
71,0.8,3,32768,75344
71,0.8,4,32768,149824
71,0.8,5,28672,79520
72,0.8,1,32768,146128
72,0.8,2,32768,109624
72,0.8,3,32768,90464
72,0.8,4,32768,89648
72,0.8,5,28672,72472
73,0.8,1,28672,68936
73,0.8,2,36864,134200
73,0.8,3,32768,126136
73,0.8,4,32768,65264
73,0.8,5,28672,91320
74,0.8,1,32768,73096
74,0.8,2,32768,74272
74,0.8,3,32768,107344
74,0.8,4,32768,99672
74,0.8,5,32768,70768
75,0.8,1,32768,158912
75,0.8,2,32768,48400
75,0.8,3,32768,40968
75,0.8,4,32768,63728
75,0.8,5,28672,111792
76,0.8,1,32768,84912
76,0.8,2,32768,88384
76,0.8,3,32768,149680
76,0.8,4,32768,71168
76,0.8,5,28672,90656
77,0.8,1,32768,71064
77,0.8,2,36864,125896
77,0.8,3,36864,123224
77,0.8,4,32768,146000
77,0.8,5,32768,91528
78,0.8,1,32768,100144
78,0.8,2,32768,67640
78,0.8,3,32768,61520
78,0.8,4,36864,158232
78,0.8,5,32768,91392
79,0.8,1,32768,112040
79,0.8,2,32768,96240
79,0.8,3,32768,111992
79,0.8,4,32768,79392
79,0.8,5,32768,119280
80,0.8,1,32768,91048
80,0.8,2,32768,85304
80,0.8,3,32768,133304
80,0.8,4,32768,94608
80,0.8,5,36864,84688
81,0.8,1,36864,95320
81,0.8,2,32768,115648
81,0.8,3,32768,101976
81,0.8,4,32768,149864
81,0.8,5,36864,103744
82,0.8,1,36864,174528
82,0.8,2,32768,118176
82,0.8,3,36864,178920
82,0.8,4,32768,98000
82,0.8,5,36864,84320
83,0.8,1,32768,145640
83,0.8,2,36864,86392
83,0.8,3,36864,124880
83,0.8,4,32768,74552
83,0.8,5,36864,109720
84,0.8,1,36864,115888
84,0.8,2,32768,131544
84,0.8,3,32768,160296
84,0.8,4,36864,190608
84,0.8,5,36864,129072
85,0.8,1,36864,124360
85,0.8,2,36864,88920
85,0.8,3,32768,116120
85,0.8,4,40960,183440
85,0.8,5,28672,125656
86,0.8,1,32768,81920
86,0.8,2,36864,181768
86,0.8,3,40960,136264
86,0.8,4,40960,185800
86,0.8,5,36864,90376
87,0.8,1,36864,86320
87,0.8,2,40960,117384
87,0.8,3,36864,180160
87,0.8,4,36864,177352
87,0.8,5,36864,142712
88,0.8,1,36864,215832
88,0.8,2,36864,121048
88,0.8,3,32768,152712
88,0.8,4,36864,161024
88,0.8,5,40960,155576
89,0.8,1,32768,93528
89,0.8,2,36864,75128
89,0.8,3,36864,71112
89,0.8,4,36864,125848
89,0.8,5,36864,129504
90,0.8,1,36864,89864
90,0.8,2,36864,101816
90,0.8,3,36864,91040
90,0.8,4,40960,120704
90,0.8,5,36864,113152
91,0.8,1,40960,98984
91,0.8,2,36864,102712
91,0.8,3,36864,147056
91,0.8,4,36864,71440
91,0.8,5,36864,74352
92,0.8,1,36864,88168
92,0.8,2,36864,102752
92,0.8,3,36864,112232
92,0.8,4,36864,100104
92,0.8,5,40960,165688
93,0.8,1,36864,129600
93,0.8,2,36864,99760
93,0.8,3,36864,99936
93,0.8,4,36864,116104
93,0.8,5,36864,160824
94,0.8,1,36864,159880
94,0.8,2,40960,187472
94,0.8,3,36864,129104
94,0.8,4,36864,188664
94,0.8,5,36864,120784
95,0.8,1,36864,137232
95,0.8,2,36864,95176
95,0.8,3,40960,213080
95,0.8,4,36864,112472
95,0.8,5,36864,140800
96,0.8,1,40960,129040
96,0.8,2,45056,184264
96,0.8,3,36864,120480
96,0.8,4,40960,163792
96,0.8,5,36864,84360
97,0.8,1,40960,169024
97,0.8,2,40960,122112
97,0.8,3,40960,163272
97,0.8,4,36864,79672
97,0.8,5,40960,136408
98,0.8,1,40960,184592
98,0.8,2,36864,159048
98,0.8,3,40960,99848
98,0.8,4,40960,144184
98,0.8,5,36864,64312
99,0.8,1,40960,151848
99,0.8,2,36864,84880
99,0.8,3,40960,122240
99,0.8,4,40960,94912
99,0.8,5,45056,161080
100,0.8,1,36864,146016
100,0.8,2,40960,135752
100,0.8,3,36864,97872
100,0.8,4,40960,254080
100,0.8,5,40960,103008
1,0.9,1,12288,16
1,0.9,2,12288,16
1,0.9,3,12288,16
1,0.9,4,12288,16
1,0.9,5,12288,16
2,0.9,1,12288,4616
2,0.9,2,12288,4536
2,0.9,3,12288,11176
2,0.9,4,12288,6528
2,0.9,5,12288,4520
3,0.9,1,12288,4936
3,0.9,2,12288,5008
3,0.9,3,12288,4960
3,0.9,4,12288,4944
3,0.9,5,12288,11208
4,0.9,1,12288,15808
4,0.9,2,12288,5808
4,0.9,3,12288,7600
4,0.9,4,12288,13128
4,0.9,5,12288,5752
5,0.9,1,12288,12944
5,0.9,2,12288,6456
5,0.9,3,12288,6552
5,0.9,4,12288,6344
5,0.9,5,12288,12688
6,0.9,1,12288,10104
6,0.9,2,12288,9560
6,0.9,3,12288,6512
6,0.9,4,12288,26656
6,0.9,5,12288,13320
7,0.9,1,12288,10568
7,0.9,2,12288,15096
7,0.9,3,12288,7456
7,0.9,4,12288,11344
7,0.9,5,12288,6856
8,0.9,1,12288,7848
8,0.9,2,12288,20920
8,0.9,3,12288,14112
8,0.9,4,12288,16720
8,0.9,5,12288,7592
9,0.9,1,12288,20360
9,0.9,2,12288,10944
9,0.9,3,12288,10848
9,0.9,4,12288,12064
9,0.9,5,12288,18464
10,0.9,1,12288,15672
10,0.9,2,12288,20144
10,0.9,3,12288,28264
10,0.9,4,12288,21096
10,0.9,5,12288,16712
11,0.9,1,12288,17352
11,0.9,2,12288,10768
11,0.9,3,12288,14432
11,0.9,4,12288,23768
11,0.9,5,12288,23736
12,0.9,1,12288,20744
12,0.9,2,12288,24232
12,0.9,3,12288,22880
12,0.9,4,12288,19864
12,0.9,5,12288,9888
13,0.9,1,12288,29072
13,0.9,2,12288,9928
13,0.9,3,12288,15496
13,0.9,4,12288,12168
13,0.9,5,12288,21296
14,0.9,1,12288,19784
14,0.9,2,12288,25816
14,0.9,3,12288,14720
14,0.9,4,12288,18416
14,0.9,5,12288,24384
15,0.9,1,12288,29560
15,0.9,2,12288,20264
15,0.9,3,12288,17496
15,0.9,4,12288,38440
15,0.9,5,12288,9768
16,0.9,1,12288,29224
16,0.9,2,12288,20648
16,0.9,3,12288,29824
16,0.9,4,12288,19008
16,0.9,5,12288,26720
17,0.9,1,12288,19328
17,0.9,2,12288,22368
17,0.9,3,12288,30568
17,0.9,4,12288,28712
17,0.9,5,12288,20264
18,0.9,1,12288,48464
18,0.9,2,12288,26592
18,0.9,3,12288,35160
18,0.9,4,12288,19088
18,0.9,5,12288,21744
19,0.9,1,12288,23704
19,0.9,2,20480,42320
19,0.9,3,12288,39320
19,0.9,4,12288,22824
19,0.9,5,20480,30552
20,0.9,1,20480,52304
20,0.9,2,12288,21784
20,0.9,3,20480,35408
20,0.9,4,20480,40920
20,0.9,5,12288,31984
21,0.9,1,20480,23360
21,0.9,2,12288,35536
21,0.9,3,20480,36496
21,0.9,4,20480,42768
21,0.9,5,20480,43016
22,0.9,1,20480,63640
22,0.9,2,12288,30680
22,0.9,3,20480,61640
22,0.9,4,20480,53640
22,0.9,5,20480,70784
23,0.9,1,20480,45888
23,0.9,2,20480,34016
23,0.9,3,20480,56136
23,0.9,4,20480,31664
23,0.9,5,20480,48112
24,0.9,1,20480,65544
24,0.9,2,12288,29200
24,0.9,3,20480,38192
24,0.9,4,20480,53096
24,0.9,5,20480,62672
25,0.9,1,20480,43192
25,0.9,2,20480,56584
25,0.9,3,20480,42840
25,0.9,4,20480,49424
25,0.9,5,20480,43376
26,0.9,1,20480,40632
26,0.9,2,24576,76952
26,0.9,3,20480,51184
26,0.9,4,20480,46184
26,0.9,5,20480,39416
27,0.9,1,20480,47768
27,0.9,2,20480,75880
27,0.9,3,20480,42168
27,0.9,4,20480,53856
27,0.9,5,20480,40408
28,0.9,1,20480,75960
28,0.9,2,20480,37352
28,0.9,3,20480,45744
28,0.9,4,20480,47880
28,0.9,5,20480,52200
29,0.9,1,20480,48992
29,0.9,2,20480,66928
29,0.9,3,20480,61600
29,0.9,4,20480,30344
29,0.9,5,20480,79616
30,0.9,1,20480,65272
30,0.9,2,20480,69696
30,0.9,3,20480,32032
30,0.9,4,20480,65888
30,0.9,5,20480,76400
31,0.9,1,20480,42560
31,0.9,2,20480,46528
31,0.9,3,24576,64488
31,0.9,4,20480,36496
31,0.9,5,20480,52456
32,0.9,1,24576,67448
32,0.9,2,20480,64224
32,0.9,3,20480,52728
32,0.9,4,20480,52960
32,0.9,5,20480,43168
33,0.9,1,24576,109672
33,0.9,2,20480,52160
33,0.9,3,20480,45528
33,0.9,4,20480,57896
33,0.9,5,24576,68664
34,0.9,1,24576,55880
34,0.9,2,24576,59616
34,0.9,3,20480,38688
34,0.9,4,20480,39504
34,0.9,5,20480,53584
35,0.9,1,24576,92696
35,0.9,2,20480,52544
35,0.9,3,20480,31176
35,0.9,4,24576,102816
35,0.9,5,20480,36920
36,0.9,1,24576,48256
36,0.9,2,20480,63920
36,0.9,3,24576,98976
36,0.9,4,24576,55008
36,0.9,5,20480,69720
37,0.9,1,20480,70008
37,0.9,2,20480,50176
37,0.9,3,20480,62168
37,0.9,4,20480,69288
37,0.9,5,24576,64200
38,0.9,1,24576,65752
38,0.9,2,24576,61008
38,0.9,3,24576,74064
38,0.9,4,24576,54600
38,0.9,5,20480,61360
39,0.9,1,24576,66488
39,0.9,2,24576,84336
39,0.9,3,24576,55664
39,0.9,4,24576,97624
39,0.9,5,24576,90496
40,0.9,1,24576,89592
40,0.9,2,24576,60592
40,0.9,3,24576,38624
40,0.9,4,24576,109912
40,0.9,5,24576,75624
41,0.9,1,24576,60216
41,0.9,2,24576,62832
41,0.9,3,24576,43440
41,0.9,4,24576,85576
41,0.9,5,24576,57456
42,0.9,1,24576,54808
42,0.9,2,24576,73048
42,0.9,3,24576,59904
42,0.9,4,24576,70608
42,0.9,5,24576,76648
43,0.9,1,20480,42776
43,0.9,2,24576,91472
43,0.9,3,24576,103584
43,0.9,4,24576,70424
43,0.9,5,24576,64072
44,0.9,1,24576,50704
44,0.9,2,24576,57392
44,0.9,3,24576,54304
44,0.9,4,24576,68216
44,0.9,5,24576,64152
45,0.9,1,24576,88128
45,0.9,2,24576,69880
45,0.9,3,24576,57944
45,0.9,4,24576,82464
45,0.9,5,24576,71800
46,0.9,1,24576,74072
46,0.9,2,24576,82624
46,0.9,3,24576,73832
46,0.9,4,28672,119944
46,0.9,5,24576,58312
47,0.9,1,24576,48480
47,0.9,2,24576,81816
47,0.9,3,24576,109224
47,0.9,4,24576,59120
47,0.9,5,24576,61792
48,0.9,1,24576,69152
48,0.9,2,24576,92296
48,0.9,3,28672,70600
48,0.9,4,24576,58232
48,0.9,5,24576,88920
49,0.9,1,24576,83080
49,0.9,2,28672,91112
49,0.9,3,24576,72448
49,0.9,4,24576,82040
49,0.9,5,24576,103232
50,0.9,1,24576,110136
50,0.9,2,24576,78448
50,0.9,3,24576,69040
50,0.9,4,24576,105552
50,0.9,5,24576,80360
51,0.9,1,24576,85024
51,0.9,2,24576,61216
51,0.9,3,28672,59440
51,0.9,4,28672,61360
51,0.9,5,28672,117464
52,0.9,1,28672,88776
52,0.9,2,28672,84096
52,0.9,3,24576,51952
52,0.9,4,24576,89184
52,0.9,5,28672,74560
53,0.9,1,28672,83288
53,0.9,2,28672,70808
53,0.9,3,28672,99984
53,0.9,4,28672,98016
53,0.9,5,28672,124880
54,0.9,1,28672,91200
54,0.9,2,28672,83536
54,0.9,3,28672,148992
54,0.9,4,24576,41728
54,0.9,5,28672,68800
55,0.9,1,24576,52120
55,0.9,2,28672,122384
55,0.9,3,24576,91504
55,0.9,4,28672,124608
55,0.9,5,24576,63288
56,0.9,1,28672,127800
56,0.9,2,24576,57664
56,0.9,3,28672,71608
56,0.9,4,28672,114296
56,0.9,5,24576,52776
57,0.9,1,24576,79472
57,0.9,2,24576,56536
57,0.9,3,24576,56664
57,0.9,4,28672,97184
57,0.9,5,28672,94640
58,0.9,1,24576,63392
58,0.9,2,24576,66776
58,0.9,3,28672,134808
58,0.9,4,28672,71736
58,0.9,5,28672,70088
59,0.9,1,28672,58064
59,0.9,2,28672,115944
59,0.9,3,28672,90096
59,0.9,4,28672,91280
59,0.9,5,28672,64968
60,0.9,1,28672,94400
60,0.9,2,28672,104048
60,0.9,3,28672,84688
60,0.9,4,28672,93584
60,0.9,5,28672,67784
61,0.9,1,24576,74352
61,0.9,2,28672,98712
61,0.9,3,28672,110296
61,0.9,4,24576,72024
61,0.9,5,28672,107096
62,0.9,1,32768,139216
62,0.9,2,28672,78360
62,0.9,3,32768,164416
62,0.9,4,28672,129856
62,0.9,5,28672,118800
63,0.9,1,28672,143768
63,0.9,2,28672,99888
63,0.9,3,28672,56328
63,0.9,4,28672,90248
63,0.9,5,28672,87176
64,0.9,1,28672,85448
64,0.9,2,28672,62440
64,0.9,3,28672,96376
64,0.9,4,32768,97880
64,0.9,5,28672,117968
65,0.9,1,28672,69280
65,0.9,2,28672,128536
65,0.9,3,32768,114880
65,0.9,4,28672,68072
65,0.9,5,28672,89320
66,0.9,1,28672,73112
66,0.9,2,28672,69472
66,0.9,3,32768,108864
66,0.9,4,28672,94776
66,0.9,5,28672,81504
67,0.9,1,32768,99872
67,0.9,2,32768,65720
67,0.9,3,28672,61400
67,0.9,4,32768,99248
67,0.9,5,28672,57496
68,0.9,1,28672,119880
68,0.9,2,32768,151280
68,0.9,3,32768,189304
68,0.9,4,28672,69944
68,0.9,5,32768,123752
69,0.9,1,28672,118960
69,0.9,2,28672,80336
69,0.9,3,32768,107432
69,0.9,4,28672,104496
69,0.9,5,32768,83168
70,0.9,1,32768,91472
70,0.9,2,32768,94600
70,0.9,3,32768,101592
70,0.9,4,28672,88328
70,0.9,5,28672,92176
71,0.9,1,32768,84480
71,0.9,2,32768,107944
71,0.9,3,32768,68064
71,0.9,4,32768,123424
71,0.9,5,28672,80480
72,0.9,1,28672,72176
72,0.9,2,32768,92936
72,0.9,3,28672,77656
72,0.9,4,32768,114184
72,0.9,5,32768,133208
73,0.9,1,32768,114896
73,0.9,2,32768,77896
73,0.9,3,32768,134296
73,0.9,4,32768,175320
73,0.9,5,32768,97536
74,0.9,1,32768,79368
74,0.9,2,32768,133888
74,0.9,3,32768,113200
74,0.9,4,32768,67720
74,0.9,5,32768,178440
75,0.9,1,32768,111920
75,0.9,2,36864,134904
75,0.9,3,32768,115352
75,0.9,4,32768,81848
75,0.9,5,32768,92720
76,0.9,1,32768,65368
76,0.9,2,36864,108912
76,0.9,3,36864,128480
76,0.9,4,32768,95304
76,0.9,5,32768,130080
77,0.9,1,32768,67712
77,0.9,2,32768,105912
77,0.9,3,32768,95120
77,0.9,4,32768,60568
77,0.9,5,32768,166616
78,0.9,1,32768,118120
78,0.9,2,36864,109416
78,0.9,3,32768,65072
78,0.9,4,32768,68760
78,0.9,5,32768,119848
79,0.9,1,36864,79712
79,0.9,2,32768,112000
79,0.9,3,32768,101304
79,0.9,4,36864,141632
79,0.9,5,32768,80136
80,0.9,1,32768,95624
80,0.9,2,32768,159896
80,0.9,3,36864,112040
80,0.9,4,36864,137808
80,0.9,5,32768,145928
81,0.9,1,36864,160176
81,0.9,2,32768,94944
81,0.9,3,36864,143864
81,0.9,4,36864,152096
81,0.9,5,32768,79720
82,0.9,1,32768,109952
82,0.9,2,32768,124400
82,0.9,3,32768,78992
82,0.9,4,36864,119416
82,0.9,5,36864,146456
83,0.9,1,36864,173464
83,0.9,2,36864,130152
83,0.9,3,36864,134936
83,0.9,4,36864,82488
83,0.9,5,36864,135376
84,0.9,1,36864,123488
84,0.9,2,32768,86280
84,0.9,3,32768,64392
84,0.9,4,36864,187848
84,0.9,5,32768,84752
85,0.9,1,32768,71864
85,0.9,2,36864,91312
85,0.9,3,36864,110792
85,0.9,4,32768,79544
85,0.9,5,36864,119568
86,0.9,1,32768,55152
86,0.9,2,36864,76152
86,0.9,3,36864,142592
86,0.9,4,36864,124976
86,0.9,5,32768,102528
87,0.9,1,36864,59480
87,0.9,2,36864,128504
87,0.9,3,36864,112232
87,0.9,4,36864,132480
87,0.9,5,36864,119056
88,0.9,1,32768,66416
88,0.9,2,32768,98960
88,0.9,3,45056,137672
88,0.9,4,36864,90032
88,0.9,5,36864,123976
89,0.9,1,40960,140520
89,0.9,2,36864,83320
89,0.9,3,36864,139864
89,0.9,4,32768,83040
89,0.9,5,36864,137672
90,0.9,1,36864,76864
90,0.9,2,36864,117304
90,0.9,3,40960,121424
90,0.9,4,40960,131136
90,0.9,5,36864,121216
91,0.9,1,36864,112816
91,0.9,2,36864,84752
91,0.9,3,36864,140320
91,0.9,4,40960,159616
91,0.9,5,36864,140776
92,0.9,1,40960,113032
92,0.9,2,36864,92080
92,0.9,3,36864,167824
92,0.9,4,36864,121424
92,0.9,5,40960,162608
93,0.9,1,40960,213896
93,0.9,2,36864,185536
93,0.9,3,36864,148216
93,0.9,4,36864,92272
93,0.9,5,36864,114296
94,0.9,1,36864,140376
94,0.9,2,36864,121120
94,0.9,3,36864,65096
94,0.9,4,40960,94024
94,0.9,5,36864,115640
95,0.9,1,36864,117568
95,0.9,2,40960,79848
95,0.9,3,36864,97448
95,0.9,4,32768,74152
95,0.9,5,40960,168984
96,0.9,1,36864,88320
96,0.9,2,36864,82216
96,0.9,3,36864,72448
96,0.9,4,36864,115544
96,0.9,5,36864,64928
97,0.9,1,36864,76176
97,0.9,2,40960,150480
97,0.9,3,36864,98432
97,0.9,4,40960,209128
97,0.9,5,40960,119216
98,0.9,1,40960,104800
98,0.9,2,40960,118432
98,0.9,3,36864,61224
98,0.9,4,40960,205104
98,0.9,5,40960,116904
99,0.9,1,36864,109520
99,0.9,2,36864,68704
99,0.9,3,40960,218544
99,0.9,4,40960,176776
99,0.9,5,40960,90480
100,0.9,1,36864,95040
100,0.9,2,40960,159792
100,0.9,3,40960,97032
100,0.9,4,36864,108568
100,0.9,5,40960,103136
1,1.0,1,12288,16
1,1.0,2,12288,16
1,1.0,3,12288,16
1,1.0,4,12288,16
1,1.0,5,12288,16
2,1.0,1,12288,4496
2,1.0,2,12288,4504
2,1.0,3,12288,4544
2,1.0,4,12288,4840
2,1.0,5,12288,4536
3,1.0,1,12288,4976
3,1.0,2,12288,5416
3,1.0,3,12288,5272
3,1.0,4,12288,5056
3,1.0,5,12288,5504
4,1.0,1,12288,5544
4,1.0,2,12288,6984
4,1.0,3,12288,5360
4,1.0,4,12288,6080
4,1.0,5,12288,6008
5,1.0,1,12288,6216
5,1.0,2,12288,9544
5,1.0,3,12288,13232
5,1.0,4,12288,11904
5,1.0,5,12288,11264
6,1.0,1,12288,6904
6,1.0,2,12288,6816
6,1.0,3,12288,7832
6,1.0,4,12288,11032
6,1.0,5,12288,16280
7,1.0,1,12288,9632
7,1.0,2,12288,8472
7,1.0,3,12288,8920
7,1.0,4,12288,14048
7,1.0,5,12288,17816
8,1.0,1,12288,8024
8,1.0,2,12288,9776
8,1.0,3,12288,18120
8,1.0,4,12288,10208
8,1.0,5,12288,7640
9,1.0,1,12288,7976
9,1.0,2,12288,12544
9,1.0,3,12288,10408
9,1.0,4,12288,25328
9,1.0,5,12288,8624
10,1.0,1,12288,31808
10,1.0,2,12288,16648
10,1.0,3,12288,16360
10,1.0,4,12288,8688
10,1.0,5,12288,11464
11,1.0,1,12288,23488
11,1.0,2,12288,15888
11,1.0,3,12288,18792
11,1.0,4,12288,18240
11,1.0,5,12288,25912
12,1.0,1,12288,17472
12,1.0,2,12288,20984
12,1.0,3,12288,31968
12,1.0,4,12288,24704
12,1.0,5,12288,9464
13,1.0,1,12288,11504
13,1.0,2,12288,29624
13,1.0,3,12288,17632
13,1.0,4,12288,23000
13,1.0,5,12288,14896
14,1.0,1,12288,23504
14,1.0,2,12288,17512
14,1.0,3,12288,17152
14,1.0,4,12288,22376
14,1.0,5,12288,19024
15,1.0,1,12288,28392
15,1.0,2,12288,23048
15,1.0,3,12288,27680
15,1.0,4,12288,15408
15,1.0,5,12288,13816
16,1.0,1,12288,25224
16,1.0,2,12288,11616
16,1.0,3,20480,54400
16,1.0,4,12288,36688
16,1.0,5,12288,25712
17,1.0,1,12288,33536
17,1.0,2,12288,18416
17,1.0,3,20480,56936
17,1.0,4,20480,30704
17,1.0,5,12288,26096
18,1.0,1,12288,31152
18,1.0,2,12288,25184
18,1.0,3,12288,41736
18,1.0,4,20480,43080
18,1.0,5,12288,26040
19,1.0,1,12288,22272
19,1.0,2,20480,37184
19,1.0,3,12288,30968
19,1.0,4,12288,58288
19,1.0,5,20480,50976
20,1.0,1,12288,40528
20,1.0,2,20480,44288
20,1.0,3,20480,33504
20,1.0,4,12288,45808
20,1.0,5,20480,48576
21,1.0,1,20480,28720
21,1.0,2,20480,57184
21,1.0,3,20480,42456
21,1.0,4,20480,41760
21,1.0,5,20480,28984
22,1.0,1,20480,44824
22,1.0,2,20480,51472
22,1.0,3,12288,41696
22,1.0,4,20480,45232
22,1.0,5,20480,45280
23,1.0,1,20480,26784
23,1.0,2,20480,66192
23,1.0,3,20480,44032
23,1.0,4,20480,57360
23,1.0,5,20480,56944
24,1.0,1,20480,37976
24,1.0,2,20480,41512
24,1.0,3,20480,49312
24,1.0,4,20480,40688
24,1.0,5,20480,62840
25,1.0,1,20480,39408
25,1.0,2,20480,47392
25,1.0,3,20480,58192
25,1.0,4,20480,35184
25,1.0,5,20480,47168
26,1.0,1,20480,71624
26,1.0,2,20480,33432
26,1.0,3,20480,32880
26,1.0,4,20480,38272
26,1.0,5,20480,42904
27,1.0,1,20480,33976
27,1.0,2,20480,50480
27,1.0,3,20480,47856
27,1.0,4,20480,55760
27,1.0,5,20480,70272
28,1.0,1,20480,51480
28,1.0,2,20480,72504
28,1.0,3,20480,32600
28,1.0,4,20480,62904
28,1.0,5,20480,59744
29,1.0,1,20480,58776
29,1.0,2,20480,49848
29,1.0,3,20480,57224
29,1.0,4,20480,41440
29,1.0,5,20480,58032
30,1.0,1,20480,69872
30,1.0,2,20480,65760
30,1.0,3,20480,45064
30,1.0,4,20480,59968
30,1.0,5,20480,40288
31,1.0,1,20480,38952
31,1.0,2,20480,43072
31,1.0,3,20480,43464
31,1.0,4,20480,32368
31,1.0,5,20480,39680
32,1.0,1,24576,69504
32,1.0,2,20480,40648
32,1.0,3,20480,59680
32,1.0,4,20480,57984
32,1.0,5,20480,30392
33,1.0,1,20480,34816
33,1.0,2,24576,56872
33,1.0,3,20480,62288
33,1.0,4,20480,65280
33,1.0,5,20480,73120
34,1.0,1,20480,61240
34,1.0,2,20480,39920
34,1.0,3,24576,86152
34,1.0,4,20480,58320
34,1.0,5,20480,55624
35,1.0,1,20480,70048
35,1.0,2,24576,82856
35,1.0,3,20480,49056
35,1.0,4,20480,59464
35,1.0,5,24576,85248
36,1.0,1,24576,108416
36,1.0,2,20480,29560
36,1.0,3,24576,63048
36,1.0,4,20480,51888
36,1.0,5,24576,74656
37,1.0,1,24576,61048
37,1.0,2,24576,77336
37,1.0,3,20480,56080
37,1.0,4,24576,43264
37,1.0,5,20480,61992
38,1.0,1,24576,54920
38,1.0,2,24576,61216
38,1.0,3,24576,47024
38,1.0,4,24576,72048
38,1.0,5,20480,51872
39,1.0,1,24576,59496
39,1.0,2,24576,94288
39,1.0,3,24576,55680
39,1.0,4,20480,45408
39,1.0,5,24576,84912
40,1.0,1,24576,82624
40,1.0,2,24576,62264
40,1.0,3,24576,58984
40,1.0,4,24576,63368
40,1.0,5,24576,104496
41,1.0,1,24576,61776
41,1.0,2,24576,46488
41,1.0,3,24576,59272
41,1.0,4,24576,109216
41,1.0,5,20480,52160
42,1.0,1,24576,59496
42,1.0,2,24576,70848
42,1.0,3,24576,77352
42,1.0,4,24576,75320
42,1.0,5,24576,120848
43,1.0,1,24576,62840
43,1.0,2,24576,53728
43,1.0,3,24576,88888
43,1.0,4,24576,83696
43,1.0,5,24576,80064
44,1.0,1,24576,96760
44,1.0,2,24576,61536
44,1.0,3,24576,63448
44,1.0,4,24576,65704
44,1.0,5,24576,70056
45,1.0,1,24576,57896
45,1.0,2,24576,83024
45,1.0,3,24576,59072
45,1.0,4,24576,103208
45,1.0,5,24576,101464
46,1.0,1,24576,69112
46,1.0,2,24576,60840
46,1.0,3,20480,54208
46,1.0,4,24576,70688
46,1.0,5,24576,82952
47,1.0,1,24576,74376
47,1.0,2,24576,120216
47,1.0,3,24576,79192
47,1.0,4,24576,112824
47,1.0,5,24576,84472
48,1.0,1,24576,77472
48,1.0,2,24576,64320
48,1.0,3,24576,53808
48,1.0,4,24576,74104
48,1.0,5,24576,58952
49,1.0,1,24576,77128
49,1.0,2,24576,46224
49,1.0,3,24576,81848
49,1.0,4,24576,77608
49,1.0,5,28672,109536
50,1.0,1,24576,68904
50,1.0,2,24576,92576
50,1.0,3,24576,75864
50,1.0,4,24576,82936
50,1.0,5,28672,98944
51,1.0,1,28672,74096
51,1.0,2,24576,66656
51,1.0,3,28672,61936
51,1.0,4,24576,85096
51,1.0,5,28672,65600
52,1.0,1,24576,78000
52,1.0,2,28672,87184
52,1.0,3,24576,66072
52,1.0,4,24576,58568
52,1.0,5,24576,70096
53,1.0,1,24576,65472
53,1.0,2,24576,94048
53,1.0,3,28672,104776
53,1.0,4,24576,81368
53,1.0,5,24576,54784
54,1.0,1,24576,54280
54,1.0,2,28672,115016
54,1.0,3,28672,71888
54,1.0,4,28672,107968
54,1.0,5,24576,62536
55,1.0,1,24576,41336
55,1.0,2,28672,65456
55,1.0,3,24576,82544
55,1.0,4,28672,96376
55,1.0,5,24576,110840
56,1.0,1,28672,92720
56,1.0,2,28672,78048
56,1.0,3,24576,80880
56,1.0,4,28672,73448
56,1.0,5,28672,80864
57,1.0,1,28672,89584
57,1.0,2,28672,127272
57,1.0,3,28672,143424
57,1.0,4,24576,79200
57,1.0,5,24576,37488
58,1.0,1,28672,105440
58,1.0,2,24576,64888
58,1.0,3,28672,129376
58,1.0,4,28672,126352
58,1.0,5,28672,125992
59,1.0,1,28672,74080
59,1.0,2,32768,135176
59,1.0,3,32768,129080
59,1.0,4,28672,57128
59,1.0,5,24576,94416
60,1.0,1,28672,54904
60,1.0,2,28672,107024
60,1.0,3,28672,90520
60,1.0,4,28672,92272
60,1.0,5,28672,68376
61,1.0,1,28672,102880
61,1.0,2,28672,104632
61,1.0,3,28672,82272
61,1.0,4,32768,113576
61,1.0,5,28672,90064
62,1.0,1,28672,77584
62,1.0,2,28672,101816
62,1.0,3,32768,167472
62,1.0,4,28672,89184
62,1.0,5,28672,76016
63,1.0,1,28672,63312
63,1.0,2,28672,111920
63,1.0,3,28672,107816
63,1.0,4,28672,89984
63,1.0,5,28672,56896
64,1.0,1,28672,83936
64,1.0,2,28672,98728
64,1.0,3,28672,85688
64,1.0,4,28672,62184
64,1.0,5,28672,101648
65,1.0,1,28672,119912
65,1.0,2,28672,109376
65,1.0,3,28672,85576
65,1.0,4,28672,115624
65,1.0,5,28672,106200
66,1.0,1,28672,100312
66,1.0,2,28672,92960
66,1.0,3,28672,79440
66,1.0,4,28672,69744
66,1.0,5,32768,131400
67,1.0,1,28672,83192
67,1.0,2,32768,63128
67,1.0,3,32768,105848
67,1.0,4,28672,73896
67,1.0,5,28672,89832
68,1.0,1,28672,82728
68,1.0,2,28672,101256
68,1.0,3,28672,90128
68,1.0,4,28672,93728
68,1.0,5,32768,183024
69,1.0,1,28672,97144
69,1.0,2,28672,90680
69,1.0,3,28672,119936
69,1.0,4,32768,103784
69,1.0,5,28672,94456
70,1.0,1,32768,151208
70,1.0,2,32768,104816
70,1.0,3,32768,139632
70,1.0,4,32768,142512
70,1.0,5,28672,64064
71,1.0,1,32768,145416
71,1.0,2,32768,123472
71,1.0,3,28672,47376
71,1.0,4,32768,59304
71,1.0,5,32768,116528
72,1.0,1,32768,95992
72,1.0,2,32768,70960
72,1.0,3,32768,104072
72,1.0,4,32768,76392
72,1.0,5,32768,133664
73,1.0,1,32768,85936
73,1.0,2,32768,96928
73,1.0,3,32768,159408
73,1.0,4,36864,130080
73,1.0,5,32768,81976
74,1.0,1,32768,67368
74,1.0,2,32768,96264
74,1.0,3,28672,74096
74,1.0,4,32768,95264
74,1.0,5,32768,111640
75,1.0,1,32768,106568
75,1.0,2,28672,80256
75,1.0,3,32768,163760
75,1.0,4,32768,97936
75,1.0,5,32768,77352
76,1.0,1,32768,126560
76,1.0,2,32768,146008
76,1.0,3,32768,180320
76,1.0,4,32768,108896
76,1.0,5,36864,158728
77,1.0,1,36864,138200
77,1.0,2,32768,71120
77,1.0,3,32768,129192
77,1.0,4,32768,85288
77,1.0,5,36864,166152
78,1.0,1,32768,64016
78,1.0,2,36864,219080
78,1.0,3,32768,93840
78,1.0,4,32768,98368
78,1.0,5,32768,113456
79,1.0,1,36864,113456
79,1.0,2,32768,78120
79,1.0,3,32768,72608
79,1.0,4,32768,93936
79,1.0,5,32768,160952
80,1.0,1,32768,118312
80,1.0,2,32768,96592
80,1.0,3,32768,151472
80,1.0,4,32768,134024
80,1.0,5,36864,84928
81,1.0,1,36864,112568
81,1.0,2,32768,96096
81,1.0,3,32768,101408
81,1.0,4,36864,112336
81,1.0,5,36864,190856
82,1.0,1,36864,133640
82,1.0,2,32768,89392
82,1.0,3,32768,106912
82,1.0,4,32768,92112
82,1.0,5,36864,163536
83,1.0,1,36864,113400
83,1.0,2,32768,113120
83,1.0,3,36864,86856
83,1.0,4,32768,106464
83,1.0,5,36864,99040
84,1.0,1,32768,55744
84,1.0,2,36864,147736
84,1.0,3,36864,142960
84,1.0,4,36864,252872
84,1.0,5,32768,117848
85,1.0,1,36864,91848
85,1.0,2,36864,115128
85,1.0,3,36864,108096
85,1.0,4,32768,101264
85,1.0,5,32768,73456
86,1.0,1,32768,134512
86,1.0,2,36864,104008
86,1.0,3,36864,137920
86,1.0,4,32768,113200
86,1.0,5,32768,95520
87,1.0,1,36864,110952
87,1.0,2,36864,73648
87,1.0,3,36864,151496
87,1.0,4,36864,146136
87,1.0,5,32768,121040
88,1.0,1,36864,147312
88,1.0,2,36864,86992
88,1.0,3,36864,143992
88,1.0,4,32768,76504
88,1.0,5,36864,138184
89,1.0,1,36864,112632
89,1.0,2,40960,273512
89,1.0,3,36864,65320
89,1.0,4,36864,70808
89,1.0,5,36864,186016
90,1.0,1,40960,110656
90,1.0,2,40960,191648
90,1.0,3,36864,122688
90,1.0,4,40960,176032
90,1.0,5,36864,72288
91,1.0,1,40960,144272
91,1.0,2,36864,89152
91,1.0,3,36864,168696
91,1.0,4,36864,109664
91,1.0,5,36864,110424
92,1.0,1,36864,160560
92,1.0,2,36864,82544
92,1.0,3,36864,104736
92,1.0,4,40960,194264
92,1.0,5,36864,102824
93,1.0,1,36864,70088
93,1.0,2,40960,171480
93,1.0,3,36864,133720
93,1.0,4,36864,85776
93,1.0,5,40960,123824
94,1.0,1,36864,98616
94,1.0,2,36864,89880
94,1.0,3,40960,204448
94,1.0,4,36864,111424
94,1.0,5,40960,146232
95,1.0,1,36864,81304
95,1.0,2,36864,138024
95,1.0,3,36864,101128
95,1.0,4,36864,119448
95,1.0,5,36864,126752
96,1.0,1,40960,143168
96,1.0,2,36864,144720
96,1.0,3,40960,203368
96,1.0,4,40960,107464
96,1.0,5,36864,154624
97,1.0,1,40960,155640
97,1.0,2,40960,77816
97,1.0,3,36864,225400
97,1.0,4,40960,220032
97,1.0,5,40960,144864
98,1.0,1,36864,132280
98,1.0,2,40960,126328
98,1.0,3,36864,143688
98,1.0,4,36864,184848
98,1.0,5,40960,180280
99,1.0,1,36864,101760
99,1.0,2,36864,117576
99,1.0,3,40960,195976
99,1.0,4,40960,94736
99,1.0,5,36864,94248
100,1.0,1,40960,197120
100,1.0,2,40960,179984
100,1.0,3,40960,96312
100,1.0,4,40960,149672
100,1.0,5,45056,99056
